
== Validando ambiente Arch ==

== Obtendo sudo e mantendo sessão ativa ==

== Salvando cópia reutilizável do script ==

== Instalando pré-requisitos mínimos para auditoria/AUR/Flatpak ==
atenção: base-devel-1-2 está atualizado -- ignorando
atenção: git-2.54.0-1 está atualizado -- ignorando
atenção: curl-8.20.0-7 está atualizado -- ignorando
atenção: flatpak-1:1.16.6-1 está atualizado -- ignorando
nada para fazer

== Montando lista Mocha Gamer Essentials corrigida com ProtonPlus como principal ==

Item: Steam
Camada: PADRAO
Preferência: repo_then_aur_then_flatpak
Observação: Cliente Steam.
Status: já instalado via pacman: steam

Item: GameMode
Camada: PADRAO
Preferência: repo_then_aur_then_flatpak
Observação: Otimização por jogo.
Status: já instalado via pacman: gamemode

Item: GameMode 32-bit
Camada: PADRAO
Preferência: repo_then_aur_then_flatpak
Observação: Suporte 32-bit.
Status: já instalado via pacman: lib32-gamemode

Item: MangoHud
Camada: PADRAO
Preferência: repo_then_aur_then_flatpak
Observação: Overlay fundamental do Mocha.
Status: já instalado via pacman: mangohud

Item: MangoHud 32-bit
Camada: PADRAO
Preferência: repo_then_aur_then_flatpak
Observação: Suporte 32-bit.
Status: já instalado via pacman: lib32-mangohud

Item: GOverlay
Camada: PADRAO
Preferência: repo_then_aur_then_flatpak
Observação: Interface para MangoHud/vkBasalt/OptiScaler.

Item: Gamescope
Camada: DISPONIVEL_SEM_ATIVAR
Preferência: repo_then_aur_then_flatpak
Observação: Disponível, mas fora do wrapper oficial.

Item: Lutris
Camada: PADRAO
Preferência: repo_then_aur_then_flatpak
Observação: Launcher para jogos fora da Steam.

Item: Heroic Games Launcher
Camada: PADRAO
Preferência: repo_then_aur_then_flatpak
Observação: Launcher Epic/GOG/Amazon.

Item: ProtonPlus
Camada: PADRAO_PRINCIPAL
Preferência: repo_then_flatpak_then_aur
Observação: Gerenciador principal de Proton/Wine do Mocha.

Item: ProtonUp-Qt
Camada: ALTERNATIVA_DISPONIVEL
Preferência: repo_then_aur_then_flatpak
Observação: Alternativa madura; não é o principal.

Item: Protontricks
Camada: PADRAO
Preferência: repo_then_aur_then_flatpak
Observação: Correções por prefixo Proton.

Item: Winetricks
Camada: PADRAO
Preferência: repo_then_aur_then_flatpak
Observação: Correções Wine.

Item: umu-launcher
Camada: PADRAO_SE_DISPONIVEL
Preferência: repo_then_aur_then_flatpak
Observação: Camada Proton moderna para launchers.

Item: Vulkan Tools
Camada: PADRAO
Preferência: repo_then_aur_then_flatpak
Observação: Diagnóstico Vulkan.
Status: já instalado via pacman: vulkan-tools

Item: Mesa Utils
Camada: PADRAO
Preferência: repo_then_aur_then_flatpak
Observação: Diagnóstico OpenGL.
Status: já instalado via pacman: mesa-utils

Item: Piper
Camada: PADRAO
Preferência: repo_then_aur_then_flatpak
Observação: Mouse gamer.

Item: libratbag
Camada: PADRAO
Preferência: repo_then_aur_then_flatpak
Observação: Backend do Piper.

Item: Input Remapper
Camada: PADRAO
Preferência: repo_then_aur_then_flatpak
Observação: Mapeamento de mouse/teclado/controles.

Item: Oversteer
Camada: PADRAO
Preferência: repo_then_aur_then_flatpak
Observação: Volantes.

Item: AntiMicroX
Camada: DISPONIVEL
Preferência: repo_then_aur_then_flatpak
Observação: Mapeador de controle.

Item: jstest-gtk
Camada: DISPONIVEL
Preferência: repo_then_aur_then_flatpak
Observação: Teste/calibração de joystick.

Item: LACT
Camada: PADRAO
Preferência: repo_then_aur_then_flatpak
Observação: Controle de GPU disponível ao usuário; serviço não será ativado automaticamente.

Item: CoreCtrl
Camada: DISPONIVEL
Preferência: repo_then_aur_then_flatpak
Observação: Controle de GPU/perfis; não será configurado automaticamente.

Item: vkBasalt
Camada: DISPONIVEL_SEM_ATIVAR
Preferência: repo_then_aur_then_flatpak
Observação: Disponível ao usuário; fora do wrapper oficial.

Item: vkBasalt 32-bit
Camada: DISPONIVEL_SEM_ATIVAR
Preferência: repo_then_aur_then_flatpak
Observação: Suporte 32-bit se disponível.

Item: vkBasalt CLI
Camada: DISPONIVEL_SEM_ATIVAR
Preferência: repo_then_aur_then_flatpak
Observação: Ferramenta complementar se disponível.

Item: ReShade Shaders
Camada: DISPONIVEL_SEM_ATIVAR
Preferência: repo_then_aur_then_flatpak
Observação: Shaders opcionais.

Item: OBS Studio
Camada: PADRAO
Preferência: repo_then_aur_then_flatpak
Observação: Criação/streaming.

Item: OBS VkCapture
Camada: DISPONIVEL
Preferência: repo_then_aur_then_flatpak
Observação: Captura Vulkan/OpenGL quando disponível.

Item: GPU Screen Recorder
Camada: DISPONIVEL
Preferência: repo_then_aur_then_flatpak
Observação: Gravação leve.

Item: GPU Screen Recorder GTK
Camada: DISPONIVEL
Preferência: repo_then_aur_then_flatpak
Observação: Interface gráfica do gravador.

Item: Bottles
Camada: DISPONIVEL
Preferência: repo_then_aur_then_flatpak
Observação: Wine apps/jogos.

Item: Faugus Launcher
Camada: CANDIDATO_AUDITAR
Preferência: repo_then_aur_then_flatpak
Observação: Launcher candidato visto em distros gamer.

Item: Discover
Camada: PADRAO_SE_KDE
Preferência: repo_then_aur_then_flatpak
Observação: Central gráfica KDE.
Status: já instalado via pacman: discover

== Pacotes oficiais que serão instalados via pacman ==
antimicrox
corectrl
gamescope
goverlay
gpu-screen-recorder
lact
libratbag
lutris
obs-studio
piper
protontricks
umu-launcher
winetricks

== Instalando pacotes oficiais sem atualização geral do sistema ==
resolvendo dependências...
procurando pacotes conflitantes...

Pacotes (41) 7zip-26.01-1  botan-3.12.0-1  cabextract-1.11-2  gnome-desktop-1:44.5-1  gnome-desktop-common-1:44.5-1  libdatachannel-0.24.3-2  libjuice-1.7.2-1  mbedtls-3.6.5-1  python-beautifulsoup4-4.14.3-2  python-cbor2-6.1.1-1  python-distro-1.9.0-4  python-evdev-1.9.3-1  python-moddb-0.14.0-2  python-pyzstd-0.19.1-3  python-soupsieve-2.8.4-1  python-vdf-4.0-5  python-xlib-0.33-6  python-xxhash-3.7.0-1  python-yaml-6.0.3-2  qrcodegencpp-cmake-1.8.0-4  qt6pas-6.2.10-3  quazip-qt6-1.7.0-1  rnnoise-1:0.2-1  seatd-0.9.3-1  simde-0.8.2-1  uthash-2.3.0-3  wine-11.9-1  xcb-util-errors-1.0.1-2  antimicrox-3.6.1-1  corectrl-1.5.2-8  gamescope-3.16.24-1  goverlay-1.8.1-1  gpu-screen-recorder-5.13.8-1  lact-0.9.0-1  libratbag-0.18-1  lutris-0.5.22-1  obs-studio-32.1.2-4  piper-0.8-3  protontricks-1.14.1-1  umu-launcher-1.4.0-1  winetricks-20260125-2

Tamanho total download:   109,07 MiB
Tamanho total instalado:  722,79 MiB

:: Continuar a instalação? [S/n] 
:: Obtendo pacotes...
 wine-11.9-1-x86_64 sendo baixado...
 obs-studio-32.1.2-4-x86_64 sendo baixado...
 lact-0.9.0-1-x86_64 sendo baixado...
 botan-3.12.0-1-x86_64 sendo baixado...
 libratbag-0.18-1-x86_64 sendo baixado...
 goverlay-1.8.1-1-x86_64 sendo baixado...
 lutris-0.5.22-1-any sendo baixado...
 7zip-26.01-1-x86_64 sendo baixado...
 antimicrox-3.6.1-1-x86_64 sendo baixado...
 gamescope-3.16.24-1-x86_64 sendo baixado...
 rnnoise-1:0.2-1-x86_64 sendo baixado...
 mbedtls-3.6.5-1-x86_64 sendo baixado...
 libdatachannel-0.24.3-2-x86_64 sendo baixado...
 corectrl-1.5.2-8-x86_64 sendo baixado...
 qt6pas-6.2.10-3-x86_64 sendo baixado...
 simde-0.8.2-1-any sendo baixado...
 gnome-desktop-common-1:44.5-1-x86_64 sendo baixado...
 umu-launcher-1.4.0-1-x86_64 sendo baixado...
 python-cbor2-6.1.1-1-x86_64 sendo baixado...
 python-xlib-0.33-6-any sendo baixado...
 piper-0.8-3-any sendo baixado...
 python-beautifulsoup4-4.14.3-2-any sendo baixado...
 python-yaml-6.0.3-2-x86_64 sendo baixado...
 gpu-screen-recorder-5.13.8-1-x86_64 sendo baixado...
 winetricks-20260125-2-any sendo baixado...
 quazip-qt6-1.7.0-1-x86_64 sendo baixado...
 python-moddb-0.14.0-2-any sendo baixado...
 protontricks-1.14.1-1-any sendo baixado...
 python-evdev-1.9.3-1-x86_64 sendo baixado...
 gnome-desktop-1:44.5-1-x86_64 sendo baixado...
 python-soupsieve-2.8.4-1-any sendo baixado...
 libjuice-1.7.2-1-x86_64 sendo baixado...
 python-pyzstd-0.19.1-3-x86_64 sendo baixado...
 seatd-0.9.3-1-x86_64 sendo baixado...
 python-distro-1.9.0-4-any sendo baixado...
 cabextract-1.11-2-x86_64 sendo baixado...
 qrcodegencpp-cmake-1.8.0-4-x86_64 sendo baixado...
 python-vdf-4.0-5-any sendo baixado...
 uthash-2.3.0-3-any sendo baixado...
 python-xxhash-3.7.0-1-x86_64 sendo baixado...
 xcb-util-errors-1.0.1-2-x86_64 sendo baixado...
verificando chaveiro...
verificando integridade de pacotes...
carregando arquivos do pacote...
verificando conflitos de arquivos...
verificando espaço em disco disponível...
:: Processando alterações do pacote...
instalando antimicrox...
instalando quazip-qt6...
instalando botan...
Dependências opcionais para botan
    boost-libs: for the botan executable [instalado]
    python: for using botan2.py [instalado]
instalando corectrl...
Dependências opcionais para corectrl
    vulkan-tools: For vulkaninfo [instalado]
    mesa-utils: For glxinfo [instalado]
    util-linux: For lscpu [instalado]
instalando seatd...
instalando xcb-util-errors...
instalando gamescope...
instalando qt6pas...
instalando 7zip...
instalando goverlay...
Dependências opcionais para goverlay
    mesa-utils: OpenGL preview [instalado]
    vulkan-tools: Vulkan preview [instalado]
    vkbasalt: Configure vkBasalt
    git: Clone reshade repository [instalado]
instalando gpu-screen-recorder...
Dependências opcionais para gpu-screen-recorder
    nvidia-utils: Required to record your screen on NVIDIA [instalado]
    libxnvctrl: Required when using the -oc option to overclock the NVIDIA GPU to workaround NVIDIA p2 state bug [instalado]
    mesa: Required to record your screen on AMD/Intel [instalado]
    libva-mesa-driver: Required to record your screen on AMD [instalado]
    libva-intel-driver: Required to record your screen on Intel G45 and HD Graphics family
    intel-media-driver: Required to record your screen on Intel Broadwell or later iGPUs or Intel Arc
    linux-firmware-intel: Required to record your screen on Intel Skylake or later iGPUs [instalado]
instalando lact...
:: To be able to change settings in LACT, you need to enable the lactd service:
   sudo systemctl enable --now lactd
instalando python-evdev...
instalando libratbag...
Dependências opcionais para libratbag
    linux: Linux 5.2 is required for Logitech wireless devices [instalado]
instalando cabextract...
instalando gnome-desktop-common...
instalando gnome-desktop...
instalando python-distro...
instalando python-soupsieve...
instalando python-beautifulsoup4...
Dependências opcionais para python-beautifulsoup4
    python-cchardet: alternative to autodetect character encodings
    python-chardet: to autodetect character encodings
    python-lxml: alternative HTML parser [instalado]
    python-html5lib: alternative HTML parser
instalando python-moddb...
instalando python-yaml...
instalando lutris...
Dependências opcionais para lutris
    fluidsynth: For games that have MIDI music [instalado]
    gamemode: Allows games to request a temporary set of optimisations [instalado]
    gvfs: GVFS backend [instalado]
    innoextract: Extract Inno Setup installers
    libayatana-appindicator: tray icon support
    lib32-gamemode: Allows games to request a temporary set of optimisations [instalado]
    lib32-gnutls: Required to login to some game platforms (e.g. Ubisoft Connect, EA Origin and GOG) [instalado]
    lib32-mesa-libgl: OpenGL support [instalado]
    lib32-vkd3d: DirectX 12 support
    lib32-vulkan-icd-loader: Vulkan support [instalado]
    python-pefile: Display icons of Microsoft executable files
    python-protobuf: Battle.net support
    vkd3d: DirectX 12 support
    vulkan-icd-loader: Vulkan support [instalado]
    vulkan-tools: Vulkan support [instalado]
    wine: Windows support [pendente]
    winetricks: Use system winetricks [pendente]
    xorg-xgamma: Restore gamma on game exit [instalado]
    umu-launcher: For running games through Proton [pendente]
instalando mbedtls...
instalando rnnoise...
instalando libjuice...
instalando libdatachannel...
instalando uthash...
instalando simde...
instalando qrcodegencpp-cmake...
instalando obs-studio...
Dependências opcionais para obs-studio
    libfdk-aac: FDK AAC codec support [instalado]
    libva-intel-driver: hardware encoding for older Intel GPUs
    intel-media-driver: hardware encoding for recent Intel GPUs
    libva-mesa-driver: hardware encoding [instalado]
    luajit: scripting support [instalado]
    sndio: Sndio input client [instalado]
    v4l2loopback-dkms: virtual camera support
    xdg-desktop-portal-impl: Wayland window/screen capture [instalado]
    obs-studio-plugin-browser: CEF-based browser plugin
instalando piper...
instalando python-vdf...
instalando wine...
Run 'systemctl restart systemd-binfmt' in order to make the wine binfmt available on your system.
Dependências opcionais para wine
    alsa-lib [instalado]
    alsa-plugins [instalado]
    cups
    dosbox
    ffmpeg [instalado]
    gnutls [instalado]
    gst-plugins-bad [instalado]
    gst-plugins-base [instalado]
    gst-plugins-base-libs [instalado]
    gst-plugins-good [instalado]
    gst-plugins-ugly [instalado]
    gstreamer [instalado]
    libgphoto2 [instalado]
    libpulse [instalado]
    libusb [instalado]
    libxcomposite [instalado]
    libxinerama [instalado]
    opencl-icd-loader [instalado]
    pcsclite [instalado]
    perl [instalado]
    samba [instalado]
    sane [instalado]
    sdl2 [instalado]
    unixodbc
    v4l-utils [instalado]
    wine-gecko
    wine-mono
instalando winetricks...
Dependências opcionais para winetricks
    zenity: GUI for GNOME desktop [instalado]
    kdialog: GUI for KDE desktop [instalado]
instalando protontricks...
Dependências opcionais para protontricks
    yad: GUI for game selection
    zenity: GUI for winetricks [instalado]
instalando python-xlib...
instalando python-xxhash...
instalando python-pyzstd...
instalando python-cbor2...
instalando umu-launcher...
Dependências opcionais para umu-launcher
    python-truststore: Verify certificates using OS trust stores
:: Executando hooks pós-transação...
( 1/13) Creating system user accounts...
Creating group 'seat' with GID 951.
( 2/13) Registering binary formats...
( 3/13) Reloading system manager configuration...
( 4/13) Reloading user manager configuration...
( 5/13) Updating the MIME type database...
( 6/13) Reloading device manager configuration...
( 7/13) Arming ConditionNeedsUpdate...
( 8/13) Updating fontconfig configuration...
( 9/13) Reloading system bus configuration...
(10/13) Updating fontconfig cache...
(11/13) Updating 32-bit fontconfig cache...
(12/13) Updating icon theme caches...
(13/13) Updating the desktop file MIME type cache...

== Instalando Flatpaks agendados ==

== Garantindo Flathub ==

== Instalando Flatpak: com.vysp3r.ProtonPlus ==
Procurando por correspondências…
Runtime exigido para com.vysp3r.ProtonPlus/x86_64/stable (runtime/org.gnome.Platform/x86_64/50) localizado no remoto flathub

Permissões de com.vysp3r.ProtonPlus:
    ipc	network	fallback-x11	wayland
    x11	dri	file access [1]	dbus access [2]

    [1] host, xdg-run/gvfsd,
        ~/.var/app/com.heroicgameslauncher.hgl/config/heroic,
        ~/.var/app/com.usebottles.bottles/data/bottles,
        ~/.var/app/com.valvesoftware.Steam/data/Steam,
        ~/.var/app/io.github.fastrizwaan.WineZGUI/data/winezgui,
        ~/.var/app/net.lutris.Lutris/data/lutris
    [2] org.freedesktop.Flatpak, org.gtk.vfs.*


 1.	   	com.vysp3r.ProtonPlus.Locale	stable	i	flathub	< 149,7 kB (parcial)
 2.	   	org.gnome.Platform.Locale	50	i	flathub	< 386,0 MB (parcial)
 3.	   	org.gnome.Platform	50	i	flathub	< 408,4 MB
 4.	   	com.vysp3r.ProtonPlus	stable	i	flathub	< 1,6 MB


Instalando 1/4…
Instalando 1/4…                        0%  0 byte/s
Instalando 1/4… ████████████████████ 100%
Instalando 2/4…
Instalando 2/4…                        0%  0 byte/s
Instalando 2/4… ████████████████████ 100%
Instalando 3/4…
Instalando 3/4…                        0%  0 byte/s
Instalando 3/4… ██▍                   12%
Instalando 3/4… ████▍                 22%
Instalando 3/4… █████▍                27%  59,0 MB/s
Instalando 3/4… ██████████▊           54%  33,2 MB/s  00:03
Instalando 3/4… █████████████▌        68%  41,5 MB/s  00:01
Instalando 3/4… ███████████████▍      77%  48,1 MB/s  00:01
Instalando 3/4… █████████████████▍    87%  43,9 MB/s  00:00
Instalando 3/4… ███████████████████▍  97%  49,3 MB/s  00:00
Instalando 3/4… ████████████████████ 100%  50,8 MB/s  00:00
Instalando 3/4… ████████████████████ 100%  50,8 MB/s  00:00
Instalando 4/4…
Instalando 4/4…                        0%  0 byte/s
Instalando 4/4… ████████████████████ 100%
Instalação concluída.

== Instalando itens AUR permitidos, pacote a pacote, sem helper e sem atualização geral ==

== Clonando PKGBUILD AUR: bottles ==
Cloning into '/tmp/mocha-gamer-essentials-protonplus-20260530-102502/aur-bottles'...

== Instalando AUR pacote a pacote: bottles ==
==> Criando o pacote: bottles 2:63.2-1 (sáb 30 mai 2026 10:26:42)
==> Verificando as dependências de tempo de execução...
==> Instalando dependências não encontradas...
erro: alvo não encontrado: fvs2
erro: alvo não encontrado: patool
erro: alvo não encontrado: python-fvs
erro: alvo não encontrado: python-pathvalidate
erro: alvo não encontrado: python-steamgriddb
erro: alvo não encontrado: vkbasalt-cli
==> ERRO: "pacman" falhou em instalar dependências não encontradas.
==> Dependências faltando:
  -> fvs2
  -> gtksourceview5
  -> icoextract
  -> libportal-gtk4
  -> patool
  -> python-chardet
  -> python-fvs
  -> python-pathvalidate
  -> python-pycurl
  -> python-steamgriddb
  -> python-yara
  -> vkbasalt-cli
==> ERRO: Não foi possível resolver todas as dependências.
AVISO: Falha ao instalar AUR: bottles. Seguindo para os próximos itens.
AVISO: AUR não encontrado ou sem rede: faugus-launcher-bin

== Clonando PKGBUILD AUR: gpu-screen-recorder-gtk ==
Cloning into '/tmp/mocha-gamer-essentials-protonplus-20260530-102502/aur-gpu-screen-recorder-gtk'...

== Instalando AUR pacote a pacote: gpu-screen-recorder-gtk ==
==> Criando o pacote: gpu-screen-recorder-gtk 5.7.9-1 (sáb 30 mai 2026 10:29:17)
==> Verificando as dependências de tempo de execução...
==> Instalando dependências não encontradas...
resolvendo dependências...
procurando pacotes conflitantes...

Pacotes (5) ayatana-ido-0.10.4-1  libayatana-indicator-0.9.4-2  libdbusmenu-glib-18.10.20180917-1  libdbusmenu-gtk3-18.10.20180917-1  libayatana-appindicator-0.5.94-1

Tamanho total download:   0,28 MiB
Tamanho total instalado:  1,60 MiB

:: Continuar a instalação? [S/n] 
:: Obtendo pacotes...
 libdbusmenu-glib-18.10.20180917-1-x86_64 sendo baixado...
 ayatana-ido-0.10.4-1-x86_64 sendo baixado...
 libdbusmenu-gtk3-18.10.20180917-1-x86_64 sendo baixado...
 libayatana-appindicator-0.5.94-1-x86_64 sendo baixado...
 libayatana-indicator-0.9.4-2-x86_64 sendo baixado...
verificando chaveiro...
verificando integridade de pacotes...
carregando arquivos do pacote...
verificando conflitos de arquivos...
verificando espaço em disco disponível...
:: Processando alterações do pacote...
instalando ayatana-ido...
instalando libayatana-indicator...
instalando libdbusmenu-glib...
instalando libdbusmenu-gtk3...
instalando libayatana-appindicator...
:: Executando hooks pós-transação...
(1/1) Arming ConditionNeedsUpdate...
==> Verificando as dependências de tempo de compilação...
==> Obtendo fontes...
  -> Baixando gpu-screen-recorder-gtk-5.7.9.tar.gz...
  % Total    % Received % Xferd  Average Speed  Time    Time    Time   Current
                                 Dload  Upload  Total   Spent   Left   Speed
  0      0   0      0   0      0      0      0                              0100  74065 100  74065   0      0  44270      0   00:01   00:01              0100  74065 100  74065   0      0  44269      0   00:01   00:01              0100  74065 100  74065   0      0  44268      0   00:01   00:01              0
==> Validando source arquivos com sha512sums...
    gpu-screen-recorder-gtk-5.7.9.tar.gz ... Passou
==> Extraindo fontes...
  -> Extraindo gpu-screen-recorder-gtk-5.7.9.tar.gz com bsdtar
==> Iniciando build()...
 has no wrap files
+ exec meson setup --prefix /usr --libexecdir lib --sbindir bin --buildtype plain --auto-features enabled --wrap-mode nodownload -D b_pie=true -D python.bytecompile=1 build --buildtype=release -Dstrip=true
The Meson build system
Version: 1.11.1
Source dir: /tmp/mocha-gamer-essentials-protonplus-20260530-102502/aur-gpu-screen-recorder-gtk/src
Build dir: /tmp/mocha-gamer-essentials-protonplus-20260530-102502/aur-gpu-screen-recorder-gtk/src/build
Build type: native build
Project name: gpu-screen-recorder-gtk
Project version: 5.7.9
C compiler for the host machine: cc (gcc 16.1.1 "cc (GCC) 16.1.1 20260430")
C linker for the host machine: cc ld.bfd 2.46.0
C++ compiler for the host machine: c++ (gcc 16.1.1 "c++ (GCC) 16.1.1 20260430")
C++ linker for the host machine: c++ ld.bfd 2.46.0
Host machine cpu family: x86_64
Host machine cpu: x86_64
Found pkg-config: YES (/usr/bin/pkg-config) 2.5.1
Run-time dependency gtk+-3.0 found: YES 3.24.52
Run-time dependency x11 found: YES 1.8.13
Run-time dependency ayatana-appindicator3-0.1 found: YES 0.5.94
Program gtk4-update-icon-cache found: YES (/usr/bin/gtk4-update-icon-cache)
Program update-desktop-database found: YES (/usr/bin/update-desktop-database)
Build targets in project: 1

gpu-screen-recorder-gtk 5.7.9

  User defined options
    auto_features     : enabled
    b_pie             : true
    buildtype         : release
    libexecdir        : lib
    prefix            : /usr
    python.bytecompile: 1
    sbindir           : bin
    strip             : true
    wrap_mode         : nodownload

Found ninja-1.13.2 at /usr/bin/ninja
Generating targets:   0%|          | 0/1 eta ?                                              Writing build.ninja:   0%|          | 0/29 eta ?                                                ninja: Entering directory `/tmp/mocha-gamer-essentials-protonplus-20260530-102502/aur-gpu-screen-recorder-gtk/src/build'
[1/3] Compiling C object gpu-screen-recorder-gtk.p/src_global_shortcuts.c.o
[2/3] Compiling C++ object gpu-screen-recorder-gtk.p/src_main.cpp.o
../src/main.cpp: In function ‘void setup_systray(GtkApplication*)’:
../src/main.cpp:518:38: warning: ‘AppIndicator* app_indicator_new(const gchar*, const gchar*, AppIndicatorCategory)’ is deprecated [-Wdeprecated-declarations]
  518 |     app_indicator = app_indicator_new("com.dec05eba.gpu_screen_recorder", "", APP_INDICATOR_CATEGORY_APPLICATION_STATUS);
      |                     ~~~~~~~~~~~~~~~~~^~~~~~~~~~~~~~~~~~~~~~~~~~~~~~~~~~~~~~~~~~~~~~~~~~~~~~~~~~~~~~~~~~~~~~~~~~~~~~~~~~~
In file included from ../src/main.cpp:21:
/usr/include/libayatana-appindicator3-0.1/libayatana-appindicator/app-indicator.h:251:33: note: declared here
  251 | AppIndicator                   *app_indicator_new                (const gchar          *id,
      |                                 ^~~~~~~~~~~~~~~~~
../src/main.cpp: In function ‘std::vector<std::__cxx11::basic_string<char> > get_application_audio()’:
../src/main.cpp:568:30: warning: declaration of ‘application_audio’ shadows a global declaration [-Wshadow]
  568 |     std::vector<std::string> application_audio;
      |                              ^~~~~~~~~~~~~~~~~
../src/main.cpp:180:33: note: shadowed declaration is here
  180 | static std::vector<std::string> application_audio;
      |                                 ^~~~~~~~~~~~~~~~~
In file included from /usr/include/glib-2.0/gobject/gobject.h:30,
                 from /usr/include/glib-2.0/gobject/gbinding.h:31,
                 from /usr/include/glib-2.0/glib-object.h:24,
                 from /usr/include/glib-2.0/gio/gioenums.h:30,
                 from /usr/include/glib-2.0/gio/giotypes.h:30,
                 from /usr/include/glib-2.0/gio/gio.h:28,
                 from ../src/global_shortcuts.h:7,
                 from ../src/main.cpp:3:
../src/main.cpp: In lambda function:
../src/main.cpp:808:18: warning: declaration of ‘grid’ shadows a previous local [-Wshadow]
  808 |         GtkGrid *grid = (GtkGrid*)userdata;
      |                  ^~~~
/usr/include/glib-2.0/gobject/gsignal.h:549:60: note: in definition of macro ‘g_signal_connect’
  549 |     g_signal_connect_data ((instance), (detailed_signal), (c_handler), (data), NULL, (GConnectFlags) 0)
      |                                                            ^~~~~~~~~
../src/main.cpp:807:48: note: in expansion of macro ‘G_CALLBACK’
  807 |     g_signal_connect(remove_button, "clicked", G_CALLBACK(+[](GtkButton*, gpointer userdata){
      |                                                ^~~~~~~~~~
../src/main.cpp:776:14: note: shadowed declaration is here
  776 |     GtkGrid *grid = GTK_GRID(gtk_grid_new());
      |              ^~~~
../src/main.cpp: In lambda function:
../src/main.cpp:843:18: warning: declaration of ‘grid’ shadows a previous local [-Wshadow]
  843 |         GtkGrid *grid = (GtkGrid*)userdata;
      |                  ^~~~
/usr/include/glib-2.0/gobject/gsignal.h:549:60: note: in definition of macro ‘g_signal_connect’
  549 |     g_signal_connect_data ((instance), (detailed_signal), (c_handler), (data), NULL, (GConnectFlags) 0)
      |                                                            ^~~~~~~~~
../src/main.cpp:842:48: note: in expansion of macro ‘G_CALLBACK’
  842 |     g_signal_connect(remove_button, "clicked", G_CALLBACK(+[](GtkButton*, gpointer userdata){
      |                                                ^~~~~~~~~~
../src/main.cpp:817:14: note: shadowed declaration is here
  817 |     GtkGrid *grid = GTK_GRID(gtk_grid_new());
      |              ^~~~
../src/main.cpp: In lambda function:
../src/main.cpp:869:18: warning: declaration of ‘grid’ shadows a previous local [-Wshadow]
  869 |         GtkGrid *grid = (GtkGrid*)userdata;
      |                  ^~~~
/usr/include/glib-2.0/gobject/gsignal.h:549:60: note: in definition of macro ‘g_signal_connect’
  549 |     g_signal_connect_data ((instance), (detailed_signal), (c_handler), (data), NULL, (GConnectFlags) 0)
      |                                                            ^~~~~~~~~
../src/main.cpp:868:48: note: in expansion of macro ‘G_CALLBACK’
  868 |     g_signal_connect(remove_button, "clicked", G_CALLBACK(+[](GtkButton*, gpointer userdata){
      |                                                ^~~~~~~~~~
../src/main.cpp:852:14: note: shadowed declaration is here
  852 |     GtkGrid *grid = GTK_GRID(gtk_grid_new());
      |              ^~~~
../src/main.cpp: In lambda function:
../src/main.cpp:1580:98: warning: declaration of ‘void* userdata’ shadows a parameter [-Wshadow]
 1580 |     gtk_container_foreach(GTK_CONTAINER(audio_devices_items_box), [](GtkWidget *widget, gpointer userdata) {
      |                                                                                         ~~~~~~~~~^~~~~~~~
../src/main.cpp:1572:63: note: shadowed declaration is here
 1572 | static gboolean on_start_streaming_click(GtkButton*, gpointer userdata) {
      |                                                      ~~~~~~~~~^~~~~~~~
../src/main.cpp:1581:14: warning: declaration of ‘num_audio_tracks’ shadows a previous local [-Wshadow]
 1581 |         int &num_audio_tracks = *(int*)userdata;
      |              ^~~~~~~~~~~~~~~~
../src/main.cpp:1579:9: note: shadowed declaration is here
 1579 |     int num_audio_tracks = 0;
      |         ^~~~~~~~~~~~~~~~
../src/main.cpp: In lambda function:
../src/main.cpp:1694:30: warning: declaration of ‘audio_tracks_userdata’ shadows a previous local [-Wshadow]
 1694 |         AudioTracksUserdata &audio_tracks_userdata = *(AudioTracksUserdata*)userdata;
      |                              ^~~~~~~~~~~~~~~~~~~~~
../src/main.cpp:1687:25: note: shadowed declaration is here
 1687 |     AudioTracksUserdata audio_tracks_userdata {
      |                         ^~~~~~~~~~~~~~~~~~~~~
../src/main.cpp: In function ‘bool validate_window(GtkApplication*, Window)’:
../src/main.cpp:1791:57: warning: declaration of ‘window’ shadows a global declaration [-Wshadow]
 1791 | static bool validate_window(GtkApplication *app, Window window) {
      |                                                  ~~~~~~~^~~~~~
../src/main.cpp:51:19: note: shadowed declaration is here
   51 | static GtkWidget *window;
      |                   ^~~~~~
../src/main.cpp: In function ‘bool kms_server_proxy_setup_gsr_ui(const char*)’:
../src/main.cpp:2848:20: warning: declaration of ‘dialog’ shadows a previous local [-Wshadow]
 2848 |         GtkWidget *dialog = gtk_message_dialog_new(NULL, GTK_DIALOG_MODAL, GTK_MESSAGE_ERROR, GTK_BUTTONS_OK, "Failed to setup the new UI. You either cancelled the installation or you don't have pkexec installed and a polkit agent running.");
      |                    ^~~~~~
../src/main.cpp:2831:16: note: shadowed declaration is here
 2831 |     GtkWidget *dialog = gtk_message_dialog_new(NULL, GTK_DIALOG_MODAL, GTK_MESSAGE_QUESTION, GTK_BUTTONS_YES_NO, "%s", msg);
      |                ^~~~~~
../src/main.cpp: In function ‘gboolean on_click_switch_to_new_ui(GtkButton*, gpointer)’:
../src/main.cpp:2929:20: warning: declaration of ‘dialog’ shadows a previous local [-Wshadow]
 2929 |         GtkWidget *dialog = gtk_message_dialog_new(GTK_WINDOW(window), GTK_DIALOG_MODAL, GTK_MESSAGE_WARNING, GTK_BUTTONS_OK,
      |                    ^~~~~~
../src/main.cpp:2891:16: note: shadowed declaration is here
 2891 |     GtkWidget *dialog = gtk_message_dialog_new_with_markup(GTK_WINDOW(window), GTK_DIALOG_MODAL, GTK_MESSAGE_QUESTION, GTK_BUTTONS_YES_NO,
      |                ^~~~~~
../src/main.cpp: In function ‘const std::string* get_application_audio_by_name_case_insensitive(const std::vector<std::__cxx11::basic_string<char> >&, const std::string&)’:
../src/main.cpp:4085:106: warning: declaration of ‘application_audio’ shadows a global declaration [-Wshadow]
 4085 | static const std::string* get_application_audio_by_name_case_insensitive(const std::vector<std::string> &application_audio, const std::string &name) {
      |                                                                          ~~~~~~~~~~~~~~~~~~~~~~~~~~~~~~~~^~~~~~~~~~~~~~~~~
../src/main.cpp:180:33: note: shadowed declaration is here
  180 | static std::vector<std::string> application_audio;
      |                                 ^~~~~~~~~~~~~~~~~
../src/main.cpp: In function ‘int main(int, char**)’:
../src/main.cpp:4639:15: warning: ignoring return value of ‘int system(const char*)’ declared with attribute ‘warn_unused_result’ [-Wunused-result]
 4639 |         system("flatpak-spawn --host -- systemctl disable --user gpu-screen-recorder-ui");
      |         ~~~~~~^~~~~~~~~~~~~~~~~~~~~~~~~~~~~~~~~~~~~~~~~~~~~~~~~~~~~~~~~~~~~~~~~~~~~~~~~~~
../src/main.cpp:4640:15: warning: ignoring return value of ‘int system(const char*)’ declared with attribute ‘warn_unused_result’ [-Wunused-result]
 4640 |         system("flatpak-spawn --host -- systemctl stop --user gpu-screen-recorder-ui");
      |         ~~~~~~^~~~~~~~~~~~~~~~~~~~~~~~~~~~~~~~~~~~~~~~~~~~~~~~~~~~~~~~~~~~~~~~~~~~~~~~
[3/3] Linking target gpu-screen-recorder-gtk
INFO: autodetecting backend as ninja
INFO: calculating backend command to run: /usr/bin/ninja -C /tmp/mocha-gamer-essentials-protonplus-20260530-102502/aur-gpu-screen-recorder-gtk/src/build
==> Entrando no ambiente de fakeroot...
==> Iniciando package()...
ninja: Entering directory `/tmp/mocha-gamer-essentials-protonplus-20260530-102502/aur-gpu-screen-recorder-gtk/src/build'
ninja: no work to do.
Installing subdir /tmp/mocha-gamer-essentials-protonplus-20260530-102502/aur-gpu-screen-recorder-gtk/src/icons/hicolor to /tmp/mocha-gamer-essentials-protonplus-20260530-102502/aur-gpu-screen-recorder-gtk/pkg/gpu-screen-recorder-gtk/usr/share/icons/hicolor
Installing /tmp/mocha-gamer-essentials-protonplus-20260530-102502/aur-gpu-screen-recorder-gtk/src/icons/hicolor/64x64/status/com.dec05eba.gpu_screen_recorder.tray-recording.png to /tmp/mocha-gamer-essentials-protonplus-20260530-102502/aur-gpu-screen-recorder-gtk/pkg/gpu-screen-recorder-gtk/usr/share/icons/hicolor/64x64/status
Installing /tmp/mocha-gamer-essentials-protonplus-20260530-102502/aur-gpu-screen-recorder-gtk/src/icons/hicolor/64x64/status/com.dec05eba.gpu_screen_recorder.tray-paused.png to /tmp/mocha-gamer-essentials-protonplus-20260530-102502/aur-gpu-screen-recorder-gtk/pkg/gpu-screen-recorder-gtk/usr/share/icons/hicolor/64x64/status
Installing /tmp/mocha-gamer-essentials-protonplus-20260530-102502/aur-gpu-screen-recorder-gtk/src/icons/hicolor/64x64/status/com.dec05eba.gpu_screen_recorder.tray-idle.png to /tmp/mocha-gamer-essentials-protonplus-20260530-102502/aur-gpu-screen-recorder-gtk/pkg/gpu-screen-recorder-gtk/usr/share/icons/hicolor/64x64/status
Installing /tmp/mocha-gamer-essentials-protonplus-20260530-102502/aur-gpu-screen-recorder-gtk/src/icons/hicolor/64x64/apps/com.dec05eba.gpu_screen_recorder.png to /tmp/mocha-gamer-essentials-protonplus-20260530-102502/aur-gpu-screen-recorder-gtk/pkg/gpu-screen-recorder-gtk/usr/share/icons/hicolor/64x64/apps
Installing /tmp/mocha-gamer-essentials-protonplus-20260530-102502/aur-gpu-screen-recorder-gtk/src/icons/hicolor/32x32/status/com.dec05eba.gpu_screen_recorder.tray-recording.png to /tmp/mocha-gamer-essentials-protonplus-20260530-102502/aur-gpu-screen-recorder-gtk/pkg/gpu-screen-recorder-gtk/usr/share/icons/hicolor/32x32/status
Installing /tmp/mocha-gamer-essentials-protonplus-20260530-102502/aur-gpu-screen-recorder-gtk/src/icons/hicolor/32x32/status/com.dec05eba.gpu_screen_recorder.tray-paused.png to /tmp/mocha-gamer-essentials-protonplus-20260530-102502/aur-gpu-screen-recorder-gtk/pkg/gpu-screen-recorder-gtk/usr/share/icons/hicolor/32x32/status
Installing /tmp/mocha-gamer-essentials-protonplus-20260530-102502/aur-gpu-screen-recorder-gtk/src/icons/hicolor/32x32/status/com.dec05eba.gpu_screen_recorder.tray-idle.png to /tmp/mocha-gamer-essentials-protonplus-20260530-102502/aur-gpu-screen-recorder-gtk/pkg/gpu-screen-recorder-gtk/usr/share/icons/hicolor/32x32/status
Installing /tmp/mocha-gamer-essentials-protonplus-20260530-102502/aur-gpu-screen-recorder-gtk/src/icons/hicolor/32x32/apps/com.dec05eba.gpu_screen_recorder.png to /tmp/mocha-gamer-essentials-protonplus-20260530-102502/aur-gpu-screen-recorder-gtk/pkg/gpu-screen-recorder-gtk/usr/share/icons/hicolor/32x32/apps
Installing /tmp/mocha-gamer-essentials-protonplus-20260530-102502/aur-gpu-screen-recorder-gtk/src/icons/hicolor/128x128/status/com.dec05eba.gpu_screen_recorder.tray-recording.png to /tmp/mocha-gamer-essentials-protonplus-20260530-102502/aur-gpu-screen-recorder-gtk/pkg/gpu-screen-recorder-gtk/usr/share/icons/hicolor/128x128/status
Installing /tmp/mocha-gamer-essentials-protonplus-20260530-102502/aur-gpu-screen-recorder-gtk/src/icons/hicolor/128x128/status/com.dec05eba.gpu_screen_recorder.tray-paused.png to /tmp/mocha-gamer-essentials-protonplus-20260530-102502/aur-gpu-screen-recorder-gtk/pkg/gpu-screen-recorder-gtk/usr/share/icons/hicolor/128x128/status
Installing /tmp/mocha-gamer-essentials-protonplus-20260530-102502/aur-gpu-screen-recorder-gtk/src/icons/hicolor/128x128/status/com.dec05eba.gpu_screen_recorder.tray-idle.png to /tmp/mocha-gamer-essentials-protonplus-20260530-102502/aur-gpu-screen-recorder-gtk/pkg/gpu-screen-recorder-gtk/usr/share/icons/hicolor/128x128/status
Installing /tmp/mocha-gamer-essentials-protonplus-20260530-102502/aur-gpu-screen-recorder-gtk/src/icons/hicolor/128x128/apps/com.dec05eba.gpu_screen_recorder.png to /tmp/mocha-gamer-essentials-protonplus-20260530-102502/aur-gpu-screen-recorder-gtk/pkg/gpu-screen-recorder-gtk/usr/share/icons/hicolor/128x128/apps
Installing gpu-screen-recorder-gtk to /tmp/mocha-gamer-essentials-protonplus-20260530-102502/aur-gpu-screen-recorder-gtk/pkg/gpu-screen-recorder-gtk/usr/bin
Stripping target 'gpu-screen-recorder-gtk'.
Installing /tmp/mocha-gamer-essentials-protonplus-20260530-102502/aur-gpu-screen-recorder-gtk/src/com.dec05eba.gpu_screen_recorder.desktop to /tmp/mocha-gamer-essentials-protonplus-20260530-102502/aur-gpu-screen-recorder-gtk/pkg/gpu-screen-recorder-gtk/usr/share/applications
Skipping custom install script because DESTDIR is set '/usr/bin/gtk4-update-icon-cache -q -t -f /usr/share/icons/hicolor'
Skipping custom install script because DESTDIR is set '/usr/bin/update-desktop-database -q /usr/share/applications'
==> Organizando a instalação...
  -> Removendo arquivos libtool...
  -> Removendo arquivos de biblioteca estática...
  -> Expurgando arquivos indesejados...
  -> Removendo símbolos desnecessários dos executáveis e bibliotecas...
Error while writing index for `/tmp/mocha-gamer-essentials-protonplus-20260530-102502/aur-gpu-screen-recorder-gtk/pkg/gpu-screen-recorder-gtk/usr/bin/gpu-screen-recorder-gtk': No debugging symbols
gdb-add-index: No index was created for ./usr/bin/gpu-screen-recorder-gtk
gdb-add-index: [Was there no debuginfo? Was there already an index?]
  -> Comprimindo páginas de man e info...
==> Verificando problemas de empacotamento...
==> Criando o pacote "gpu-screen-recorder-gtk"...
  -> Gerando o arquivo .PKGINFO...
  -> Gerando o arquivo .BUILDINFO...
  -> Gerando o arquivo .MTREE ...
  -> Compactando o pacote...
==> Criando o pacote "gpu-screen-recorder-gtk-debug"...
  -> Gerando o arquivo .PKGINFO...
  -> Gerando o arquivo .BUILDINFO...
  -> Gerando o arquivo .MTREE ...
  -> Compactando o pacote...
==> Saindo do ambiente de fakeroot.
==> Compilação concluída: gpu-screen-recorder-gtk 5.7.9-1 (sáb 30 mai 2026 10:29:35)
==> Instalando pacote gpu-screen-recorder-gtk com pacman -U...
carregando pacotes...
resolvendo dependências...
procurando pacotes conflitantes...

Pacotes (2) gpu-screen-recorder-gtk-5.7.9-1  gpu-screen-recorder-gtk-debug-5.7.9-1

Tamanho total instalado:  0,27 MiB

:: Continuar a instalação? [S/n] 
verificando chaveiro...
verificando integridade de pacotes...
carregando arquivos do pacote...
verificando conflitos de arquivos...
verificando espaço em disco disponível...
:: Processando alterações do pacote...
instalando gpu-screen-recorder-gtk...
instalando gpu-screen-recorder-gtk-debug...
:: Executando hooks pós-transação...
(1/3) Arming ConditionNeedsUpdate...
(2/3) Updating icon theme caches...
(3/3) Updating the desktop file MIME type cache...

== Clonando PKGBUILD AUR: heroic-games-launcher-bin ==
Cloning into '/tmp/mocha-gamer-essentials-protonplus-20260530-102502/aur-heroic-games-launcher-bin'...

== Instalando AUR pacote a pacote: heroic-games-launcher-bin ==
==> Criando o pacote: heroic-games-launcher-bin 2.22.0-1 (sáb 30 mai 2026 10:29:43)
==> Verificando as dependências de tempo de execução...
==> Verificando as dependências de tempo de compilação...
==> Obtendo fontes...
  -> Baixando Heroic-2.22.0-linux-x64.pacman...
  % Total    % Received % Xferd  Average Speed  Time    Time    Time   Current
                                 Dload  Upload  Total   Spent   Left   Speed
  0      0   0      0   0      0      0      0                              0  0      0   0      0   0      0      0      0                              0  0      0   0      0   0      0      0      0                              0
  0      0   0      0   0      0      0      0                              0 43 125.5M  43 54.32M   0      0 41.93M      0   00:02   00:01   00:01 54.37M100 125.5M 100 125.5M   0      0 55.85M      0   00:02   00:02         54.37M100 125.5M 100 125.5M   0      0 55.85M      0   00:02   00:02         54.37M100 125.5M 100 125.5M   0      0 55.84M      0   00:02   00:02         54.37M
==> Validando source arquivos com sha256sums...
    Heroic-2.22.0-linux-x64.pacman ... Passou
==> Extraindo fontes...
==> Entrando no ambiente de fakeroot...
==> Iniciando package()...
usr/
usr/share/
usr/share/applications/
usr/share/applications/heroic.desktop
usr/share/icons/
usr/share/icons/hicolor/
usr/share/icons/hicolor/16x16/
usr/share/icons/hicolor/16x16/apps/
usr/share/icons/hicolor/16x16/apps/heroic.png
usr/share/icons/hicolor/256x256/
usr/share/icons/hicolor/256x256/apps/
usr/share/icons/hicolor/256x256/apps/heroic.png
usr/share/icons/hicolor/512x512/
usr/share/icons/hicolor/512x512/apps/
usr/share/icons/hicolor/512x512/apps/heroic.png
usr/share/icons/hicolor/128x128/
usr/share/icons/hicolor/128x128/apps/
usr/share/icons/hicolor/128x128/apps/heroic.png
usr/share/icons/hicolor/64x64/
usr/share/icons/hicolor/64x64/apps/
usr/share/icons/hicolor/64x64/apps/heroic.png
usr/share/icons/hicolor/1024x1024/
usr/share/icons/hicolor/1024x1024/apps/
usr/share/icons/hicolor/1024x1024/apps/heroic.png
usr/share/icons/hicolor/48x48/
usr/share/icons/hicolor/48x48/apps/
usr/share/icons/hicolor/48x48/apps/heroic.png
usr/share/icons/hicolor/32x32/
usr/share/icons/hicolor/32x32/apps/
usr/share/icons/hicolor/32x32/apps/heroic.png
opt/
opt/Heroic/
opt/Heroic/locales/
opt/Heroic/locales/ca.pak
opt/Heroic/locales/hu.pak
opt/Heroic/locales/sr.pak
opt/Heroic/locales/cs.pak
opt/Heroic/locales/bg.pak
opt/Heroic/locales/pt-BR.pak
opt/Heroic/locales/ml.pak
opt/Heroic/locales/fa.pak
opt/Heroic/locales/hi.pak
opt/Heroic/locales/es-419.pak
opt/Heroic/locales/hr.pak
opt/Heroic/locales/fi.pak
opt/Heroic/locales/af.pak
opt/Heroic/locales/uk.pak
opt/Heroic/locales/da.pak
opt/Heroic/locales/ko.pak
opt/Heroic/locales/pt-PT.pak
opt/Heroic/locales/pl.pak
opt/Heroic/locales/ta.pak
opt/Heroic/locales/vi.pak
opt/Heroic/locales/el.pak
opt/Heroic/locales/tr.pak
opt/Heroic/locales/id.pak
opt/Heroic/locales/et.pak
opt/Heroic/locales/zh-CN.pak
opt/Heroic/locales/sl.pak
opt/Heroic/locales/bn.pak
opt/Heroic/locales/sk.pak
opt/Heroic/locales/ar.pak
opt/Heroic/locales/fil.pak
opt/Heroic/locales/en-GB.pak
opt/Heroic/locales/lt.pak
opt/Heroic/locales/mr.pak
opt/Heroic/locales/it.pak
opt/Heroic/locales/kn.pak
opt/Heroic/locales/ru.pak
opt/Heroic/locales/fr.pak
opt/Heroic/locales/en-US.pak
opt/Heroic/locales/sw.pak
opt/Heroic/locales/gu.pak
opt/Heroic/locales/ms.pak
opt/Heroic/locales/he.pak
opt/Heroic/locales/zh-TW.pak
opt/Heroic/locales/nl.pak
opt/Heroic/locales/lv.pak
opt/Heroic/locales/te.pak
opt/Heroic/locales/th.pak
opt/Heroic/locales/am.pak
opt/Heroic/locales/ur.pak
opt/Heroic/locales/ro.pak
opt/Heroic/locales/ja.pak
opt/Heroic/locales/es.pak
opt/Heroic/locales/de.pak
opt/Heroic/locales/sv.pak
opt/Heroic/locales/nb.pak
opt/Heroic/LICENSE.electron.txt
opt/Heroic/chrome_100_percent.pak
opt/Heroic/resources/
opt/Heroic/resources/package-type
opt/Heroic/resources/apparmor-profile
opt/Heroic/resources/app-update.yml
opt/Heroic/resources/app.asar.unpacked/
opt/Heroic/resources/app.asar.unpacked/build/
opt/Heroic/resources/app.asar.unpacked/build/icon-light.png
opt/Heroic/resources/app.asar.unpacked/build/mac-icon.icns
opt/Heroic/resources/app.asar.unpacked/build/icon.icns
opt/Heroic/resources/app.asar.unpacked/build/bin/
opt/Heroic/resources/app.asar.unpacked/build/bin/x64/
opt/Heroic/resources/app.asar.unpacked/build/bin/x64/linux/
opt/Heroic/resources/app.asar.unpacked/build/bin/x64/linux/legendary
opt/Heroic/resources/app.asar.unpacked/build/bin/x64/linux/nile
opt/Heroic/resources/app.asar.unpacked/build/bin/x64/linux/comet
opt/Heroic/resources/app.asar.unpacked/build/bin/x64/linux/vulkan-helper
opt/Heroic/resources/app.asar.unpacked/build/bin/x64/linux/gogdl
opt/Heroic/resources/app.asar.unpacked/build/bin/x64/win32/
opt/Heroic/resources/app.asar.unpacked/build/bin/x64/win32/GalaxyCommunication.exe
opt/Heroic/resources/app.asar.unpacked/build/bin/x64/win32/EpicGamesLauncher.exe
opt/Heroic/resources/app.asar.unpacked/build/win_icon.ico
opt/Heroic/resources/app.asar.unpacked/build/icon-dark.png
opt/Heroic/resources/app.asar.unpacked/build/icon.png
opt/Heroic/resources/app.asar
opt/Heroic/v8_context_snapshot.bin
opt/Heroic/snapshot_blob.bin
opt/Heroic/heroic
opt/Heroic/resources.pak
opt/Heroic/libffmpeg.so
opt/Heroic/vk_swiftshader_icd.json
opt/Heroic/libGLESv2.so
opt/Heroic/chrome-sandbox
opt/Heroic/LICENSES.chromium.html
opt/Heroic/libvk_swiftshader.so
opt/Heroic/chrome_200_percent.pak
opt/Heroic/libvulkan.so.1
opt/Heroic/chrome_crashpad_handler
opt/Heroic/icudtl.dat
opt/Heroic/libEGL.so
==> Organizando a instalação...
  -> Removendo arquivos libtool...
  -> Removendo arquivos de biblioteca estática...
  -> Expurgando arquivos indesejados...
  -> Copiando arquivos fonte necessários para símbolos de depuração...
  -> Comprimindo páginas de man e info...
==> Verificando problemas de empacotamento...
==> Criando o pacote "heroic-games-launcher-bin"...
  -> Gerando o arquivo .PKGINFO...
  -> Gerando o arquivo .BUILDINFO...
  -> Gerando o arquivo .MTREE ...
  -> Compactando o pacote...
==> Saindo do ambiente de fakeroot.
==> Compilação concluída: heroic-games-launcher-bin 2.22.0-1 (sáb 30 mai 2026 10:29:50)
==> Instalando pacote heroic-games-launcher-bin com pacman -U...
carregando pacotes...
resolvendo dependências...
procurando pacotes conflitantes...

Pacotes (1) heroic-games-launcher-bin-2.22.0-1

Tamanho total instalado:  434,32 MiB

:: Continuar a instalação? [S/n] 
verificando chaveiro...
verificando integridade de pacotes...
carregando arquivos do pacote...
verificando conflitos de arquivos...
verificando espaço em disco disponível...
:: Processando alterações do pacote...
instalando heroic-games-launcher-bin...
:: Executando hooks pós-transação...
(1/3) Arming ConditionNeedsUpdate...
(2/3) Updating icon theme caches...
(3/3) Updating the desktop file MIME type cache...

== Clonando PKGBUILD AUR: input-remapper ==
Cloning into '/tmp/mocha-gamer-essentials-protonplus-20260530-102502/aur-input-remapper'...

== Instalando AUR pacote a pacote: input-remapper ==
==> Criando o pacote: input-remapper 2.2.0-1 (sáb 30 mai 2026 10:29:59)
==> Verificando as dependências de tempo de execução...
==> Instalando dependências não encontradas...
resolvendo dependências...
procurando pacotes conflitantes...

Pacotes (3) gtksourceview4-4.8.4-2  python-dasbus-1.7-5  python-pydbus-0.6.0-13

Tamanho total download:   1,08 MiB
Tamanho total instalado:  8,14 MiB

:: Continuar a instalação? [S/n] 
:: Obtendo pacotes...
 gtksourceview4-4.8.4-2-x86_64 sendo baixado...
 python-dasbus-1.7-5-any sendo baixado...
 python-pydbus-0.6.0-13-any sendo baixado...
verificando chaveiro...
verificando integridade de pacotes...
carregando arquivos do pacote...
verificando conflitos de arquivos...
verificando espaço em disco disponível...
:: Processando alterações do pacote...
instalando gtksourceview4...
instalando python-dasbus...
instalando python-pydbus...
:: Executando hooks pós-transação...
(1/1) Arming ConditionNeedsUpdate...
==> Verificando as dependências de tempo de compilação...
==> Obtendo fontes...
  -> Baixando input-remapper-2.2.0.tar.gz...
  % Total    % Received % Xferd  Average Speed  Time    Time    Time   Current
                                 Dload  Upload  Total   Spent   Left   Speed
  0      0   0      0   0      0      0      0                              0  0      0   0      0   0      0      0      0                              0  0      0   0      0   0      0      0      0                              0
  0      0   0      0   0      0      0      0                              0100 690.2k   0 690.2k   0      0  1.03M      0                              0100 690.2k   0 690.2k   0      0  1.03M      0                              0100 690.2k   0 690.2k   0      0  1.03M      0                              0
==> Validando source arquivos com sha256sums...
    input-remapper-2.2.0.tar.gz ... Passou
==> Extraindo fontes...
  -> Extraindo input-remapper-2.2.0.tar.gz com bsdtar
==> Iniciando build()...
running build
running build_py
creating build/lib/inputremapper
copying inputremapper/utils.py -> build/lib/inputremapper
copying inputremapper/user.py -> build/lib/inputremapper
copying inputremapper/input_event.py -> build/lib/inputremapper
copying inputremapper/groups.py -> build/lib/inputremapper
copying inputremapper/exceptions.py -> build/lib/inputremapper
copying inputremapper/daemon.py -> build/lib/inputremapper
copying inputremapper/__init__.py -> build/lib/inputremapper
creating build/lib/inputremapper/logging
copying inputremapper/logging/logger.py -> build/lib/inputremapper/logging
copying inputremapper/logging/formatter.py -> build/lib/inputremapper/logging
copying inputremapper/logging/__init__.py -> build/lib/inputremapper/logging
creating build/lib/inputremapper/ipc
copying inputremapper/ipc/socket.py -> build/lib/inputremapper/ipc
copying inputremapper/ipc/shared_dict.py -> build/lib/inputremapper/ipc
copying inputremapper/ipc/pipe.py -> build/lib/inputremapper/ipc
copying inputremapper/ipc/__init__.py -> build/lib/inputremapper/ipc
creating build/lib/inputremapper/injection
copying inputremapper/injection/numlock.py -> build/lib/inputremapper/injection
copying inputremapper/injection/injector.py -> build/lib/inputremapper/injection
copying inputremapper/injection/global_uinputs.py -> build/lib/inputremapper/injection
copying inputremapper/injection/event_reader.py -> build/lib/inputremapper/injection
copying inputremapper/injection/context.py -> build/lib/inputremapper/injection
copying inputremapper/injection/__init__.py -> build/lib/inputremapper/injection
creating build/lib/inputremapper/injection/mapping_handlers
copying inputremapper/injection/mapping_handlers/rel_to_rel_handler.py -> build/lib/inputremapper/injection/mapping_handlers
copying inputremapper/injection/mapping_handlers/rel_to_btn_handler.py -> build/lib/inputremapper/injection/mapping_handlers
copying inputremapper/injection/mapping_handlers/rel_to_abs_handler.py -> build/lib/inputremapper/injection/mapping_handlers
copying inputremapper/injection/mapping_handlers/null_handler.py -> build/lib/inputremapper/injection/mapping_handlers
copying inputremapper/injection/mapping_handlers/mapping_parser.py -> build/lib/inputremapper/injection/mapping_handlers
copying inputremapper/injection/mapping_handlers/mapping_handler.py -> build/lib/inputremapper/injection/mapping_handlers
copying inputremapper/injection/mapping_handlers/macro_handler.py -> build/lib/inputremapper/injection/mapping_handlers
copying inputremapper/injection/mapping_handlers/key_handler.py -> build/lib/inputremapper/injection/mapping_handlers
copying inputremapper/injection/mapping_handlers/hierarchy_handler.py -> build/lib/inputremapper/injection/mapping_handlers
copying inputremapper/injection/mapping_handlers/combination_handler.py -> build/lib/inputremapper/injection/mapping_handlers
copying inputremapper/injection/mapping_handlers/axis_transform.py -> build/lib/inputremapper/injection/mapping_handlers
copying inputremapper/injection/mapping_handlers/axis_switch_handler.py -> build/lib/inputremapper/injection/mapping_handlers
copying inputremapper/injection/mapping_handlers/abs_to_rel_handler.py -> build/lib/inputremapper/injection/mapping_handlers
copying inputremapper/injection/mapping_handlers/abs_to_btn_handler.py -> build/lib/inputremapper/injection/mapping_handlers
copying inputremapper/injection/mapping_handlers/abs_to_abs_handler.py -> build/lib/inputremapper/injection/mapping_handlers
copying inputremapper/injection/mapping_handlers/__init__.py -> build/lib/inputremapper/injection/mapping_handlers
creating build/lib/inputremapper/injection/macros
copying inputremapper/injection/macros/variable.py -> build/lib/inputremapper/injection/macros
copying inputremapper/injection/macros/task.py -> build/lib/inputremapper/injection/macros
copying inputremapper/injection/macros/raw_value.py -> build/lib/inputremapper/injection/macros
copying inputremapper/injection/macros/parse.py -> build/lib/inputremapper/injection/macros
copying inputremapper/injection/macros/macro.py -> build/lib/inputremapper/injection/macros
copying inputremapper/injection/macros/argument.py -> build/lib/inputremapper/injection/macros
copying inputremapper/injection/macros/__init__.py -> build/lib/inputremapper/injection/macros
creating build/lib/inputremapper/injection/macros/tasks
copying inputremapper/injection/macros/tasks/wheel.py -> build/lib/inputremapper/injection/macros/tasks
copying inputremapper/injection/macros/tasks/wait.py -> build/lib/inputremapper/injection/macros/tasks
copying inputremapper/injection/macros/tasks/util.py -> build/lib/inputremapper/injection/macros/tasks
copying inputremapper/injection/macros/tasks/toggle.py -> build/lib/inputremapper/injection/macros/tasks
copying inputremapper/injection/macros/tasks/set.py -> build/lib/inputremapper/injection/macros/tasks
copying inputremapper/injection/macros/tasks/repeat.py -> build/lib/inputremapper/injection/macros/tasks
copying inputremapper/injection/macros/tasks/parallel.py -> build/lib/inputremapper/injection/macros/tasks
copying inputremapper/injection/macros/tasks/mouse_xy.py -> build/lib/inputremapper/injection/macros/tasks
copying inputremapper/injection/macros/tasks/mouse.py -> build/lib/inputremapper/injection/macros/tasks
copying inputremapper/injection/macros/tasks/modify.py -> build/lib/inputremapper/injection/macros/tasks
copying inputremapper/injection/macros/tasks/mod_tap.py -> build/lib/inputremapper/injection/macros/tasks
copying inputremapper/injection/macros/tasks/key_up.py -> build/lib/inputremapper/injection/macros/tasks
copying inputremapper/injection/macros/tasks/key_down.py -> build/lib/inputremapper/injection/macros/tasks
copying inputremapper/injection/macros/tasks/key.py -> build/lib/inputremapper/injection/macros/tasks
copying inputremapper/injection/macros/tasks/ifeq.py -> build/lib/inputremapper/injection/macros/tasks
copying inputremapper/injection/macros/tasks/if_tap.py -> build/lib/inputremapper/injection/macros/tasks
copying inputremapper/injection/macros/tasks/if_single.py -> build/lib/inputremapper/injection/macros/tasks
copying inputremapper/injection/macros/tasks/if_led.py -> build/lib/inputremapper/injection/macros/tasks
copying inputremapper/injection/macros/tasks/if_eq.py -> build/lib/inputremapper/injection/macros/tasks
copying inputremapper/injection/macros/tasks/hold_keys.py -> build/lib/inputremapper/injection/macros/tasks
copying inputremapper/injection/macros/tasks/hold.py -> build/lib/inputremapper/injection/macros/tasks
copying inputremapper/injection/macros/tasks/event.py -> build/lib/inputremapper/injection/macros/tasks
copying inputremapper/injection/macros/tasks/add.py -> build/lib/inputremapper/injection/macros/tasks
copying inputremapper/injection/macros/tasks/__init__.py -> build/lib/inputremapper/injection/macros/tasks
creating build/lib/inputremapper/gui
copying inputremapper/gui/utils.py -> build/lib/inputremapper/gui
copying inputremapper/gui/user_interface.py -> build/lib/inputremapper/gui
copying inputremapper/gui/reader_service.py -> build/lib/inputremapper/gui
copying inputremapper/gui/reader_client.py -> build/lib/inputremapper/gui
copying inputremapper/gui/gettext.py -> build/lib/inputremapper/gui
copying inputremapper/gui/data_manager.py -> build/lib/inputremapper/gui
copying inputremapper/gui/controller.py -> build/lib/inputremapper/gui
copying inputremapper/gui/autocompletion.py -> build/lib/inputremapper/gui
copying inputremapper/gui/__init__.py -> build/lib/inputremapper/gui
creating build/lib/inputremapper/gui/messages
copying inputremapper/gui/messages/message_types.py -> build/lib/inputremapper/gui/messages
copying inputremapper/gui/messages/message_data.py -> build/lib/inputremapper/gui/messages
copying inputremapper/gui/messages/message_broker.py -> build/lib/inputremapper/gui/messages
copying inputremapper/gui/messages/__init__.py -> build/lib/inputremapper/gui/messages
creating build/lib/inputremapper/gui/components
copying inputremapper/gui/components/presets.py -> build/lib/inputremapper/gui/components
copying inputremapper/gui/components/output_type_names.py -> build/lib/inputremapper/gui/components
copying inputremapper/gui/components/main.py -> build/lib/inputremapper/gui/components
copying inputremapper/gui/components/editor.py -> build/lib/inputremapper/gui/components
copying inputremapper/gui/components/device_groups.py -> build/lib/inputremapper/gui/components
copying inputremapper/gui/components/common.py -> build/lib/inputremapper/gui/components
copying inputremapper/gui/components/__init__.py -> build/lib/inputremapper/gui/components
creating build/lib/inputremapper/configs
copying inputremapper/configs/validation_errors.py -> build/lib/inputremapper/configs
copying inputremapper/configs/preset.py -> build/lib/inputremapper/configs
copying inputremapper/configs/paths.py -> build/lib/inputremapper/configs
copying inputremapper/configs/migrations.py -> build/lib/inputremapper/configs
copying inputremapper/configs/mapping.py -> build/lib/inputremapper/configs
copying inputremapper/configs/keyboard_layout.py -> build/lib/inputremapper/configs
copying inputremapper/configs/input_config.py -> build/lib/inputremapper/configs
copying inputremapper/configs/global_config.py -> build/lib/inputremapper/configs
copying inputremapper/configs/data.py -> build/lib/inputremapper/configs
copying inputremapper/configs/__init__.py -> build/lib/inputremapper/configs
creating build/lib/inputremapper/bin
copying inputremapper/bin/process_utils.py -> build/lib/inputremapper/bin
copying inputremapper/bin/input_remapper_service.py -> build/lib/inputremapper/bin
copying inputremapper/bin/input_remapper_reader_service.py -> build/lib/inputremapper/bin
copying inputremapper/bin/input_remapper_gtk.py -> build/lib/inputremapper/bin
copying inputremapper/bin/input_remapper_control.py -> build/lib/inputremapper/bin
copying inputremapper/bin/__init__.py -> build/lib/inputremapper/bin
running egg_info
creating input_remapper.egg-info
writing input_remapper.egg-info/PKG-INFO
writing dependency_links to input_remapper.egg-info/dependency_links.txt
writing requirements to input_remapper.egg-info/requires.txt
writing top-level names to input_remapper.egg-info/top_level.txt
writing manifest file 'input_remapper.egg-info/SOURCES.txt'
reading manifest file 'input_remapper.egg-info/SOURCES.txt'
adding license file 'LICENSE'
writing manifest file 'input_remapper.egg-info/SOURCES.txt'
==> Entrando no ambiente de fakeroot...
==> Iniciando package()...
running install
/usr/lib/python3.14/site-packages/setuptools/_distutils/cmd.py:90: SetuptoolsDeprecationWarning: setup.py install is deprecated.
!!

        ********************************************************************************
        Please avoid running ``setup.py`` directly.
        Instead, use pypa/build, pypa/installer or other
        standards-based tools.

        This deprecation is overdue, please update your project and remove deprecated
        calls to avoid build errors in the future.

        See https://blog.ganssle.io/articles/2021/10/setup-py-deprecated.html for details.
        ********************************************************************************

!!
  self.initialize_options()
generating translation for zh_CN
generating translation for zh
generating translation for uk_UA
generating translation for uk
generating translation for sk_SK
generating translation for sk
generating translation for ru_RU
generating translation for ru
generating translation for pt_BR
generating translation for pt
generating translation for it_IT
generating translation for it
generating translation for fr_FR
generating translation for fr
running build
running build_py
running egg_info
writing input_remapper.egg-info/PKG-INFO
writing dependency_links to input_remapper.egg-info/dependency_links.txt
writing requirements to input_remapper.egg-info/requires.txt
writing top-level names to input_remapper.egg-info/top_level.txt
reading manifest file 'input_remapper.egg-info/SOURCES.txt'
adding license file 'LICENSE'
writing manifest file 'input_remapper.egg-info/SOURCES.txt'
running install_lib
creating /tmp/mocha-gamer-essentials-protonplus-20260530-102502/aur-input-remapper/pkg/input-remapper/usr/lib/python3.14/site-packages
creating /tmp/mocha-gamer-essentials-protonplus-20260530-102502/aur-input-remapper/pkg/input-remapper/usr/lib/python3.14/site-packages/inputremapper
copying build/lib/inputremapper/commit_hash.py -> /tmp/mocha-gamer-essentials-protonplus-20260530-102502/aur-input-remapper/pkg/input-remapper/usr/lib/python3.14/site-packages/inputremapper
creating /tmp/mocha-gamer-essentials-protonplus-20260530-102502/aur-input-remapper/pkg/input-remapper/usr/lib/python3.14/site-packages/inputremapper/bin
copying build/lib/inputremapper/bin/__init__.py -> /tmp/mocha-gamer-essentials-protonplus-20260530-102502/aur-input-remapper/pkg/input-remapper/usr/lib/python3.14/site-packages/inputremapper/bin
copying build/lib/inputremapper/bin/input_remapper_control.py -> /tmp/mocha-gamer-essentials-protonplus-20260530-102502/aur-input-remapper/pkg/input-remapper/usr/lib/python3.14/site-packages/inputremapper/bin
copying build/lib/inputremapper/bin/input_remapper_gtk.py -> /tmp/mocha-gamer-essentials-protonplus-20260530-102502/aur-input-remapper/pkg/input-remapper/usr/lib/python3.14/site-packages/inputremapper/bin
copying build/lib/inputremapper/bin/input_remapper_reader_service.py -> /tmp/mocha-gamer-essentials-protonplus-20260530-102502/aur-input-remapper/pkg/input-remapper/usr/lib/python3.14/site-packages/inputremapper/bin
copying build/lib/inputremapper/bin/input_remapper_service.py -> /tmp/mocha-gamer-essentials-protonplus-20260530-102502/aur-input-remapper/pkg/input-remapper/usr/lib/python3.14/site-packages/inputremapper/bin
copying build/lib/inputremapper/bin/process_utils.py -> /tmp/mocha-gamer-essentials-protonplus-20260530-102502/aur-input-remapper/pkg/input-remapper/usr/lib/python3.14/site-packages/inputremapper/bin
creating /tmp/mocha-gamer-essentials-protonplus-20260530-102502/aur-input-remapper/pkg/input-remapper/usr/lib/python3.14/site-packages/inputremapper/configs
copying build/lib/inputremapper/configs/__init__.py -> /tmp/mocha-gamer-essentials-protonplus-20260530-102502/aur-input-remapper/pkg/input-remapper/usr/lib/python3.14/site-packages/inputremapper/configs
copying build/lib/inputremapper/configs/data.py -> /tmp/mocha-gamer-essentials-protonplus-20260530-102502/aur-input-remapper/pkg/input-remapper/usr/lib/python3.14/site-packages/inputremapper/configs
copying build/lib/inputremapper/configs/global_config.py -> /tmp/mocha-gamer-essentials-protonplus-20260530-102502/aur-input-remapper/pkg/input-remapper/usr/lib/python3.14/site-packages/inputremapper/configs
copying build/lib/inputremapper/configs/input_config.py -> /tmp/mocha-gamer-essentials-protonplus-20260530-102502/aur-input-remapper/pkg/input-remapper/usr/lib/python3.14/site-packages/inputremapper/configs
copying build/lib/inputremapper/configs/keyboard_layout.py -> /tmp/mocha-gamer-essentials-protonplus-20260530-102502/aur-input-remapper/pkg/input-remapper/usr/lib/python3.14/site-packages/inputremapper/configs
copying build/lib/inputremapper/configs/mapping.py -> /tmp/mocha-gamer-essentials-protonplus-20260530-102502/aur-input-remapper/pkg/input-remapper/usr/lib/python3.14/site-packages/inputremapper/configs
copying build/lib/inputremapper/configs/migrations.py -> /tmp/mocha-gamer-essentials-protonplus-20260530-102502/aur-input-remapper/pkg/input-remapper/usr/lib/python3.14/site-packages/inputremapper/configs
copying build/lib/inputremapper/configs/paths.py -> /tmp/mocha-gamer-essentials-protonplus-20260530-102502/aur-input-remapper/pkg/input-remapper/usr/lib/python3.14/site-packages/inputremapper/configs
copying build/lib/inputremapper/configs/preset.py -> /tmp/mocha-gamer-essentials-protonplus-20260530-102502/aur-input-remapper/pkg/input-remapper/usr/lib/python3.14/site-packages/inputremapper/configs
copying build/lib/inputremapper/configs/validation_errors.py -> /tmp/mocha-gamer-essentials-protonplus-20260530-102502/aur-input-remapper/pkg/input-remapper/usr/lib/python3.14/site-packages/inputremapper/configs
creating /tmp/mocha-gamer-essentials-protonplus-20260530-102502/aur-input-remapper/pkg/input-remapper/usr/lib/python3.14/site-packages/inputremapper/gui
creating /tmp/mocha-gamer-essentials-protonplus-20260530-102502/aur-input-remapper/pkg/input-remapper/usr/lib/python3.14/site-packages/inputremapper/gui/components
copying build/lib/inputremapper/gui/components/__init__.py -> /tmp/mocha-gamer-essentials-protonplus-20260530-102502/aur-input-remapper/pkg/input-remapper/usr/lib/python3.14/site-packages/inputremapper/gui/components
copying build/lib/inputremapper/gui/components/common.py -> /tmp/mocha-gamer-essentials-protonplus-20260530-102502/aur-input-remapper/pkg/input-remapper/usr/lib/python3.14/site-packages/inputremapper/gui/components
copying build/lib/inputremapper/gui/components/device_groups.py -> /tmp/mocha-gamer-essentials-protonplus-20260530-102502/aur-input-remapper/pkg/input-remapper/usr/lib/python3.14/site-packages/inputremapper/gui/components
copying build/lib/inputremapper/gui/components/editor.py -> /tmp/mocha-gamer-essentials-protonplus-20260530-102502/aur-input-remapper/pkg/input-remapper/usr/lib/python3.14/site-packages/inputremapper/gui/components
copying build/lib/inputremapper/gui/components/main.py -> /tmp/mocha-gamer-essentials-protonplus-20260530-102502/aur-input-remapper/pkg/input-remapper/usr/lib/python3.14/site-packages/inputremapper/gui/components
copying build/lib/inputremapper/gui/components/output_type_names.py -> /tmp/mocha-gamer-essentials-protonplus-20260530-102502/aur-input-remapper/pkg/input-remapper/usr/lib/python3.14/site-packages/inputremapper/gui/components
copying build/lib/inputremapper/gui/components/presets.py -> /tmp/mocha-gamer-essentials-protonplus-20260530-102502/aur-input-remapper/pkg/input-remapper/usr/lib/python3.14/site-packages/inputremapper/gui/components
creating /tmp/mocha-gamer-essentials-protonplus-20260530-102502/aur-input-remapper/pkg/input-remapper/usr/lib/python3.14/site-packages/inputremapper/gui/messages
copying build/lib/inputremapper/gui/messages/__init__.py -> /tmp/mocha-gamer-essentials-protonplus-20260530-102502/aur-input-remapper/pkg/input-remapper/usr/lib/python3.14/site-packages/inputremapper/gui/messages
copying build/lib/inputremapper/gui/messages/message_broker.py -> /tmp/mocha-gamer-essentials-protonplus-20260530-102502/aur-input-remapper/pkg/input-remapper/usr/lib/python3.14/site-packages/inputremapper/gui/messages
copying build/lib/inputremapper/gui/messages/message_data.py -> /tmp/mocha-gamer-essentials-protonplus-20260530-102502/aur-input-remapper/pkg/input-remapper/usr/lib/python3.14/site-packages/inputremapper/gui/messages
copying build/lib/inputremapper/gui/messages/message_types.py -> /tmp/mocha-gamer-essentials-protonplus-20260530-102502/aur-input-remapper/pkg/input-remapper/usr/lib/python3.14/site-packages/inputremapper/gui/messages
copying build/lib/inputremapper/gui/__init__.py -> /tmp/mocha-gamer-essentials-protonplus-20260530-102502/aur-input-remapper/pkg/input-remapper/usr/lib/python3.14/site-packages/inputremapper/gui
copying build/lib/inputremapper/gui/autocompletion.py -> /tmp/mocha-gamer-essentials-protonplus-20260530-102502/aur-input-remapper/pkg/input-remapper/usr/lib/python3.14/site-packages/inputremapper/gui
copying build/lib/inputremapper/gui/controller.py -> /tmp/mocha-gamer-essentials-protonplus-20260530-102502/aur-input-remapper/pkg/input-remapper/usr/lib/python3.14/site-packages/inputremapper/gui
copying build/lib/inputremapper/gui/data_manager.py -> /tmp/mocha-gamer-essentials-protonplus-20260530-102502/aur-input-remapper/pkg/input-remapper/usr/lib/python3.14/site-packages/inputremapper/gui
copying build/lib/inputremapper/gui/gettext.py -> /tmp/mocha-gamer-essentials-protonplus-20260530-102502/aur-input-remapper/pkg/input-remapper/usr/lib/python3.14/site-packages/inputremapper/gui
copying build/lib/inputremapper/gui/reader_client.py -> /tmp/mocha-gamer-essentials-protonplus-20260530-102502/aur-input-remapper/pkg/input-remapper/usr/lib/python3.14/site-packages/inputremapper/gui
copying build/lib/inputremapper/gui/reader_service.py -> /tmp/mocha-gamer-essentials-protonplus-20260530-102502/aur-input-remapper/pkg/input-remapper/usr/lib/python3.14/site-packages/inputremapper/gui
copying build/lib/inputremapper/gui/user_interface.py -> /tmp/mocha-gamer-essentials-protonplus-20260530-102502/aur-input-remapper/pkg/input-remapper/usr/lib/python3.14/site-packages/inputremapper/gui
copying build/lib/inputremapper/gui/utils.py -> /tmp/mocha-gamer-essentials-protonplus-20260530-102502/aur-input-remapper/pkg/input-remapper/usr/lib/python3.14/site-packages/inputremapper/gui
creating /tmp/mocha-gamer-essentials-protonplus-20260530-102502/aur-input-remapper/pkg/input-remapper/usr/lib/python3.14/site-packages/inputremapper/injection
creating /tmp/mocha-gamer-essentials-protonplus-20260530-102502/aur-input-remapper/pkg/input-remapper/usr/lib/python3.14/site-packages/inputremapper/injection/macros
creating /tmp/mocha-gamer-essentials-protonplus-20260530-102502/aur-input-remapper/pkg/input-remapper/usr/lib/python3.14/site-packages/inputremapper/injection/macros/tasks
copying build/lib/inputremapper/injection/macros/tasks/__init__.py -> /tmp/mocha-gamer-essentials-protonplus-20260530-102502/aur-input-remapper/pkg/input-remapper/usr/lib/python3.14/site-packages/inputremapper/injection/macros/tasks
copying build/lib/inputremapper/injection/macros/tasks/add.py -> /tmp/mocha-gamer-essentials-protonplus-20260530-102502/aur-input-remapper/pkg/input-remapper/usr/lib/python3.14/site-packages/inputremapper/injection/macros/tasks
copying build/lib/inputremapper/injection/macros/tasks/event.py -> /tmp/mocha-gamer-essentials-protonplus-20260530-102502/aur-input-remapper/pkg/input-remapper/usr/lib/python3.14/site-packages/inputremapper/injection/macros/tasks
copying build/lib/inputremapper/injection/macros/tasks/hold.py -> /tmp/mocha-gamer-essentials-protonplus-20260530-102502/aur-input-remapper/pkg/input-remapper/usr/lib/python3.14/site-packages/inputremapper/injection/macros/tasks
copying build/lib/inputremapper/injection/macros/tasks/hold_keys.py -> /tmp/mocha-gamer-essentials-protonplus-20260530-102502/aur-input-remapper/pkg/input-remapper/usr/lib/python3.14/site-packages/inputremapper/injection/macros/tasks
copying build/lib/inputremapper/injection/macros/tasks/if_eq.py -> /tmp/mocha-gamer-essentials-protonplus-20260530-102502/aur-input-remapper/pkg/input-remapper/usr/lib/python3.14/site-packages/inputremapper/injection/macros/tasks
copying build/lib/inputremapper/injection/macros/tasks/if_led.py -> /tmp/mocha-gamer-essentials-protonplus-20260530-102502/aur-input-remapper/pkg/input-remapper/usr/lib/python3.14/site-packages/inputremapper/injection/macros/tasks
copying build/lib/inputremapper/injection/macros/tasks/if_single.py -> /tmp/mocha-gamer-essentials-protonplus-20260530-102502/aur-input-remapper/pkg/input-remapper/usr/lib/python3.14/site-packages/inputremapper/injection/macros/tasks
copying build/lib/inputremapper/injection/macros/tasks/if_tap.py -> /tmp/mocha-gamer-essentials-protonplus-20260530-102502/aur-input-remapper/pkg/input-remapper/usr/lib/python3.14/site-packages/inputremapper/injection/macros/tasks
copying build/lib/inputremapper/injection/macros/tasks/ifeq.py -> /tmp/mocha-gamer-essentials-protonplus-20260530-102502/aur-input-remapper/pkg/input-remapper/usr/lib/python3.14/site-packages/inputremapper/injection/macros/tasks
copying build/lib/inputremapper/injection/macros/tasks/key.py -> /tmp/mocha-gamer-essentials-protonplus-20260530-102502/aur-input-remapper/pkg/input-remapper/usr/lib/python3.14/site-packages/inputremapper/injection/macros/tasks
copying build/lib/inputremapper/injection/macros/tasks/key_down.py -> /tmp/mocha-gamer-essentials-protonplus-20260530-102502/aur-input-remapper/pkg/input-remapper/usr/lib/python3.14/site-packages/inputremapper/injection/macros/tasks
copying build/lib/inputremapper/injection/macros/tasks/key_up.py -> /tmp/mocha-gamer-essentials-protonplus-20260530-102502/aur-input-remapper/pkg/input-remapper/usr/lib/python3.14/site-packages/inputremapper/injection/macros/tasks
copying build/lib/inputremapper/injection/macros/tasks/mod_tap.py -> /tmp/mocha-gamer-essentials-protonplus-20260530-102502/aur-input-remapper/pkg/input-remapper/usr/lib/python3.14/site-packages/inputremapper/injection/macros/tasks
copying build/lib/inputremapper/injection/macros/tasks/modify.py -> /tmp/mocha-gamer-essentials-protonplus-20260530-102502/aur-input-remapper/pkg/input-remapper/usr/lib/python3.14/site-packages/inputremapper/injection/macros/tasks
copying build/lib/inputremapper/injection/macros/tasks/mouse.py -> /tmp/mocha-gamer-essentials-protonplus-20260530-102502/aur-input-remapper/pkg/input-remapper/usr/lib/python3.14/site-packages/inputremapper/injection/macros/tasks
copying build/lib/inputremapper/injection/macros/tasks/mouse_xy.py -> /tmp/mocha-gamer-essentials-protonplus-20260530-102502/aur-input-remapper/pkg/input-remapper/usr/lib/python3.14/site-packages/inputremapper/injection/macros/tasks
copying build/lib/inputremapper/injection/macros/tasks/parallel.py -> /tmp/mocha-gamer-essentials-protonplus-20260530-102502/aur-input-remapper/pkg/input-remapper/usr/lib/python3.14/site-packages/inputremapper/injection/macros/tasks
copying build/lib/inputremapper/injection/macros/tasks/repeat.py -> /tmp/mocha-gamer-essentials-protonplus-20260530-102502/aur-input-remapper/pkg/input-remapper/usr/lib/python3.14/site-packages/inputremapper/injection/macros/tasks
copying build/lib/inputremapper/injection/macros/tasks/set.py -> /tmp/mocha-gamer-essentials-protonplus-20260530-102502/aur-input-remapper/pkg/input-remapper/usr/lib/python3.14/site-packages/inputremapper/injection/macros/tasks
copying build/lib/inputremapper/injection/macros/tasks/toggle.py -> /tmp/mocha-gamer-essentials-protonplus-20260530-102502/aur-input-remapper/pkg/input-remapper/usr/lib/python3.14/site-packages/inputremapper/injection/macros/tasks
copying build/lib/inputremapper/injection/macros/tasks/util.py -> /tmp/mocha-gamer-essentials-protonplus-20260530-102502/aur-input-remapper/pkg/input-remapper/usr/lib/python3.14/site-packages/inputremapper/injection/macros/tasks
copying build/lib/inputremapper/injection/macros/tasks/wait.py -> /tmp/mocha-gamer-essentials-protonplus-20260530-102502/aur-input-remapper/pkg/input-remapper/usr/lib/python3.14/site-packages/inputremapper/injection/macros/tasks
copying build/lib/inputremapper/injection/macros/tasks/wheel.py -> /tmp/mocha-gamer-essentials-protonplus-20260530-102502/aur-input-remapper/pkg/input-remapper/usr/lib/python3.14/site-packages/inputremapper/injection/macros/tasks
copying build/lib/inputremapper/injection/macros/__init__.py -> /tmp/mocha-gamer-essentials-protonplus-20260530-102502/aur-input-remapper/pkg/input-remapper/usr/lib/python3.14/site-packages/inputremapper/injection/macros
copying build/lib/inputremapper/injection/macros/argument.py -> /tmp/mocha-gamer-essentials-protonplus-20260530-102502/aur-input-remapper/pkg/input-remapper/usr/lib/python3.14/site-packages/inputremapper/injection/macros
copying build/lib/inputremapper/injection/macros/macro.py -> /tmp/mocha-gamer-essentials-protonplus-20260530-102502/aur-input-remapper/pkg/input-remapper/usr/lib/python3.14/site-packages/inputremapper/injection/macros
copying build/lib/inputremapper/injection/macros/parse.py -> /tmp/mocha-gamer-essentials-protonplus-20260530-102502/aur-input-remapper/pkg/input-remapper/usr/lib/python3.14/site-packages/inputremapper/injection/macros
copying build/lib/inputremapper/injection/macros/raw_value.py -> /tmp/mocha-gamer-essentials-protonplus-20260530-102502/aur-input-remapper/pkg/input-remapper/usr/lib/python3.14/site-packages/inputremapper/injection/macros
copying build/lib/inputremapper/injection/macros/task.py -> /tmp/mocha-gamer-essentials-protonplus-20260530-102502/aur-input-remapper/pkg/input-remapper/usr/lib/python3.14/site-packages/inputremapper/injection/macros
copying build/lib/inputremapper/injection/macros/variable.py -> /tmp/mocha-gamer-essentials-protonplus-20260530-102502/aur-input-remapper/pkg/input-remapper/usr/lib/python3.14/site-packages/inputremapper/injection/macros
creating /tmp/mocha-gamer-essentials-protonplus-20260530-102502/aur-input-remapper/pkg/input-remapper/usr/lib/python3.14/site-packages/inputremapper/injection/mapping_handlers
copying build/lib/inputremapper/injection/mapping_handlers/__init__.py -> /tmp/mocha-gamer-essentials-protonplus-20260530-102502/aur-input-remapper/pkg/input-remapper/usr/lib/python3.14/site-packages/inputremapper/injection/mapping_handlers
copying build/lib/inputremapper/injection/mapping_handlers/abs_to_abs_handler.py -> /tmp/mocha-gamer-essentials-protonplus-20260530-102502/aur-input-remapper/pkg/input-remapper/usr/lib/python3.14/site-packages/inputremapper/injection/mapping_handlers
copying build/lib/inputremapper/injection/mapping_handlers/abs_to_btn_handler.py -> /tmp/mocha-gamer-essentials-protonplus-20260530-102502/aur-input-remapper/pkg/input-remapper/usr/lib/python3.14/site-packages/inputremapper/injection/mapping_handlers
copying build/lib/inputremapper/injection/mapping_handlers/abs_to_rel_handler.py -> /tmp/mocha-gamer-essentials-protonplus-20260530-102502/aur-input-remapper/pkg/input-remapper/usr/lib/python3.14/site-packages/inputremapper/injection/mapping_handlers
copying build/lib/inputremapper/injection/mapping_handlers/axis_switch_handler.py -> /tmp/mocha-gamer-essentials-protonplus-20260530-102502/aur-input-remapper/pkg/input-remapper/usr/lib/python3.14/site-packages/inputremapper/injection/mapping_handlers
copying build/lib/inputremapper/injection/mapping_handlers/axis_transform.py -> /tmp/mocha-gamer-essentials-protonplus-20260530-102502/aur-input-remapper/pkg/input-remapper/usr/lib/python3.14/site-packages/inputremapper/injection/mapping_handlers
copying build/lib/inputremapper/injection/mapping_handlers/combination_handler.py -> /tmp/mocha-gamer-essentials-protonplus-20260530-102502/aur-input-remapper/pkg/input-remapper/usr/lib/python3.14/site-packages/inputremapper/injection/mapping_handlers
copying build/lib/inputremapper/injection/mapping_handlers/hierarchy_handler.py -> /tmp/mocha-gamer-essentials-protonplus-20260530-102502/aur-input-remapper/pkg/input-remapper/usr/lib/python3.14/site-packages/inputremapper/injection/mapping_handlers
copying build/lib/inputremapper/injection/mapping_handlers/key_handler.py -> /tmp/mocha-gamer-essentials-protonplus-20260530-102502/aur-input-remapper/pkg/input-remapper/usr/lib/python3.14/site-packages/inputremapper/injection/mapping_handlers
copying build/lib/inputremapper/injection/mapping_handlers/macro_handler.py -> /tmp/mocha-gamer-essentials-protonplus-20260530-102502/aur-input-remapper/pkg/input-remapper/usr/lib/python3.14/site-packages/inputremapper/injection/mapping_handlers
copying build/lib/inputremapper/injection/mapping_handlers/mapping_handler.py -> /tmp/mocha-gamer-essentials-protonplus-20260530-102502/aur-input-remapper/pkg/input-remapper/usr/lib/python3.14/site-packages/inputremapper/injection/mapping_handlers
copying build/lib/inputremapper/injection/mapping_handlers/mapping_parser.py -> /tmp/mocha-gamer-essentials-protonplus-20260530-102502/aur-input-remapper/pkg/input-remapper/usr/lib/python3.14/site-packages/inputremapper/injection/mapping_handlers
copying build/lib/inputremapper/injection/mapping_handlers/null_handler.py -> /tmp/mocha-gamer-essentials-protonplus-20260530-102502/aur-input-remapper/pkg/input-remapper/usr/lib/python3.14/site-packages/inputremapper/injection/mapping_handlers
copying build/lib/inputremapper/injection/mapping_handlers/rel_to_abs_handler.py -> /tmp/mocha-gamer-essentials-protonplus-20260530-102502/aur-input-remapper/pkg/input-remapper/usr/lib/python3.14/site-packages/inputremapper/injection/mapping_handlers
copying build/lib/inputremapper/injection/mapping_handlers/rel_to_btn_handler.py -> /tmp/mocha-gamer-essentials-protonplus-20260530-102502/aur-input-remapper/pkg/input-remapper/usr/lib/python3.14/site-packages/inputremapper/injection/mapping_handlers
copying build/lib/inputremapper/injection/mapping_handlers/rel_to_rel_handler.py -> /tmp/mocha-gamer-essentials-protonplus-20260530-102502/aur-input-remapper/pkg/input-remapper/usr/lib/python3.14/site-packages/inputremapper/injection/mapping_handlers
copying build/lib/inputremapper/injection/__init__.py -> /tmp/mocha-gamer-essentials-protonplus-20260530-102502/aur-input-remapper/pkg/input-remapper/usr/lib/python3.14/site-packages/inputremapper/injection
copying build/lib/inputremapper/injection/context.py -> /tmp/mocha-gamer-essentials-protonplus-20260530-102502/aur-input-remapper/pkg/input-remapper/usr/lib/python3.14/site-packages/inputremapper/injection
copying build/lib/inputremapper/injection/event_reader.py -> /tmp/mocha-gamer-essentials-protonplus-20260530-102502/aur-input-remapper/pkg/input-remapper/usr/lib/python3.14/site-packages/inputremapper/injection
copying build/lib/inputremapper/injection/global_uinputs.py -> /tmp/mocha-gamer-essentials-protonplus-20260530-102502/aur-input-remapper/pkg/input-remapper/usr/lib/python3.14/site-packages/inputremapper/injection
copying build/lib/inputremapper/injection/injector.py -> /tmp/mocha-gamer-essentials-protonplus-20260530-102502/aur-input-remapper/pkg/input-remapper/usr/lib/python3.14/site-packages/inputremapper/injection
copying build/lib/inputremapper/injection/numlock.py -> /tmp/mocha-gamer-essentials-protonplus-20260530-102502/aur-input-remapper/pkg/input-remapper/usr/lib/python3.14/site-packages/inputremapper/injection
creating /tmp/mocha-gamer-essentials-protonplus-20260530-102502/aur-input-remapper/pkg/input-remapper/usr/lib/python3.14/site-packages/inputremapper/ipc
copying build/lib/inputremapper/ipc/__init__.py -> /tmp/mocha-gamer-essentials-protonplus-20260530-102502/aur-input-remapper/pkg/input-remapper/usr/lib/python3.14/site-packages/inputremapper/ipc
copying build/lib/inputremapper/ipc/pipe.py -> /tmp/mocha-gamer-essentials-protonplus-20260530-102502/aur-input-remapper/pkg/input-remapper/usr/lib/python3.14/site-packages/inputremapper/ipc
copying build/lib/inputremapper/ipc/shared_dict.py -> /tmp/mocha-gamer-essentials-protonplus-20260530-102502/aur-input-remapper/pkg/input-remapper/usr/lib/python3.14/site-packages/inputremapper/ipc
copying build/lib/inputremapper/ipc/socket.py -> /tmp/mocha-gamer-essentials-protonplus-20260530-102502/aur-input-remapper/pkg/input-remapper/usr/lib/python3.14/site-packages/inputremapper/ipc
creating /tmp/mocha-gamer-essentials-protonplus-20260530-102502/aur-input-remapper/pkg/input-remapper/usr/lib/python3.14/site-packages/inputremapper/logging
copying build/lib/inputremapper/logging/__init__.py -> /tmp/mocha-gamer-essentials-protonplus-20260530-102502/aur-input-remapper/pkg/input-remapper/usr/lib/python3.14/site-packages/inputremapper/logging
copying build/lib/inputremapper/logging/formatter.py -> /tmp/mocha-gamer-essentials-protonplus-20260530-102502/aur-input-remapper/pkg/input-remapper/usr/lib/python3.14/site-packages/inputremapper/logging
copying build/lib/inputremapper/logging/logger.py -> /tmp/mocha-gamer-essentials-protonplus-20260530-102502/aur-input-remapper/pkg/input-remapper/usr/lib/python3.14/site-packages/inputremapper/logging
copying build/lib/inputremapper/__init__.py -> /tmp/mocha-gamer-essentials-protonplus-20260530-102502/aur-input-remapper/pkg/input-remapper/usr/lib/python3.14/site-packages/inputremapper
copying build/lib/inputremapper/daemon.py -> /tmp/mocha-gamer-essentials-protonplus-20260530-102502/aur-input-remapper/pkg/input-remapper/usr/lib/python3.14/site-packages/inputremapper
copying build/lib/inputremapper/exceptions.py -> /tmp/mocha-gamer-essentials-protonplus-20260530-102502/aur-input-remapper/pkg/input-remapper/usr/lib/python3.14/site-packages/inputremapper
copying build/lib/inputremapper/groups.py -> /tmp/mocha-gamer-essentials-protonplus-20260530-102502/aur-input-remapper/pkg/input-remapper/usr/lib/python3.14/site-packages/inputremapper
copying build/lib/inputremapper/input_event.py -> /tmp/mocha-gamer-essentials-protonplus-20260530-102502/aur-input-remapper/pkg/input-remapper/usr/lib/python3.14/site-packages/inputremapper
copying build/lib/inputremapper/user.py -> /tmp/mocha-gamer-essentials-protonplus-20260530-102502/aur-input-remapper/pkg/input-remapper/usr/lib/python3.14/site-packages/inputremapper
copying build/lib/inputremapper/utils.py -> /tmp/mocha-gamer-essentials-protonplus-20260530-102502/aur-input-remapper/pkg/input-remapper/usr/lib/python3.14/site-packages/inputremapper
byte-compiling /tmp/mocha-gamer-essentials-protonplus-20260530-102502/aur-input-remapper/pkg/input-remapper/usr/lib/python3.14/site-packages/inputremapper/commit_hash.py to commit_hash.cpython-314.pyc
byte-compiling /tmp/mocha-gamer-essentials-protonplus-20260530-102502/aur-input-remapper/pkg/input-remapper/usr/lib/python3.14/site-packages/inputremapper/bin/__init__.py to __init__.cpython-314.pyc
byte-compiling /tmp/mocha-gamer-essentials-protonplus-20260530-102502/aur-input-remapper/pkg/input-remapper/usr/lib/python3.14/site-packages/inputremapper/bin/input_remapper_control.py to input_remapper_control.cpython-314.pyc
byte-compiling /tmp/mocha-gamer-essentials-protonplus-20260530-102502/aur-input-remapper/pkg/input-remapper/usr/lib/python3.14/site-packages/inputremapper/bin/input_remapper_gtk.py to input_remapper_gtk.cpython-314.pyc
byte-compiling /tmp/mocha-gamer-essentials-protonplus-20260530-102502/aur-input-remapper/pkg/input-remapper/usr/lib/python3.14/site-packages/inputremapper/bin/input_remapper_reader_service.py to input_remapper_reader_service.cpython-314.pyc
byte-compiling /tmp/mocha-gamer-essentials-protonplus-20260530-102502/aur-input-remapper/pkg/input-remapper/usr/lib/python3.14/site-packages/inputremapper/bin/input_remapper_service.py to input_remapper_service.cpython-314.pyc
byte-compiling /tmp/mocha-gamer-essentials-protonplus-20260530-102502/aur-input-remapper/pkg/input-remapper/usr/lib/python3.14/site-packages/inputremapper/bin/process_utils.py to process_utils.cpython-314.pyc
byte-compiling /tmp/mocha-gamer-essentials-protonplus-20260530-102502/aur-input-remapper/pkg/input-remapper/usr/lib/python3.14/site-packages/inputremapper/configs/__init__.py to __init__.cpython-314.pyc
byte-compiling /tmp/mocha-gamer-essentials-protonplus-20260530-102502/aur-input-remapper/pkg/input-remapper/usr/lib/python3.14/site-packages/inputremapper/configs/data.py to data.cpython-314.pyc
byte-compiling /tmp/mocha-gamer-essentials-protonplus-20260530-102502/aur-input-remapper/pkg/input-remapper/usr/lib/python3.14/site-packages/inputremapper/configs/global_config.py to global_config.cpython-314.pyc
byte-compiling /tmp/mocha-gamer-essentials-protonplus-20260530-102502/aur-input-remapper/pkg/input-remapper/usr/lib/python3.14/site-packages/inputremapper/configs/input_config.py to input_config.cpython-314.pyc
byte-compiling /tmp/mocha-gamer-essentials-protonplus-20260530-102502/aur-input-remapper/pkg/input-remapper/usr/lib/python3.14/site-packages/inputremapper/configs/keyboard_layout.py to keyboard_layout.cpython-314.pyc
byte-compiling /tmp/mocha-gamer-essentials-protonplus-20260530-102502/aur-input-remapper/pkg/input-remapper/usr/lib/python3.14/site-packages/inputremapper/configs/mapping.py to mapping.cpython-314.pyc
byte-compiling /tmp/mocha-gamer-essentials-protonplus-20260530-102502/aur-input-remapper/pkg/input-remapper/usr/lib/python3.14/site-packages/inputremapper/configs/migrations.py to migrations.cpython-314.pyc
byte-compiling /tmp/mocha-gamer-essentials-protonplus-20260530-102502/aur-input-remapper/pkg/input-remapper/usr/lib/python3.14/site-packages/inputremapper/configs/paths.py to paths.cpython-314.pyc
byte-compiling /tmp/mocha-gamer-essentials-protonplus-20260530-102502/aur-input-remapper/pkg/input-remapper/usr/lib/python3.14/site-packages/inputremapper/configs/preset.py to preset.cpython-314.pyc
byte-compiling /tmp/mocha-gamer-essentials-protonplus-20260530-102502/aur-input-remapper/pkg/input-remapper/usr/lib/python3.14/site-packages/inputremapper/configs/validation_errors.py to validation_errors.cpython-314.pyc
byte-compiling /tmp/mocha-gamer-essentials-protonplus-20260530-102502/aur-input-remapper/pkg/input-remapper/usr/lib/python3.14/site-packages/inputremapper/gui/components/__init__.py to __init__.cpython-314.pyc
byte-compiling /tmp/mocha-gamer-essentials-protonplus-20260530-102502/aur-input-remapper/pkg/input-remapper/usr/lib/python3.14/site-packages/inputremapper/gui/components/common.py to common.cpython-314.pyc
byte-compiling /tmp/mocha-gamer-essentials-protonplus-20260530-102502/aur-input-remapper/pkg/input-remapper/usr/lib/python3.14/site-packages/inputremapper/gui/components/device_groups.py to device_groups.cpython-314.pyc
byte-compiling /tmp/mocha-gamer-essentials-protonplus-20260530-102502/aur-input-remapper/pkg/input-remapper/usr/lib/python3.14/site-packages/inputremapper/gui/components/editor.py to editor.cpython-314.pyc
byte-compiling /tmp/mocha-gamer-essentials-protonplus-20260530-102502/aur-input-remapper/pkg/input-remapper/usr/lib/python3.14/site-packages/inputremapper/gui/components/main.py to main.cpython-314.pyc
byte-compiling /tmp/mocha-gamer-essentials-protonplus-20260530-102502/aur-input-remapper/pkg/input-remapper/usr/lib/python3.14/site-packages/inputremapper/gui/components/output_type_names.py to output_type_names.cpython-314.pyc
byte-compiling /tmp/mocha-gamer-essentials-protonplus-20260530-102502/aur-input-remapper/pkg/input-remapper/usr/lib/python3.14/site-packages/inputremapper/gui/components/presets.py to presets.cpython-314.pyc
byte-compiling /tmp/mocha-gamer-essentials-protonplus-20260530-102502/aur-input-remapper/pkg/input-remapper/usr/lib/python3.14/site-packages/inputremapper/gui/messages/__init__.py to __init__.cpython-314.pyc
byte-compiling /tmp/mocha-gamer-essentials-protonplus-20260530-102502/aur-input-remapper/pkg/input-remapper/usr/lib/python3.14/site-packages/inputremapper/gui/messages/message_broker.py to message_broker.cpython-314.pyc
byte-compiling /tmp/mocha-gamer-essentials-protonplus-20260530-102502/aur-input-remapper/pkg/input-remapper/usr/lib/python3.14/site-packages/inputremapper/gui/messages/message_data.py to message_data.cpython-314.pyc
/usr/lib/python3.14/site-packages/inputremapper/gui/messages/message_data.py:45: SyntaxWarning: "\d" is an invalid escape sequence. Such sequences will not work in the future. Did you mean "\\d"? A raw string is also an option.
byte-compiling /tmp/mocha-gamer-essentials-protonplus-20260530-102502/aur-input-remapper/pkg/input-remapper/usr/lib/python3.14/site-packages/inputremapper/gui/messages/message_types.py to message_types.cpython-314.pyc
byte-compiling /tmp/mocha-gamer-essentials-protonplus-20260530-102502/aur-input-remapper/pkg/input-remapper/usr/lib/python3.14/site-packages/inputremapper/gui/__init__.py to __init__.cpython-314.pyc
byte-compiling /tmp/mocha-gamer-essentials-protonplus-20260530-102502/aur-input-remapper/pkg/input-remapper/usr/lib/python3.14/site-packages/inputremapper/gui/autocompletion.py to autocompletion.cpython-314.pyc
byte-compiling /tmp/mocha-gamer-essentials-protonplus-20260530-102502/aur-input-remapper/pkg/input-remapper/usr/lib/python3.14/site-packages/inputremapper/gui/controller.py to controller.cpython-314.pyc
/usr/lib/python3.14/site-packages/inputremapper/gui/controller.py:333: SyntaxWarning: "\d" is an invalid escape sequence. Such sequences will not work in the future. Did you mean "\\d"? A raw string is also an option.
byte-compiling /tmp/mocha-gamer-essentials-protonplus-20260530-102502/aur-input-remapper/pkg/input-remapper/usr/lib/python3.14/site-packages/inputremapper/gui/data_manager.py to data_manager.cpython-314.pyc
byte-compiling /tmp/mocha-gamer-essentials-protonplus-20260530-102502/aur-input-remapper/pkg/input-remapper/usr/lib/python3.14/site-packages/inputremapper/gui/gettext.py to gettext.cpython-314.pyc
byte-compiling /tmp/mocha-gamer-essentials-protonplus-20260530-102502/aur-input-remapper/pkg/input-remapper/usr/lib/python3.14/site-packages/inputremapper/gui/reader_client.py to reader_client.cpython-314.pyc
byte-compiling /tmp/mocha-gamer-essentials-protonplus-20260530-102502/aur-input-remapper/pkg/input-remapper/usr/lib/python3.14/site-packages/inputremapper/gui/reader_service.py to reader_service.cpython-314.pyc
byte-compiling /tmp/mocha-gamer-essentials-protonplus-20260530-102502/aur-input-remapper/pkg/input-remapper/usr/lib/python3.14/site-packages/inputremapper/gui/user_interface.py to user_interface.cpython-314.pyc
byte-compiling /tmp/mocha-gamer-essentials-protonplus-20260530-102502/aur-input-remapper/pkg/input-remapper/usr/lib/python3.14/site-packages/inputremapper/gui/utils.py to utils.cpython-314.pyc
byte-compiling /tmp/mocha-gamer-essentials-protonplus-20260530-102502/aur-input-remapper/pkg/input-remapper/usr/lib/python3.14/site-packages/inputremapper/injection/macros/tasks/__init__.py to __init__.cpython-314.pyc
byte-compiling /tmp/mocha-gamer-essentials-protonplus-20260530-102502/aur-input-remapper/pkg/input-remapper/usr/lib/python3.14/site-packages/inputremapper/injection/macros/tasks/add.py to add.cpython-314.pyc
byte-compiling /tmp/mocha-gamer-essentials-protonplus-20260530-102502/aur-input-remapper/pkg/input-remapper/usr/lib/python3.14/site-packages/inputremapper/injection/macros/tasks/event.py to event.cpython-314.pyc
byte-compiling /tmp/mocha-gamer-essentials-protonplus-20260530-102502/aur-input-remapper/pkg/input-remapper/usr/lib/python3.14/site-packages/inputremapper/injection/macros/tasks/hold.py to hold.cpython-314.pyc
byte-compiling /tmp/mocha-gamer-essentials-protonplus-20260530-102502/aur-input-remapper/pkg/input-remapper/usr/lib/python3.14/site-packages/inputremapper/injection/macros/tasks/hold_keys.py to hold_keys.cpython-314.pyc
byte-compiling /tmp/mocha-gamer-essentials-protonplus-20260530-102502/aur-input-remapper/pkg/input-remapper/usr/lib/python3.14/site-packages/inputremapper/injection/macros/tasks/if_eq.py to if_eq.cpython-314.pyc
byte-compiling /tmp/mocha-gamer-essentials-protonplus-20260530-102502/aur-input-remapper/pkg/input-remapper/usr/lib/python3.14/site-packages/inputremapper/injection/macros/tasks/if_led.py to if_led.cpython-314.pyc
byte-compiling /tmp/mocha-gamer-essentials-protonplus-20260530-102502/aur-input-remapper/pkg/input-remapper/usr/lib/python3.14/site-packages/inputremapper/injection/macros/tasks/if_single.py to if_single.cpython-314.pyc
byte-compiling /tmp/mocha-gamer-essentials-protonplus-20260530-102502/aur-input-remapper/pkg/input-remapper/usr/lib/python3.14/site-packages/inputremapper/injection/macros/tasks/if_tap.py to if_tap.cpython-314.pyc
byte-compiling /tmp/mocha-gamer-essentials-protonplus-20260530-102502/aur-input-remapper/pkg/input-remapper/usr/lib/python3.14/site-packages/inputremapper/injection/macros/tasks/ifeq.py to ifeq.cpython-314.pyc
byte-compiling /tmp/mocha-gamer-essentials-protonplus-20260530-102502/aur-input-remapper/pkg/input-remapper/usr/lib/python3.14/site-packages/inputremapper/injection/macros/tasks/key.py to key.cpython-314.pyc
byte-compiling /tmp/mocha-gamer-essentials-protonplus-20260530-102502/aur-input-remapper/pkg/input-remapper/usr/lib/python3.14/site-packages/inputremapper/injection/macros/tasks/key_down.py to key_down.cpython-314.pyc
byte-compiling /tmp/mocha-gamer-essentials-protonplus-20260530-102502/aur-input-remapper/pkg/input-remapper/usr/lib/python3.14/site-packages/inputremapper/injection/macros/tasks/key_up.py to key_up.cpython-314.pyc
byte-compiling /tmp/mocha-gamer-essentials-protonplus-20260530-102502/aur-input-remapper/pkg/input-remapper/usr/lib/python3.14/site-packages/inputremapper/injection/macros/tasks/mod_tap.py to mod_tap.cpython-314.pyc
byte-compiling /tmp/mocha-gamer-essentials-protonplus-20260530-102502/aur-input-remapper/pkg/input-remapper/usr/lib/python3.14/site-packages/inputremapper/injection/macros/tasks/modify.py to modify.cpython-314.pyc
byte-compiling /tmp/mocha-gamer-essentials-protonplus-20260530-102502/aur-input-remapper/pkg/input-remapper/usr/lib/python3.14/site-packages/inputremapper/injection/macros/tasks/mouse.py to mouse.cpython-314.pyc
byte-compiling /tmp/mocha-gamer-essentials-protonplus-20260530-102502/aur-input-remapper/pkg/input-remapper/usr/lib/python3.14/site-packages/inputremapper/injection/macros/tasks/mouse_xy.py to mouse_xy.cpython-314.pyc
byte-compiling /tmp/mocha-gamer-essentials-protonplus-20260530-102502/aur-input-remapper/pkg/input-remapper/usr/lib/python3.14/site-packages/inputremapper/injection/macros/tasks/parallel.py to parallel.cpython-314.pyc
byte-compiling /tmp/mocha-gamer-essentials-protonplus-20260530-102502/aur-input-remapper/pkg/input-remapper/usr/lib/python3.14/site-packages/inputremapper/injection/macros/tasks/repeat.py to repeat.cpython-314.pyc
byte-compiling /tmp/mocha-gamer-essentials-protonplus-20260530-102502/aur-input-remapper/pkg/input-remapper/usr/lib/python3.14/site-packages/inputremapper/injection/macros/tasks/set.py to set.cpython-314.pyc
byte-compiling /tmp/mocha-gamer-essentials-protonplus-20260530-102502/aur-input-remapper/pkg/input-remapper/usr/lib/python3.14/site-packages/inputremapper/injection/macros/tasks/toggle.py to toggle.cpython-314.pyc
byte-compiling /tmp/mocha-gamer-essentials-protonplus-20260530-102502/aur-input-remapper/pkg/input-remapper/usr/lib/python3.14/site-packages/inputremapper/injection/macros/tasks/util.py to util.cpython-314.pyc
byte-compiling /tmp/mocha-gamer-essentials-protonplus-20260530-102502/aur-input-remapper/pkg/input-remapper/usr/lib/python3.14/site-packages/inputremapper/injection/macros/tasks/wait.py to wait.cpython-314.pyc
byte-compiling /tmp/mocha-gamer-essentials-protonplus-20260530-102502/aur-input-remapper/pkg/input-remapper/usr/lib/python3.14/site-packages/inputremapper/injection/macros/tasks/wheel.py to wheel.cpython-314.pyc
byte-compiling /tmp/mocha-gamer-essentials-protonplus-20260530-102502/aur-input-remapper/pkg/input-remapper/usr/lib/python3.14/site-packages/inputremapper/injection/macros/__init__.py to __init__.cpython-314.pyc
byte-compiling /tmp/mocha-gamer-essentials-protonplus-20260530-102502/aur-input-remapper/pkg/input-remapper/usr/lib/python3.14/site-packages/inputremapper/injection/macros/argument.py to argument.cpython-314.pyc
byte-compiling /tmp/mocha-gamer-essentials-protonplus-20260530-102502/aur-input-remapper/pkg/input-remapper/usr/lib/python3.14/site-packages/inputremapper/injection/macros/macro.py to macro.cpython-314.pyc
byte-compiling /tmp/mocha-gamer-essentials-protonplus-20260530-102502/aur-input-remapper/pkg/input-remapper/usr/lib/python3.14/site-packages/inputremapper/injection/macros/parse.py to parse.cpython-314.pyc
byte-compiling /tmp/mocha-gamer-essentials-protonplus-20260530-102502/aur-input-remapper/pkg/input-remapper/usr/lib/python3.14/site-packages/inputremapper/injection/macros/raw_value.py to raw_value.cpython-314.pyc
byte-compiling /tmp/mocha-gamer-essentials-protonplus-20260530-102502/aur-input-remapper/pkg/input-remapper/usr/lib/python3.14/site-packages/inputremapper/injection/macros/task.py to task.cpython-314.pyc
byte-compiling /tmp/mocha-gamer-essentials-protonplus-20260530-102502/aur-input-remapper/pkg/input-remapper/usr/lib/python3.14/site-packages/inputremapper/injection/macros/variable.py to variable.cpython-314.pyc
byte-compiling /tmp/mocha-gamer-essentials-protonplus-20260530-102502/aur-input-remapper/pkg/input-remapper/usr/lib/python3.14/site-packages/inputremapper/injection/mapping_handlers/__init__.py to __init__.cpython-314.pyc
byte-compiling /tmp/mocha-gamer-essentials-protonplus-20260530-102502/aur-input-remapper/pkg/input-remapper/usr/lib/python3.14/site-packages/inputremapper/injection/mapping_handlers/abs_to_abs_handler.py to abs_to_abs_handler.cpython-314.pyc
byte-compiling /tmp/mocha-gamer-essentials-protonplus-20260530-102502/aur-input-remapper/pkg/input-remapper/usr/lib/python3.14/site-packages/inputremapper/injection/mapping_handlers/abs_to_btn_handler.py to abs_to_btn_handler.cpython-314.pyc
byte-compiling /tmp/mocha-gamer-essentials-protonplus-20260530-102502/aur-input-remapper/pkg/input-remapper/usr/lib/python3.14/site-packages/inputremapper/injection/mapping_handlers/abs_to_rel_handler.py to abs_to_rel_handler.cpython-314.pyc
byte-compiling /tmp/mocha-gamer-essentials-protonplus-20260530-102502/aur-input-remapper/pkg/input-remapper/usr/lib/python3.14/site-packages/inputremapper/injection/mapping_handlers/axis_switch_handler.py to axis_switch_handler.cpython-314.pyc
byte-compiling /tmp/mocha-gamer-essentials-protonplus-20260530-102502/aur-input-remapper/pkg/input-remapper/usr/lib/python3.14/site-packages/inputremapper/injection/mapping_handlers/axis_transform.py to axis_transform.cpython-314.pyc
byte-compiling /tmp/mocha-gamer-essentials-protonplus-20260530-102502/aur-input-remapper/pkg/input-remapper/usr/lib/python3.14/site-packages/inputremapper/injection/mapping_handlers/combination_handler.py to combination_handler.cpython-314.pyc
byte-compiling /tmp/mocha-gamer-essentials-protonplus-20260530-102502/aur-input-remapper/pkg/input-remapper/usr/lib/python3.14/site-packages/inputremapper/injection/mapping_handlers/hierarchy_handler.py to hierarchy_handler.cpython-314.pyc
byte-compiling /tmp/mocha-gamer-essentials-protonplus-20260530-102502/aur-input-remapper/pkg/input-remapper/usr/lib/python3.14/site-packages/inputremapper/injection/mapping_handlers/key_handler.py to key_handler.cpython-314.pyc
byte-compiling /tmp/mocha-gamer-essentials-protonplus-20260530-102502/aur-input-remapper/pkg/input-remapper/usr/lib/python3.14/site-packages/inputremapper/injection/mapping_handlers/macro_handler.py to macro_handler.cpython-314.pyc
byte-compiling /tmp/mocha-gamer-essentials-protonplus-20260530-102502/aur-input-remapper/pkg/input-remapper/usr/lib/python3.14/site-packages/inputremapper/injection/mapping_handlers/mapping_handler.py to mapping_handler.cpython-314.pyc
byte-compiling /tmp/mocha-gamer-essentials-protonplus-20260530-102502/aur-input-remapper/pkg/input-remapper/usr/lib/python3.14/site-packages/inputremapper/injection/mapping_handlers/mapping_parser.py to mapping_parser.cpython-314.pyc
byte-compiling /tmp/mocha-gamer-essentials-protonplus-20260530-102502/aur-input-remapper/pkg/input-remapper/usr/lib/python3.14/site-packages/inputremapper/injection/mapping_handlers/null_handler.py to null_handler.cpython-314.pyc
byte-compiling /tmp/mocha-gamer-essentials-protonplus-20260530-102502/aur-input-remapper/pkg/input-remapper/usr/lib/python3.14/site-packages/inputremapper/injection/mapping_handlers/rel_to_abs_handler.py to rel_to_abs_handler.cpython-314.pyc
byte-compiling /tmp/mocha-gamer-essentials-protonplus-20260530-102502/aur-input-remapper/pkg/input-remapper/usr/lib/python3.14/site-packages/inputremapper/injection/mapping_handlers/rel_to_btn_handler.py to rel_to_btn_handler.cpython-314.pyc
byte-compiling /tmp/mocha-gamer-essentials-protonplus-20260530-102502/aur-input-remapper/pkg/input-remapper/usr/lib/python3.14/site-packages/inputremapper/injection/mapping_handlers/rel_to_rel_handler.py to rel_to_rel_handler.cpython-314.pyc
byte-compiling /tmp/mocha-gamer-essentials-protonplus-20260530-102502/aur-input-remapper/pkg/input-remapper/usr/lib/python3.14/site-packages/inputremapper/injection/__init__.py to __init__.cpython-314.pyc
byte-compiling /tmp/mocha-gamer-essentials-protonplus-20260530-102502/aur-input-remapper/pkg/input-remapper/usr/lib/python3.14/site-packages/inputremapper/injection/context.py to context.cpython-314.pyc
byte-compiling /tmp/mocha-gamer-essentials-protonplus-20260530-102502/aur-input-remapper/pkg/input-remapper/usr/lib/python3.14/site-packages/inputremapper/injection/event_reader.py to event_reader.cpython-314.pyc
byte-compiling /tmp/mocha-gamer-essentials-protonplus-20260530-102502/aur-input-remapper/pkg/input-remapper/usr/lib/python3.14/site-packages/inputremapper/injection/global_uinputs.py to global_uinputs.cpython-314.pyc
byte-compiling /tmp/mocha-gamer-essentials-protonplus-20260530-102502/aur-input-remapper/pkg/input-remapper/usr/lib/python3.14/site-packages/inputremapper/injection/injector.py to injector.cpython-314.pyc
byte-compiling /tmp/mocha-gamer-essentials-protonplus-20260530-102502/aur-input-remapper/pkg/input-remapper/usr/lib/python3.14/site-packages/inputremapper/injection/numlock.py to numlock.cpython-314.pyc
byte-compiling /tmp/mocha-gamer-essentials-protonplus-20260530-102502/aur-input-remapper/pkg/input-remapper/usr/lib/python3.14/site-packages/inputremapper/ipc/__init__.py to __init__.cpython-314.pyc
byte-compiling /tmp/mocha-gamer-essentials-protonplus-20260530-102502/aur-input-remapper/pkg/input-remapper/usr/lib/python3.14/site-packages/inputremapper/ipc/pipe.py to pipe.cpython-314.pyc
byte-compiling /tmp/mocha-gamer-essentials-protonplus-20260530-102502/aur-input-remapper/pkg/input-remapper/usr/lib/python3.14/site-packages/inputremapper/ipc/shared_dict.py to shared_dict.cpython-314.pyc
byte-compiling /tmp/mocha-gamer-essentials-protonplus-20260530-102502/aur-input-remapper/pkg/input-remapper/usr/lib/python3.14/site-packages/inputremapper/ipc/socket.py to socket.cpython-314.pyc
byte-compiling /tmp/mocha-gamer-essentials-protonplus-20260530-102502/aur-input-remapper/pkg/input-remapper/usr/lib/python3.14/site-packages/inputremapper/logging/__init__.py to __init__.cpython-314.pyc
byte-compiling /tmp/mocha-gamer-essentials-protonplus-20260530-102502/aur-input-remapper/pkg/input-remapper/usr/lib/python3.14/site-packages/inputremapper/logging/formatter.py to formatter.cpython-314.pyc
byte-compiling /tmp/mocha-gamer-essentials-protonplus-20260530-102502/aur-input-remapper/pkg/input-remapper/usr/lib/python3.14/site-packages/inputremapper/logging/logger.py to logger.cpython-314.pyc
byte-compiling /tmp/mocha-gamer-essentials-protonplus-20260530-102502/aur-input-remapper/pkg/input-remapper/usr/lib/python3.14/site-packages/inputremapper/__init__.py to __init__.cpython-314.pyc
byte-compiling /tmp/mocha-gamer-essentials-protonplus-20260530-102502/aur-input-remapper/pkg/input-remapper/usr/lib/python3.14/site-packages/inputremapper/daemon.py to daemon.cpython-314.pyc
byte-compiling /tmp/mocha-gamer-essentials-protonplus-20260530-102502/aur-input-remapper/pkg/input-remapper/usr/lib/python3.14/site-packages/inputremapper/exceptions.py to exceptions.cpython-314.pyc
byte-compiling /tmp/mocha-gamer-essentials-protonplus-20260530-102502/aur-input-remapper/pkg/input-remapper/usr/lib/python3.14/site-packages/inputremapper/groups.py to groups.cpython-314.pyc
byte-compiling /tmp/mocha-gamer-essentials-protonplus-20260530-102502/aur-input-remapper/pkg/input-remapper/usr/lib/python3.14/site-packages/inputremapper/input_event.py to input_event.cpython-314.pyc
byte-compiling /tmp/mocha-gamer-essentials-protonplus-20260530-102502/aur-input-remapper/pkg/input-remapper/usr/lib/python3.14/site-packages/inputremapper/user.py to user.cpython-314.pyc
byte-compiling /tmp/mocha-gamer-essentials-protonplus-20260530-102502/aur-input-remapper/pkg/input-remapper/usr/lib/python3.14/site-packages/inputremapper/utils.py to utils.cpython-314.pyc
running install_data
creating /tmp/mocha-gamer-essentials-protonplus-20260530-102502/aur-input-remapper/pkg/input-remapper/usr/share/input-remapper/lang/zh_CN/LC_MESSAGES
copying mo/zh_CN/input-remapper.mo -> /tmp/mocha-gamer-essentials-protonplus-20260530-102502/aur-input-remapper/pkg/input-remapper/usr/share/input-remapper/lang/zh_CN/LC_MESSAGES
creating /tmp/mocha-gamer-essentials-protonplus-20260530-102502/aur-input-remapper/pkg/input-remapper/usr/share/input-remapper/lang/zh/LC_MESSAGES
copying mo/zh/input-remapper.mo -> /tmp/mocha-gamer-essentials-protonplus-20260530-102502/aur-input-remapper/pkg/input-remapper/usr/share/input-remapper/lang/zh/LC_MESSAGES
creating /tmp/mocha-gamer-essentials-protonplus-20260530-102502/aur-input-remapper/pkg/input-remapper/usr/share/input-remapper/lang/uk_UA/LC_MESSAGES
copying mo/uk_UA/input-remapper.mo -> /tmp/mocha-gamer-essentials-protonplus-20260530-102502/aur-input-remapper/pkg/input-remapper/usr/share/input-remapper/lang/uk_UA/LC_MESSAGES
creating /tmp/mocha-gamer-essentials-protonplus-20260530-102502/aur-input-remapper/pkg/input-remapper/usr/share/input-remapper/lang/uk/LC_MESSAGES
copying mo/uk/input-remapper.mo -> /tmp/mocha-gamer-essentials-protonplus-20260530-102502/aur-input-remapper/pkg/input-remapper/usr/share/input-remapper/lang/uk/LC_MESSAGES
creating /tmp/mocha-gamer-essentials-protonplus-20260530-102502/aur-input-remapper/pkg/input-remapper/usr/share/input-remapper/lang/sk_SK/LC_MESSAGES
copying mo/sk_SK/input-remapper.mo -> /tmp/mocha-gamer-essentials-protonplus-20260530-102502/aur-input-remapper/pkg/input-remapper/usr/share/input-remapper/lang/sk_SK/LC_MESSAGES
creating /tmp/mocha-gamer-essentials-protonplus-20260530-102502/aur-input-remapper/pkg/input-remapper/usr/share/input-remapper/lang/sk/LC_MESSAGES
copying mo/sk/input-remapper.mo -> /tmp/mocha-gamer-essentials-protonplus-20260530-102502/aur-input-remapper/pkg/input-remapper/usr/share/input-remapper/lang/sk/LC_MESSAGES
creating /tmp/mocha-gamer-essentials-protonplus-20260530-102502/aur-input-remapper/pkg/input-remapper/usr/share/input-remapper/lang/ru_RU/LC_MESSAGES
copying mo/ru_RU/input-remapper.mo -> /tmp/mocha-gamer-essentials-protonplus-20260530-102502/aur-input-remapper/pkg/input-remapper/usr/share/input-remapper/lang/ru_RU/LC_MESSAGES
creating /tmp/mocha-gamer-essentials-protonplus-20260530-102502/aur-input-remapper/pkg/input-remapper/usr/share/input-remapper/lang/ru/LC_MESSAGES
copying mo/ru/input-remapper.mo -> /tmp/mocha-gamer-essentials-protonplus-20260530-102502/aur-input-remapper/pkg/input-remapper/usr/share/input-remapper/lang/ru/LC_MESSAGES
creating /tmp/mocha-gamer-essentials-protonplus-20260530-102502/aur-input-remapper/pkg/input-remapper/usr/share/input-remapper/lang/pt_BR/LC_MESSAGES
copying mo/pt_BR/input-remapper.mo -> /tmp/mocha-gamer-essentials-protonplus-20260530-102502/aur-input-remapper/pkg/input-remapper/usr/share/input-remapper/lang/pt_BR/LC_MESSAGES
creating /tmp/mocha-gamer-essentials-protonplus-20260530-102502/aur-input-remapper/pkg/input-remapper/usr/share/input-remapper/lang/pt/LC_MESSAGES
copying mo/pt/input-remapper.mo -> /tmp/mocha-gamer-essentials-protonplus-20260530-102502/aur-input-remapper/pkg/input-remapper/usr/share/input-remapper/lang/pt/LC_MESSAGES
creating /tmp/mocha-gamer-essentials-protonplus-20260530-102502/aur-input-remapper/pkg/input-remapper/usr/share/input-remapper/lang/it_IT/LC_MESSAGES
copying mo/it_IT/input-remapper.mo -> /tmp/mocha-gamer-essentials-protonplus-20260530-102502/aur-input-remapper/pkg/input-remapper/usr/share/input-remapper/lang/it_IT/LC_MESSAGES
creating /tmp/mocha-gamer-essentials-protonplus-20260530-102502/aur-input-remapper/pkg/input-remapper/usr/share/input-remapper/lang/it/LC_MESSAGES
copying mo/it/input-remapper.mo -> /tmp/mocha-gamer-essentials-protonplus-20260530-102502/aur-input-remapper/pkg/input-remapper/usr/share/input-remapper/lang/it/LC_MESSAGES
creating /tmp/mocha-gamer-essentials-protonplus-20260530-102502/aur-input-remapper/pkg/input-remapper/usr/share/input-remapper/lang/fr_FR/LC_MESSAGES
copying mo/fr_FR/input-remapper.mo -> /tmp/mocha-gamer-essentials-protonplus-20260530-102502/aur-input-remapper/pkg/input-remapper/usr/share/input-remapper/lang/fr_FR/LC_MESSAGES
creating /tmp/mocha-gamer-essentials-protonplus-20260530-102502/aur-input-remapper/pkg/input-remapper/usr/share/input-remapper/lang/fr/LC_MESSAGES
copying mo/fr/input-remapper.mo -> /tmp/mocha-gamer-essentials-protonplus-20260530-102502/aur-input-remapper/pkg/input-remapper/usr/share/input-remapper/lang/fr/LC_MESSAGES
copying data/style.css -> /tmp/mocha-gamer-essentials-protonplus-20260530-102502/aur-input-remapper/pkg/input-remapper/usr/share/input-remapper
copying data/io.github.sezanzeb.input_remapper.metainfo.xml -> /tmp/mocha-gamer-essentials-protonplus-20260530-102502/aur-input-remapper/pkg/input-remapper/usr/share/input-remapper
copying data/inputremapper.Control.conf -> /tmp/mocha-gamer-essentials-protonplus-20260530-102502/aur-input-remapper/pkg/input-remapper/usr/share/input-remapper
copying data/input-remapper.svg -> /tmp/mocha-gamer-essentials-protonplus-20260530-102502/aur-input-remapper/pkg/input-remapper/usr/share/input-remapper
copying data/input-remapper.service -> /tmp/mocha-gamer-essentials-protonplus-20260530-102502/aur-input-remapper/pkg/input-remapper/usr/share/input-remapper
copying data/input-remapper.policy -> /tmp/mocha-gamer-essentials-protonplus-20260530-102502/aur-input-remapper/pkg/input-remapper/usr/share/input-remapper
copying data/input-remapper.glade -> /tmp/mocha-gamer-essentials-protonplus-20260530-102502/aur-input-remapper/pkg/input-remapper/usr/share/input-remapper
copying data/input-remapper-large.png -> /tmp/mocha-gamer-essentials-protonplus-20260530-102502/aur-input-remapper/pkg/input-remapper/usr/share/input-remapper
copying data/input-remapper-gtk.desktop -> /tmp/mocha-gamer-essentials-protonplus-20260530-102502/aur-input-remapper/pkg/input-remapper/usr/share/input-remapper
copying data/input-remapper-autoload.desktop -> /tmp/mocha-gamer-essentials-protonplus-20260530-102502/aur-input-remapper/pkg/input-remapper/usr/share/input-remapper
copying data/99-input-remapper.rules -> /tmp/mocha-gamer-essentials-protonplus-20260530-102502/aur-input-remapper/pkg/input-remapper/usr/share/input-remapper
creating /tmp/mocha-gamer-essentials-protonplus-20260530-102502/aur-input-remapper/pkg/input-remapper/usr/share/applications
copying data/input-remapper-gtk.desktop -> /tmp/mocha-gamer-essentials-protonplus-20260530-102502/aur-input-remapper/pkg/input-remapper/usr/share/applications
creating /tmp/mocha-gamer-essentials-protonplus-20260530-102502/aur-input-remapper/pkg/input-remapper/usr/share/metainfo
copying data/io.github.sezanzeb.input_remapper.metainfo.xml -> /tmp/mocha-gamer-essentials-protonplus-20260530-102502/aur-input-remapper/pkg/input-remapper/usr/share/metainfo
creating /tmp/mocha-gamer-essentials-protonplus-20260530-102502/aur-input-remapper/pkg/input-remapper/usr/share/icons/hicolor/scalable/apps
copying data/input-remapper.svg -> /tmp/mocha-gamer-essentials-protonplus-20260530-102502/aur-input-remapper/pkg/input-remapper/usr/share/icons/hicolor/scalable/apps
creating /tmp/mocha-gamer-essentials-protonplus-20260530-102502/aur-input-remapper/pkg/input-remapper/usr/share/polkit-1/actions
copying data/input-remapper.policy -> /tmp/mocha-gamer-essentials-protonplus-20260530-102502/aur-input-remapper/pkg/input-remapper/usr/share/polkit-1/actions
creating /tmp/mocha-gamer-essentials-protonplus-20260530-102502/aur-input-remapper/pkg/input-remapper/usr/lib/systemd/system
copying data/input-remapper.service -> /tmp/mocha-gamer-essentials-protonplus-20260530-102502/aur-input-remapper/pkg/input-remapper/usr/lib/systemd/system
creating /tmp/mocha-gamer-essentials-protonplus-20260530-102502/aur-input-remapper/pkg/input-remapper/usr/share/dbus-1/system.d
copying data/inputremapper.Control.conf -> /tmp/mocha-gamer-essentials-protonplus-20260530-102502/aur-input-remapper/pkg/input-remapper/usr/share/dbus-1/system.d
creating /tmp/mocha-gamer-essentials-protonplus-20260530-102502/aur-input-remapper/pkg/input-remapper/etc/xdg/autostart
copying data/input-remapper-autoload.desktop -> /tmp/mocha-gamer-essentials-protonplus-20260530-102502/aur-input-remapper/pkg/input-remapper/etc/xdg/autostart
creating /tmp/mocha-gamer-essentials-protonplus-20260530-102502/aur-input-remapper/pkg/input-remapper/usr/lib/udev/rules.d
copying data/99-input-remapper.rules -> /tmp/mocha-gamer-essentials-protonplus-20260530-102502/aur-input-remapper/pkg/input-remapper/usr/lib/udev/rules.d
creating /tmp/mocha-gamer-essentials-protonplus-20260530-102502/aur-input-remapper/pkg/input-remapper/usr/bin
copying bin/input-remapper-gtk -> /tmp/mocha-gamer-essentials-protonplus-20260530-102502/aur-input-remapper/pkg/input-remapper/usr/bin
copying bin/input-remapper-service -> /tmp/mocha-gamer-essentials-protonplus-20260530-102502/aur-input-remapper/pkg/input-remapper/usr/bin
copying bin/input-remapper-control -> /tmp/mocha-gamer-essentials-protonplus-20260530-102502/aur-input-remapper/pkg/input-remapper/usr/bin
copying bin/input-remapper-reader-service -> /tmp/mocha-gamer-essentials-protonplus-20260530-102502/aur-input-remapper/pkg/input-remapper/usr/bin
running install_egg_info
Copying input_remapper.egg-info to /tmp/mocha-gamer-essentials-protonplus-20260530-102502/aur-input-remapper/pkg/input-remapper/usr/lib/python3.14/site-packages/input_remapper-2.2.0-py3.14.egg-info
running install_scripts
==> Organizando a instalação...
  -> Removendo arquivos libtool...
  -> Removendo arquivos de biblioteca estática...
  -> Expurgando arquivos indesejados...
  -> Removendo símbolos desnecessários dos executáveis e bibliotecas...
  -> Comprimindo páginas de man e info...
==> Verificando problemas de empacotamento...
==> Criando o pacote "input-remapper"...
  -> Gerando o arquivo .PKGINFO...
  -> Gerando o arquivo .BUILDINFO...
  -> Gerando o arquivo .MTREE ...
  -> Compactando o pacote...
==> Saindo do ambiente de fakeroot.
==> Compilação concluída: input-remapper 2.2.0-1 (sáb 30 mai 2026 10:30:07)
==> Instalando pacote input-remapper com pacman -U...
carregando pacotes...
resolvendo dependências...
procurando pacotes conflitantes...

Pacotes (1) input-remapper-2.2.0-1

Tamanho total instalado:  1,68 MiB

:: Continuar a instalação? [S/n] 
verificando chaveiro...
verificando integridade de pacotes...
carregando arquivos do pacote...
verificando conflitos de arquivos...
verificando espaço em disco disponível...
:: Processando alterações do pacote...
instalando input-remapper...
Dependências opcionais para input-remapper
    xorg-xmodmap: symbol names matching the keyboard layout [instalado]
:: Executando hooks pós-transação...
(1/6) Reloading system manager configuration...
(2/6) Reloading device manager configuration...
(3/6) Arming ConditionNeedsUpdate...
(4/6) Reloading system bus configuration...
(5/6) Updating icon theme caches...
(6/6) Updating the desktop file MIME type cache...
AVISO: AUR não encontrado ou sem rede: jstest-gtk

== Clonando PKGBUILD AUR: lib32-vkbasalt ==
Cloning into '/tmp/mocha-gamer-essentials-protonplus-20260530-102502/aur-lib32-vkbasalt'...

== Instalando AUR pacote a pacote: lib32-vkbasalt ==
==> Criando o pacote: lib32-vkbasalt 0.3.2.10-1 (sáb 30 mai 2026 10:30:16)
==> Verificando as dependências de tempo de execução...
==> Instalando dependências não encontradas...
erro: alvo não encontrado: vkbasalt
==> ERRO: "pacman" falhou em instalar dependências não encontradas.
==> Dependências faltando:
  -> vkbasalt
==> ERRO: Não foi possível resolver todas as dependências.
AVISO: Falha ao instalar AUR: lib32-vkbasalt. Seguindo para os próximos itens.

== Clonando PKGBUILD AUR: obs-vkcapture ==
Cloning into '/tmp/mocha-gamer-essentials-protonplus-20260530-102502/aur-obs-vkcapture'...

== Instalando AUR pacote a pacote: obs-vkcapture ==
==> Criando o pacote: obs-vkcapture 1.5.6-1 (sáb 30 mai 2026 10:30:25)
==> Verificando as dependências de tempo de execução...
==> Verificando as dependências de tempo de compilação...
==> Instalando dependências não encontradas...
resolvendo dependências...
procurando pacotes conflitantes...

Pacotes (4) cppdap-1.58.0-3  rhash-1.4.6-1  cmake-4.3.3-1  vulkan-headers-1:1.4.350.0-1

Tamanho total download:    16,70 MiB
Tamanho total instalado:  139,33 MiB

:: Continuar a instalação? [S/n] 
:: Obtendo pacotes...
 cmake-4.3.3-1-x86_64 sendo baixado...
 vulkan-headers-1:1.4.350.0-1-any sendo baixado...
 cppdap-1.58.0-3-x86_64 sendo baixado...
 rhash-1.4.6-1-x86_64 sendo baixado...
verificando chaveiro...
verificando integridade de pacotes...
carregando arquivos do pacote...
verificando conflitos de arquivos...
verificando espaço em disco disponível...
:: Processando alterações do pacote...
instalando cppdap...
instalando rhash...
instalando cmake...
Dependências opcionais para cmake
    make: for unix Makefile generator [instalado]
    ninja: for ninja generator [instalado]
    qt6-base: cmake-gui [instalado]
instalando vulkan-headers...
Dependências opcionais para vulkan-headers
    python: Registry tools [instalado]
:: Executando hooks pós-transação...
(1/4) Updating the MIME type database...
(2/4) Arming ConditionNeedsUpdate...
(3/4) Updating icon theme caches...
(4/4) Updating the desktop file MIME type cache...
==> Obtendo fontes...
  -> Baixando obs-vkcapture-1.5.6.tar.gz...
  % Total    % Received % Xferd  Average Speed  Time    Time    Time   Current
                                 Dload  Upload  Total   Spent   Left   Speed
  0      0   0      0   0      0      0      0                              0  0      0   0      0   0      0      0      0                              0  0      0   0      0   0      0      0      0                              0
  0      0   0      0   0      0      0      0                              0100  62428   0  62428   0      0 100.4k      0                              0100  62428   0  62428   0      0 100.3k      0                              0100  62428   0  62428   0      0 100.3k      0                              0
==> Validando source arquivos com sha512sums...
    obs-vkcapture-1.5.6.tar.gz ... Passou
==> Extraindo fontes...
  -> Extraindo obs-vkcapture-1.5.6.tar.gz com bsdtar
==> Iniciando build()...
-- The C compiler identification is GNU 16.1.1
-- Detecting C compiler ABI info
-- Detecting C compiler ABI info - done
-- Check for working C compiler: /usr/bin/cc - skipped
-- Detecting C compile features
-- Detecting C compile features - done
-- Found Vulkan: /usr/lib/libvulkan.so (found version "1.4.350") found components: glslc glslangValidator
-- Found OpenGL: /usr/lib/libOpenGL.so
-- Found PkgConfig: /usr/bin/pkg-config (found version "2.5.1")
-- Checking for module 'egl'
--   Found egl, version 1.5
-- Checking for module 'x11'
--   Found x11, version 1.8.13
-- Checking for module 'xcb'
--   Found xcb, version 1.17.0
-- Checking for module 'xcb-xfixes'
--   Found xcb-xfixes, version 1.17.0
-- Checking for module 'wayland-client'
--   Found wayland-client, version 1.25.0
-- Configuring done (0.5s)
-- Generating done (0.0s)
-- Build files have been written to: /tmp/mocha-gamer-essentials-protonplus-20260530-102502/aur-obs-vkcapture/src/build
[  6%] Generating screencopy_unstable_v1.h
[ 13%] Generating screencopy_unstable_v1.c
[ 20%] Building C object CMakeFiles/linux-vkcapture.dir/src/vkcapture.c.o
[ 26%] Building C object CMakeFiles/linux-vkcapture.dir/src/xcursor-xcb.c.o
[ 33%] Building C object CMakeFiles/linux-vkcapture.dir/src/wlcursor.c.o
[ 40%] Building C object CMakeFiles/linux-vkcapture.dir/screencopy_unstable_v1.c.o
[ 46%] Linking C shared module linux-vkcapture.so
[ 46%] Built target linux-vkcapture
[ 53%] Building C object CMakeFiles/VkLayer_obs_vkcapture.dir/src/vklayer.c.o
[ 60%] Building C object CMakeFiles/VkLayer_obs_vkcapture.dir/src/capture.c.o
[ 66%] Linking C shared module libVkLayer_obs_vkcapture.so
[ 66%] Built target VkLayer_obs_vkcapture
[ 73%] Building C object CMakeFiles/obs_glcapture.dir/src/dlsym.c.o
[ 80%] Building C object CMakeFiles/obs_glcapture.dir/src/elfhacks.c.o
[ 86%] Building C object CMakeFiles/obs_glcapture.dir/src/glinject.c.o
[ 93%] Building C object CMakeFiles/obs_glcapture.dir/src/capture.c.o
[100%] Linking C shared module libobs_glcapture.so
[100%] Built target obs_glcapture
-- The C compiler identification is GNU 16.1.1
-- Detecting C compiler ABI info
-- Detecting C compiler ABI info - done
-- Check for working C compiler: /usr/bin/cc - skipped
-- Detecting C compile features
-- Detecting C compile features - done
-- Found Vulkan: /usr/lib32/libvulkan.so (found version "1.4.350") found components: glslc glslangValidator
-- Found OpenGL: /usr/lib32/libOpenGL.so
-- Found PkgConfig: /usr/bin/pkg-config (found version "2.5.1")
-- Checking for module 'egl'
--   Found egl, version 1.5
-- Checking for module 'x11'
--   Found x11, version 1.8.13
-- Checking for module 'xcb'
--   Found xcb, version 1.17.0
-- Checking for module 'xcb-xfixes'
--   Found xcb-xfixes, version 1.17.0
-- Checking for module 'wayland-client'
--   Found wayland-client, version 1.25.0
-- Configuring done (0.4s)
-- Generating done (0.0s)
-- Build files have been written to: /tmp/mocha-gamer-essentials-protonplus-20260530-102502/aur-obs-vkcapture/src/build32
[ 12%] Building C object CMakeFiles/VkLayer_obs_vkcapture.dir/src/vklayer.c.o
[ 25%] Building C object CMakeFiles/VkLayer_obs_vkcapture.dir/src/capture.c.o
[ 37%] Linking C shared module libVkLayer_obs_vkcapture.so
[ 37%] Built target VkLayer_obs_vkcapture
[ 50%] Building C object CMakeFiles/obs_glcapture.dir/src/dlsym.c.o
[ 62%] Building C object CMakeFiles/obs_glcapture.dir/src/elfhacks.c.o
[ 75%] Building C object CMakeFiles/obs_glcapture.dir/src/glinject.c.o
[ 87%] Building C object CMakeFiles/obs_glcapture.dir/src/capture.c.o
[100%] Linking C shared module libobs_glcapture.so
[100%] Built target obs_glcapture
==> Entrando no ambiente de fakeroot...
==> Iniciando package_obs-vkcapture()...
-- Install configuration: "Release"
-- Installing: /tmp/mocha-gamer-essentials-protonplus-20260530-102502/aur-obs-vkcapture/pkg/obs-vkcapture/usr/lib/obs-plugins/linux-vkcapture.so
-- Installing: /tmp/mocha-gamer-essentials-protonplus-20260530-102502/aur-obs-vkcapture/pkg/obs-vkcapture/usr/share/obs/obs-plugins/linux-vkcapture/locale/cs-CZ.ini
-- Installing: /tmp/mocha-gamer-essentials-protonplus-20260530-102502/aur-obs-vkcapture/pkg/obs-vkcapture/usr/share/obs/obs-plugins/linux-vkcapture/locale/de-DE.ini
-- Installing: /tmp/mocha-gamer-essentials-protonplus-20260530-102502/aur-obs-vkcapture/pkg/obs-vkcapture/usr/share/obs/obs-plugins/linux-vkcapture/locale/en-US.ini
-- Installing: /tmp/mocha-gamer-essentials-protonplus-20260530-102502/aur-obs-vkcapture/pkg/obs-vkcapture/usr/share/obs/obs-plugins/linux-vkcapture/locale/es-ES.ini
-- Installing: /tmp/mocha-gamer-essentials-protonplus-20260530-102502/aur-obs-vkcapture/pkg/obs-vkcapture/usr/share/obs/obs-plugins/linux-vkcapture/locale/fr-FR.ini
-- Installing: /tmp/mocha-gamer-essentials-protonplus-20260530-102502/aur-obs-vkcapture/pkg/obs-vkcapture/usr/share/obs/obs-plugins/linux-vkcapture/locale/it-IT.ini
-- Installing: /tmp/mocha-gamer-essentials-protonplus-20260530-102502/aur-obs-vkcapture/pkg/obs-vkcapture/usr/share/obs/obs-plugins/linux-vkcapture/locale/ja-JP.ini
-- Installing: /tmp/mocha-gamer-essentials-protonplus-20260530-102502/aur-obs-vkcapture/pkg/obs-vkcapture/usr/share/obs/obs-plugins/linux-vkcapture/locale/pl-PL.ini
-- Installing: /tmp/mocha-gamer-essentials-protonplus-20260530-102502/aur-obs-vkcapture/pkg/obs-vkcapture/usr/share/obs/obs-plugins/linux-vkcapture/locale/pt-BR.ini
-- Installing: /tmp/mocha-gamer-essentials-protonplus-20260530-102502/aur-obs-vkcapture/pkg/obs-vkcapture/usr/share/obs/obs-plugins/linux-vkcapture/locale/ru-RU.ini
-- Installing: /tmp/mocha-gamer-essentials-protonplus-20260530-102502/aur-obs-vkcapture/pkg/obs-vkcapture/usr/share/obs/obs-plugins/linux-vkcapture/locale/uk-UA.ini
-- Installing: /tmp/mocha-gamer-essentials-protonplus-20260530-102502/aur-obs-vkcapture/pkg/obs-vkcapture/usr/lib/libVkLayer_obs_vkcapture.so
-- Installing: /tmp/mocha-gamer-essentials-protonplus-20260530-102502/aur-obs-vkcapture/pkg/obs-vkcapture/usr/lib/obs_glcapture/libobs_glcapture.so
-- Installing: /tmp/mocha-gamer-essentials-protonplus-20260530-102502/aur-obs-vkcapture/pkg/obs-vkcapture/usr/share/vulkan/implicit_layer.d/obs_vkcapture_64.json
-- Installing: /tmp/mocha-gamer-essentials-protonplus-20260530-102502/aur-obs-vkcapture/pkg/obs-vkcapture/usr/bin/obs-gamecapture
-- Installing: /tmp/mocha-gamer-essentials-protonplus-20260530-102502/aur-obs-vkcapture/pkg/obs-vkcapture/usr/bin/obs-vkcapture
-- Installing: /tmp/mocha-gamer-essentials-protonplus-20260530-102502/aur-obs-vkcapture/pkg/obs-vkcapture/usr/bin/obs-glcapture
==> Organizando a instalação...
  -> Removendo arquivos libtool...
  -> Removendo arquivos de biblioteca estática...
  -> Expurgando arquivos indesejados...
  -> Removendo símbolos desnecessários dos executáveis e bibliotecas...
  -> Comprimindo páginas de man e info...
==> Verificando problemas de empacotamento...
==> Criando o pacote "obs-vkcapture"...
  -> Gerando o arquivo .PKGINFO...
  -> Gerando o arquivo .BUILDINFO...
  -> Gerando o arquivo .MTREE ...
  -> Compactando o pacote...
==> Iniciando package_lib32-obs-vkcapture()...
-- Install configuration: "Release"
-- Installing: /tmp/mocha-gamer-essentials-protonplus-20260530-102502/aur-obs-vkcapture/pkg/lib32-obs-vkcapture/usr/lib32/libVkLayer_obs_vkcapture.so
-- Installing: /tmp/mocha-gamer-essentials-protonplus-20260530-102502/aur-obs-vkcapture/pkg/lib32-obs-vkcapture/usr/lib32/obs_glcapture/libobs_glcapture.so
-- Installing: /tmp/mocha-gamer-essentials-protonplus-20260530-102502/aur-obs-vkcapture/pkg/lib32-obs-vkcapture/usr/share/vulkan/implicit_layer.d/obs_vkcapture_32.json
-- Installing: /tmp/mocha-gamer-essentials-protonplus-20260530-102502/aur-obs-vkcapture/pkg/lib32-obs-vkcapture/usr/bin/obs-gamecapture
-- Installing: /tmp/mocha-gamer-essentials-protonplus-20260530-102502/aur-obs-vkcapture/pkg/lib32-obs-vkcapture/usr/bin/obs-vkcapture
-- Installing: /tmp/mocha-gamer-essentials-protonplus-20260530-102502/aur-obs-vkcapture/pkg/lib32-obs-vkcapture/usr/bin/obs-glcapture
==> Organizando a instalação...
  -> Removendo arquivos libtool...
  -> Removendo arquivos de biblioteca estática...
  -> Expurgando arquivos indesejados...
  -> Removendo símbolos desnecessários dos executáveis e bibliotecas...
  -> Comprimindo páginas de man e info...
==> Verificando problemas de empacotamento...
==> Criando o pacote "lib32-obs-vkcapture"...
  -> Gerando o arquivo .PKGINFO...
  -> Gerando o arquivo .BUILDINFO...
  -> Gerando o arquivo .MTREE ...
  -> Compactando o pacote...
==> Criando o pacote "obs-vkcapture-debug"...
  -> Gerando o arquivo .PKGINFO...
  -> Gerando o arquivo .BUILDINFO...
  -> Gerando o arquivo .MTREE ...
  -> Compactando o pacote...
==> Saindo do ambiente de fakeroot.
==> Compilação concluída: obs-vkcapture 1.5.6-1 (sáb 30 mai 2026 10:30:44)
==> Instalando grupo de pacotes obs-vkcapture com pacman -U...
carregando pacotes...
resolvendo dependências...
procurando pacotes conflitantes...

Pacotes (3) lib32-obs-vkcapture-1.5.6-1  obs-vkcapture-1.5.6-1  obs-vkcapture-debug-1.5.6-1

Tamanho total instalado:  2,51 MiB

:: Continuar a instalação? [S/n] 
verificando chaveiro...
verificando integridade de pacotes...
carregando arquivos do pacote...
verificando conflitos de arquivos...
verificando espaço em disco disponível...
:: Processando alterações do pacote...
instalando obs-vkcapture...
instalando obs-vkcapture-debug...
instalando lib32-obs-vkcapture...
:: Executando hooks pós-transação...
(1/1) Arming ConditionNeedsUpdate...

== Clonando PKGBUILD AUR: oversteer ==
Cloning into '/tmp/mocha-gamer-essentials-protonplus-20260530-102502/aur-oversteer'...

== Instalando AUR pacote a pacote: oversteer ==
==> Criando o pacote: oversteer 0.8.3-3 (sáb 30 mai 2026 10:30:51)
==> Verificando as dependências de tempo de execução...
==> Instalando dependências não encontradas...
resolvendo dependências...
procurando pacotes conflitantes...

Pacotes (3) python-pooch-1.9.0-1  python-pyxdg-0.28-7  python-scipy-1.17.1-2

Tamanho total download:    22,12 MiB
Tamanho total instalado:  117,65 MiB

:: Continuar a instalação? [S/n] 
:: Obtendo pacotes...
 python-scipy-1.17.1-2-x86_64 sendo baixado...
 python-pooch-1.9.0-1-any sendo baixado...
 python-pyxdg-0.28-7-any sendo baixado...
verificando chaveiro...
verificando integridade de pacotes...
carregando arquivos do pacote...
verificando conflitos de arquivos...
verificando espaço em disco disponível...
:: Processando alterações do pacote...
instalando python-pyxdg...
instalando python-pooch...
Dependências opcionais para python-pooch
    python-paramiko: for SFTP downloads
    python-tqdm: for printing a download progress bar [instalado]
instalando python-scipy...
Dependências opcionais para python-scipy
    python-pillow: for image saving module [instalado]
:: Executando hooks pós-transação...
(1/1) Arming ConditionNeedsUpdate...
==> Verificando as dependências de tempo de compilação...
==> Obtendo fontes...
  -> Baixando oversteer-0.8.3.tar.gz...
  % Total    % Received % Xferd  Average Speed  Time    Time    Time   Current
                                 Dload  Upload  Total   Spent   Left   Speed
  0      0   0      0   0      0      0      0                              0  0      0   0      0   0      0      0      0                              0  0      0   0      0   0      0      0      0                              0
  0      0   0      0   0      0      0      0                              0100 155.3k   0 155.3k   0      0 259.4k      0                              0100 155.3k   0 155.3k   0      0 259.3k      0                              0100 155.3k   0 155.3k   0      0 259.3k      0                              0
==> Validando source arquivos com b2sums...
    oversteer-0.8.3.tar.gz ... Passou
==> Extraindo fontes...
  -> Extraindo oversteer-0.8.3.tar.gz com bsdtar
==> Iniciando build()...
The Meson build system
Version: 1.11.1
Source dir: /tmp/mocha-gamer-essentials-protonplus-20260530-102502/aur-oversteer/src/oversteer-0.8.3
Build dir: /tmp/mocha-gamer-essentials-protonplus-20260530-102502/aur-oversteer/src/oversteer-0.8.3/build
Build type: native build
Project name: oversteer
Project version: 0.8.3
Host machine cpu family: x86_64
Host machine cpu: x86_64
Program python3 found: YES (/usr/bin/python3)
Found pkg-config: YES (/usr/bin/pkg-config) 2.5.1
Run-time dependency udev found: YES 260
meson.build:27: WARNING: Project targets '>= 0.56.0' but uses feature deprecated since '0.56.0': dependency.get_pkgconfig_variable. use dependency.get_variable(pkgconfig : ...) instead
Configuring io.github.berarma.Oversteer.desktop.tmp using configuration
Program msgfmt found: YES (/usr/bin/msgfmt)
Program appstream-util found: YES (/usr/bin/appstream-util)
Program desktop-file-validate found: YES (/usr/bin/desktop-file-validate)
Configuring oversteer using configuration
Program msginit found: YES (/usr/bin/msginit)
Program msgmerge found: YES (/usr/bin/msgmerge)
Program xgettext found: YES (/usr/bin/xgettext)
Build targets in project: 16
WARNING: Deprecated features used:
 * 0.56.0: {'dependency.get_pkgconfig_variable'}

oversteer 0.8.3

  User defined options
    prefix: /usr

Found ninja-1.13.2 at /usr/bin/ninja
Generating targets:   0%|          | 0/16 eta ?                                               Writing build.ninja:   0%|          | 0/48 eta ?                                                WARNING: Running the setup command as `meson [options]` instead of `meson setup [options]` is ambiguous and deprecated.
ninja: Entering directory `build'
[1/11] Building translation po/ca/LC_MESSAGES/oversteer-ca.mo
[2/11] Building translation po/gl/LC_MESSAGES/oversteer-gl.mo
[3/11] Building translation po/ru/LC_MESSAGES/oversteer-ru.mo
[4/11] Building translation po/tr/LC_MESSAGES/oversteer-tr.mo
[5/11] Building translation po/hu/LC_MESSAGES/oversteer-hu.mo
[6/11] Building translation po/es/LC_MESSAGES/oversteer-es.mo
[7/11] Building translation po/fi/LC_MESSAGES/oversteer-fi.mo
[8/11] Building translation po/de/LC_MESSAGES/oversteer-de.mo
[9/11] Building translation po/pl/LC_MESSAGES/oversteer-pl.mo
[10/11] Merging translations for data/io.github.berarma.Oversteer.desktop
[11/11] Merging translations for data/io.github.berarma.Oversteer.appdata.xml
==> Entrando no ambiente de fakeroot...
==> Iniciando package()...
ninja: Entering directory `build'
[0/1] Installing files
Compiling python bytecode...
Listing '/tmp/mocha-gamer-essentials-protonplus-20260530-102502/aur-oversteer/pkg/oversteer/usr/lib/python3.14/site-packages/oversteer'...
Compiling '/tmp/mocha-gamer-essentials-protonplus-20260530-102502/aur-oversteer/pkg/oversteer/usr/lib/python3.14/site-packages/oversteer/__init__.py'...
Compiling '/tmp/mocha-gamer-essentials-protonplus-20260530-102502/aur-oversteer/pkg/oversteer/usr/lib/python3.14/site-packages/oversteer/application.py'...
Compiling '/tmp/mocha-gamer-essentials-protonplus-20260530-102502/aur-oversteer/pkg/oversteer/usr/lib/python3.14/site-packages/oversteer/combined_chart.py'...
Compiling '/tmp/mocha-gamer-essentials-protonplus-20260530-102502/aur-oversteer/pkg/oversteer/usr/lib/python3.14/site-packages/oversteer/device.py'...
Compiling '/tmp/mocha-gamer-essentials-protonplus-20260530-102502/aur-oversteer/pkg/oversteer/usr/lib/python3.14/site-packages/oversteer/device_manager.py'...
Compiling '/tmp/mocha-gamer-essentials-protonplus-20260530-102502/aur-oversteer/pkg/oversteer/usr/lib/python3.14/site-packages/oversteer/gtk_handlers.py'...
Compiling '/tmp/mocha-gamer-essentials-protonplus-20260530-102502/aur-oversteer/pkg/oversteer/usr/lib/python3.14/site-packages/oversteer/gtk_ui.py'...
Compiling '/tmp/mocha-gamer-essentials-protonplus-20260530-102502/aur-oversteer/pkg/oversteer/usr/lib/python3.14/site-packages/oversteer/gui.py'...
Compiling '/tmp/mocha-gamer-essentials-protonplus-20260530-102502/aur-oversteer/pkg/oversteer/usr/lib/python3.14/site-packages/oversteer/linear_chart.py'...
Compiling '/tmp/mocha-gamer-essentials-protonplus-20260530-102502/aur-oversteer/pkg/oversteer/usr/lib/python3.14/site-packages/oversteer/model.py'...
Compiling '/tmp/mocha-gamer-essentials-protonplus-20260530-102502/aur-oversteer/pkg/oversteer/usr/lib/python3.14/site-packages/oversteer/performance_chart.py'...
Compiling '/tmp/mocha-gamer-essentials-protonplus-20260530-102502/aur-oversteer/pkg/oversteer/usr/lib/python3.14/site-packages/oversteer/signal.py'...
Compiling '/tmp/mocha-gamer-essentials-protonplus-20260530-102502/aur-oversteer/pkg/oversteer/usr/lib/python3.14/site-packages/oversteer/test.py'...
Compiling '/tmp/mocha-gamer-essentials-protonplus-20260530-102502/aur-oversteer/pkg/oversteer/usr/lib/python3.14/site-packages/oversteer/wheel_ids.py'...
Compiling '/tmp/mocha-gamer-essentials-protonplus-20260530-102502/aur-oversteer/pkg/oversteer/usr/lib/python3.14/site-packages/oversteer/__init__.py'...
Compiling '/tmp/mocha-gamer-essentials-protonplus-20260530-102502/aur-oversteer/pkg/oversteer/usr/lib/python3.14/site-packages/oversteer/application.py'...
Compiling '/tmp/mocha-gamer-essentials-protonplus-20260530-102502/aur-oversteer/pkg/oversteer/usr/lib/python3.14/site-packages/oversteer/combined_chart.py'...
Compiling '/tmp/mocha-gamer-essentials-protonplus-20260530-102502/aur-oversteer/pkg/oversteer/usr/lib/python3.14/site-packages/oversteer/device.py'...
Compiling '/tmp/mocha-gamer-essentials-protonplus-20260530-102502/aur-oversteer/pkg/oversteer/usr/lib/python3.14/site-packages/oversteer/device_manager.py'...
Compiling '/tmp/mocha-gamer-essentials-protonplus-20260530-102502/aur-oversteer/pkg/oversteer/usr/lib/python3.14/site-packages/oversteer/gtk_handlers.py'...
Compiling '/tmp/mocha-gamer-essentials-protonplus-20260530-102502/aur-oversteer/pkg/oversteer/usr/lib/python3.14/site-packages/oversteer/gtk_ui.py'...
Compiling '/tmp/mocha-gamer-essentials-protonplus-20260530-102502/aur-oversteer/pkg/oversteer/usr/lib/python3.14/site-packages/oversteer/gui.py'...
Compiling '/tmp/mocha-gamer-essentials-protonplus-20260530-102502/aur-oversteer/pkg/oversteer/usr/lib/python3.14/site-packages/oversteer/linear_chart.py'...
Compiling '/tmp/mocha-gamer-essentials-protonplus-20260530-102502/aur-oversteer/pkg/oversteer/usr/lib/python3.14/site-packages/oversteer/model.py'...
Compiling '/tmp/mocha-gamer-essentials-protonplus-20260530-102502/aur-oversteer/pkg/oversteer/usr/lib/python3.14/site-packages/oversteer/performance_chart.py'...
Compiling '/tmp/mocha-gamer-essentials-protonplus-20260530-102502/aur-oversteer/pkg/oversteer/usr/lib/python3.14/site-packages/oversteer/signal.py'...
Compiling '/tmp/mocha-gamer-essentials-protonplus-20260530-102502/aur-oversteer/pkg/oversteer/usr/lib/python3.14/site-packages/oversteer/test.py'...
Compiling '/tmp/mocha-gamer-essentials-protonplus-20260530-102502/aur-oversteer/pkg/oversteer/usr/lib/python3.14/site-packages/oversteer/wheel_ids.py'...
Installing subdir /tmp/mocha-gamer-essentials-protonplus-20260530-102502/aur-oversteer/src/oversteer-0.8.3/oversteer to /tmp/mocha-gamer-essentials-protonplus-20260530-102502/aur-oversteer/pkg/oversteer/usr/lib/python3.14/site-packages/oversteer
Installing /tmp/mocha-gamer-essentials-protonplus-20260530-102502/aur-oversteer/src/oversteer-0.8.3/oversteer/wheel_ids.py to /tmp/mocha-gamer-essentials-protonplus-20260530-102502/aur-oversteer/pkg/oversteer/usr/lib/python3.14/site-packages/oversteer
Installing /tmp/mocha-gamer-essentials-protonplus-20260530-102502/aur-oversteer/src/oversteer-0.8.3/oversteer/test.py to /tmp/mocha-gamer-essentials-protonplus-20260530-102502/aur-oversteer/pkg/oversteer/usr/lib/python3.14/site-packages/oversteer
Installing /tmp/mocha-gamer-essentials-protonplus-20260530-102502/aur-oversteer/src/oversteer-0.8.3/oversteer/signal.py to /tmp/mocha-gamer-essentials-protonplus-20260530-102502/aur-oversteer/pkg/oversteer/usr/lib/python3.14/site-packages/oversteer
Installing /tmp/mocha-gamer-essentials-protonplus-20260530-102502/aur-oversteer/src/oversteer-0.8.3/oversteer/performance_chart.py to /tmp/mocha-gamer-essentials-protonplus-20260530-102502/aur-oversteer/pkg/oversteer/usr/lib/python3.14/site-packages/oversteer
Installing /tmp/mocha-gamer-essentials-protonplus-20260530-102502/aur-oversteer/src/oversteer-0.8.3/oversteer/model.py to /tmp/mocha-gamer-essentials-protonplus-20260530-102502/aur-oversteer/pkg/oversteer/usr/lib/python3.14/site-packages/oversteer
Installing /tmp/mocha-gamer-essentials-protonplus-20260530-102502/aur-oversteer/src/oversteer-0.8.3/oversteer/main.ui to /tmp/mocha-gamer-essentials-protonplus-20260530-102502/aur-oversteer/pkg/oversteer/usr/lib/python3.14/site-packages/oversteer
Installing /tmp/mocha-gamer-essentials-protonplus-20260530-102502/aur-oversteer/src/oversteer-0.8.3/oversteer/main.css to /tmp/mocha-gamer-essentials-protonplus-20260530-102502/aur-oversteer/pkg/oversteer/usr/lib/python3.14/site-packages/oversteer
Installing /tmp/mocha-gamer-essentials-protonplus-20260530-102502/aur-oversteer/src/oversteer-0.8.3/oversteer/linear_chart.py to /tmp/mocha-gamer-essentials-protonplus-20260530-102502/aur-oversteer/pkg/oversteer/usr/lib/python3.14/site-packages/oversteer
Installing /tmp/mocha-gamer-essentials-protonplus-20260530-102502/aur-oversteer/src/oversteer-0.8.3/oversteer/gui.py to /tmp/mocha-gamer-essentials-protonplus-20260530-102502/aur-oversteer/pkg/oversteer/usr/lib/python3.14/site-packages/oversteer
Installing /tmp/mocha-gamer-essentials-protonplus-20260530-102502/aur-oversteer/src/oversteer-0.8.3/oversteer/gtk_ui.py to /tmp/mocha-gamer-essentials-protonplus-20260530-102502/aur-oversteer/pkg/oversteer/usr/lib/python3.14/site-packages/oversteer
Installing /tmp/mocha-gamer-essentials-protonplus-20260530-102502/aur-oversteer/src/oversteer-0.8.3/oversteer/gtk_handlers.py to /tmp/mocha-gamer-essentials-protonplus-20260530-102502/aur-oversteer/pkg/oversteer/usr/lib/python3.14/site-packages/oversteer
Installing /tmp/mocha-gamer-essentials-protonplus-20260530-102502/aur-oversteer/src/oversteer-0.8.3/oversteer/device_manager.py to /tmp/mocha-gamer-essentials-protonplus-20260530-102502/aur-oversteer/pkg/oversteer/usr/lib/python3.14/site-packages/oversteer
Installing /tmp/mocha-gamer-essentials-protonplus-20260530-102502/aur-oversteer/src/oversteer-0.8.3/oversteer/device.py to /tmp/mocha-gamer-essentials-protonplus-20260530-102502/aur-oversteer/pkg/oversteer/usr/lib/python3.14/site-packages/oversteer
Installing /tmp/mocha-gamer-essentials-protonplus-20260530-102502/aur-oversteer/src/oversteer-0.8.3/oversteer/combined_chart.py to /tmp/mocha-gamer-essentials-protonplus-20260530-102502/aur-oversteer/pkg/oversteer/usr/lib/python3.14/site-packages/oversteer
Installing /tmp/mocha-gamer-essentials-protonplus-20260530-102502/aur-oversteer/src/oversteer-0.8.3/oversteer/application.py to /tmp/mocha-gamer-essentials-protonplus-20260530-102502/aur-oversteer/pkg/oversteer/usr/lib/python3.14/site-packages/oversteer
Installing /tmp/mocha-gamer-essentials-protonplus-20260530-102502/aur-oversteer/src/oversteer-0.8.3/oversteer/__init__.py to /tmp/mocha-gamer-essentials-protonplus-20260530-102502/aur-oversteer/pkg/oversteer/usr/lib/python3.14/site-packages/oversteer
Installing subdir /tmp/mocha-gamer-essentials-protonplus-20260530-102502/aur-oversteer/src/oversteer-0.8.3/data/udev to /tmp/mocha-gamer-essentials-protonplus-20260530-102502/aur-oversteer/pkg/oversteer/usr/lib/udev/rules.d
Installing /tmp/mocha-gamer-essentials-protonplus-20260530-102502/aur-oversteer/src/oversteer-0.8.3/data/udev/99-thrustmaster-wheel-perms.rules to /tmp/mocha-gamer-essentials-protonplus-20260530-102502/aur-oversteer/pkg/oversteer/usr/lib/udev/rules.d
Installing /tmp/mocha-gamer-essentials-protonplus-20260530-102502/aur-oversteer/src/oversteer-0.8.3/data/udev/99-logitech-wheel-perms.rules to /tmp/mocha-gamer-essentials-protonplus-20260530-102502/aur-oversteer/pkg/oversteer/usr/lib/udev/rules.d
Installing /tmp/mocha-gamer-essentials-protonplus-20260530-102502/aur-oversteer/src/oversteer-0.8.3/data/udev/99-fanatec-wheel-perms.rules to /tmp/mocha-gamer-essentials-protonplus-20260530-102502/aur-oversteer/pkg/oversteer/usr/lib/udev/rules.d
Installing data/io.github.berarma.Oversteer.desktop to /tmp/mocha-gamer-essentials-protonplus-20260530-102502/aur-oversteer/pkg/oversteer/usr/share/applications
Installing data/io.github.berarma.Oversteer.appdata.xml to /tmp/mocha-gamer-essentials-protonplus-20260530-102502/aur-oversteer/pkg/oversteer/usr/share/metainfo
Installing po/ca/LC_MESSAGES/oversteer.mo to /tmp/mocha-gamer-essentials-protonplus-20260530-102502/aur-oversteer/pkg/oversteer/usr/share/locale/ca/LC_MESSAGES
Installing po/es/LC_MESSAGES/oversteer.mo to /tmp/mocha-gamer-essentials-protonplus-20260530-102502/aur-oversteer/pkg/oversteer/usr/share/locale/es/LC_MESSAGES
Installing po/gl/LC_MESSAGES/oversteer.mo to /tmp/mocha-gamer-essentials-protonplus-20260530-102502/aur-oversteer/pkg/oversteer/usr/share/locale/gl/LC_MESSAGES
Installing po/ru/LC_MESSAGES/oversteer.mo to /tmp/mocha-gamer-essentials-protonplus-20260530-102502/aur-oversteer/pkg/oversteer/usr/share/locale/ru/LC_MESSAGES
Installing po/fi/LC_MESSAGES/oversteer.mo to /tmp/mocha-gamer-essentials-protonplus-20260530-102502/aur-oversteer/pkg/oversteer/usr/share/locale/fi/LC_MESSAGES
Installing po/tr/LC_MESSAGES/oversteer.mo to /tmp/mocha-gamer-essentials-protonplus-20260530-102502/aur-oversteer/pkg/oversteer/usr/share/locale/tr/LC_MESSAGES
Installing po/de/LC_MESSAGES/oversteer.mo to /tmp/mocha-gamer-essentials-protonplus-20260530-102502/aur-oversteer/pkg/oversteer/usr/share/locale/de/LC_MESSAGES
Installing po/pl/LC_MESSAGES/oversteer.mo to /tmp/mocha-gamer-essentials-protonplus-20260530-102502/aur-oversteer/pkg/oversteer/usr/share/locale/pl/LC_MESSAGES
Installing po/hu/LC_MESSAGES/oversteer.mo to /tmp/mocha-gamer-essentials-protonplus-20260530-102502/aur-oversteer/pkg/oversteer/usr/share/locale/hu/LC_MESSAGES
Installing /tmp/mocha-gamer-essentials-protonplus-20260530-102502/aur-oversteer/src/oversteer-0.8.3/data/io.github.berarma.Oversteer.svg to /tmp/mocha-gamer-essentials-protonplus-20260530-102502/aur-oversteer/pkg/oversteer/usr/share/icons/hicolor/scalable/apps
Installing /tmp/mocha-gamer-essentials-protonplus-20260530-102502/aur-oversteer/src/oversteer-0.8.3/build/bin/oversteer to /tmp/mocha-gamer-essentials-protonplus-20260530-102502/aur-oversteer/pkg/oversteer/usr/bin
Running custom install script '/usr/bin/python /tmp/mocha-gamer-essentials-protonplus-20260530-102502/aur-oversteer/src/oversteer-0.8.3/scripts/meson_post_install.py'
Running custom install script '/usr/bin/python3 /tmp/mocha-gamer-essentials-protonplus-20260530-102502/aur-oversteer/src/oversteer-0.8.3/build/meson-private/pycompile.py python-3.14-installed.json 0'
==> Organizando a instalação...
  -> Removendo arquivos libtool...
  -> Removendo arquivos de biblioteca estática...
  -> Expurgando arquivos indesejados...
  -> Removendo símbolos desnecessários dos executáveis e bibliotecas...
  -> Comprimindo páginas de man e info...
==> Verificando problemas de empacotamento...
==> ATENÇÃO: O pacote contém referência a $pkgdir
usr/lib/python3.14/site-packages/oversteer/__pycache__/wheel_ids.cpython-314.opt-2.pyc
usr/lib/python3.14/site-packages/oversteer/__pycache__/test.cpython-314.opt-2.pyc
usr/lib/python3.14/site-packages/oversteer/__pycache__/signal.cpython-314.opt-2.pyc
usr/lib/python3.14/site-packages/oversteer/__pycache__/performance_chart.cpython-314.opt-2.pyc
usr/lib/python3.14/site-packages/oversteer/__pycache__/model.cpython-314.opt-2.pyc
usr/lib/python3.14/site-packages/oversteer/__pycache__/linear_chart.cpython-314.opt-2.pyc
usr/lib/python3.14/site-packages/oversteer/__pycache__/gui.cpython-314.opt-2.pyc
usr/lib/python3.14/site-packages/oversteer/__pycache__/gtk_ui.cpython-314.opt-2.pyc
usr/lib/python3.14/site-packages/oversteer/__pycache__/gtk_handlers.cpython-314.opt-2.pyc
usr/lib/python3.14/site-packages/oversteer/__pycache__/device_manager.cpython-314.opt-2.pyc
usr/lib/python3.14/site-packages/oversteer/__pycache__/device.cpython-314.opt-2.pyc
usr/lib/python3.14/site-packages/oversteer/__pycache__/combined_chart.cpython-314.opt-2.pyc
usr/lib/python3.14/site-packages/oversteer/__pycache__/application.cpython-314.opt-2.pyc
usr/lib/python3.14/site-packages/oversteer/__pycache__/__init__.cpython-314.opt-2.pyc
==> Criando o pacote "oversteer"...
  -> Gerando o arquivo .PKGINFO...
  -> Gerando o arquivo .BUILDINFO...
  -> Gerando o arquivo .MTREE ...
  -> Compactando o pacote...
==> Saindo do ambiente de fakeroot.
==> Compilação concluída: oversteer 0.8.3-3 (sáb 30 mai 2026 10:31:00)
==> Instalando pacote oversteer com pacman -U...
carregando pacotes...
resolvendo dependências...
procurando pacotes conflitantes...

Pacotes (1) oversteer-0.8.3-3

Tamanho total instalado:  0,95 MiB

:: Continuar a instalação? [S/n] 
verificando chaveiro...
verificando integridade de pacotes...
carregando arquivos do pacote...
verificando conflitos de arquivos...
verificando espaço em disco disponível...
:: Processando alterações do pacote...
instalando oversteer...
:: Executando hooks pós-transação...
(1/4) Reloading device manager configuration...
(2/4) Arming ConditionNeedsUpdate...
(3/4) Updating icon theme caches...
(4/4) Updating the desktop file MIME type cache...

== Clonando PKGBUILD AUR: protonup-qt-bin ==
Cloning into '/tmp/mocha-gamer-essentials-protonplus-20260530-102502/aur-protonup-qt-bin'...

== Instalando AUR pacote a pacote: protonup-qt-bin ==
==> Criando o pacote: protonup-qt-bin 2.15.0-1 (sáb 30 mai 2026 10:31:07)
==> Verificando as dependências de tempo de execução...
==> Verificando as dependências de tempo de compilação...
==> Obtendo fontes...
  -> Baixando ProtonUp-Qt-2.15.0-x86_64.AppImage...
  % Total    % Received % Xferd  Average Speed  Time    Time    Time   Current
                                 Dload  Upload  Total   Spent   Left   Speed
  0      0   0      0   0      0      0      0                              0  0      0   0      0   0      0      0      0                              0  0      0   0      0   0      0      0      0                              0
  0      0   0      0   0      0      0      0                              0 60 62.62M  60 37.93M   0      0 27.09M      0   00:02   00:01   00:01 34.99M100 62.62M 100 62.62M   0      0 28.39M      0   00:02   00:02         34.99M100 62.62M 100 62.62M   0      0 28.39M      0   00:02   00:02         34.99M100 62.62M 100 62.62M   0      0 28.39M      0   00:02   00:02         34.99M
  -> Encontrado protonup-qt.desktop
  -> Encontrado protonup-qt
==> Validando source arquivos com sha256sums...
    ProtonUp-Qt-2.15.0-x86_64.AppImage ... Passou
    protonup-qt.desktop ... Passou
    protonup-qt ... Passou
==> Extraindo fontes...
==> Iniciando prepare()...
Extracting icons from AppImage...
==> Entrando no ambiente de fakeroot...
==> Iniciando package()...
==> Organizando a instalação...
  -> Removendo arquivos libtool...
  -> Removendo arquivos de biblioteca estática...
  -> Expurgando arquivos indesejados...
  -> Copiando arquivos fonte necessários para símbolos de depuração...
  -> Comprimindo páginas de man e info...
==> Verificando problemas de empacotamento...
==> Criando o pacote "protonup-qt-bin"...
  -> Gerando o arquivo .PKGINFO...
  -> Gerando o arquivo .BUILDINFO...
  -> Gerando o arquivo .MTREE ...
  -> Compactando o pacote...
==> Saindo do ambiente de fakeroot.
==> Compilação concluída: protonup-qt-bin 2.15.0-1 (sáb 30 mai 2026 10:31:18)
==> Instalando pacote protonup-qt-bin com pacman -U...
carregando pacotes...
resolvendo dependências...
procurando pacotes conflitantes...

Pacotes (1) protonup-qt-bin-2.15.0-1

Tamanho total instalado:  62,66 MiB

:: Continuar a instalação? [S/n] 
verificando chaveiro...
verificando integridade de pacotes...
carregando arquivos do pacote...
verificando conflitos de arquivos...
verificando espaço em disco disponível...
:: Processando alterações do pacote...
instalando protonup-qt-bin...
:: Executando hooks pós-transação...
(1/3) Arming ConditionNeedsUpdate...
(2/3) Updating icon theme caches...
(3/3) Updating the desktop file MIME type cache...
AVISO: AUR não encontrado ou sem rede: reshade-shaders

== Clonando PKGBUILD AUR: vkbasalt ==
Cloning into '/tmp/mocha-gamer-essentials-protonplus-20260530-102502/aur-vkbasalt'...

== Instalando AUR pacote a pacote: vkbasalt ==
==> Criando o pacote: vkbasalt 0.3.2.10-1 (sáb 30 mai 2026 10:31:25)
==> Verificando as dependências de tempo de execução...
==> Verificando as dependências de tempo de compilação...
==> Instalando dependências não encontradas...
resolvendo dependências...
procurando pacotes conflitantes...

Pacotes (1) spirv-headers-1:1.4.350.0-1

Tamanho total download:   0,18 MiB
Tamanho total instalado:  3,49 MiB

:: Continuar a instalação? [S/n] 
:: Obtendo pacotes...
 spirv-headers-1:1.4.350.0-1-any sendo baixado...
verificando chaveiro...
verificando integridade de pacotes...
carregando arquivos do pacote...
verificando conflitos de arquivos...
verificando espaço em disco disponível...
:: Processando alterações do pacote...
instalando spirv-headers...
:: Executando hooks pós-transação...
(1/1) Arming ConditionNeedsUpdate...
==> Obtendo fontes...
  -> Baixando vkBasalt-0.3.2.10.tar.gz...
  % Total    % Received % Xferd  Average Speed  Time    Time    Time   Current
                                 Dload  Upload  Total   Spent   Left   Speed
  0      0   0      0   0      0      0      0                              0  0      0   0      0   0      0      0      0                              0  0      0   0      0   0      0      0      0                              0
  0      0   0      0   0      0      0      0                              0100 328.0k 100 328.0k   0      0 650.0k      0                              0100 328.0k 100 328.0k   0      0 649.9k      0                              0100 328.0k 100 328.0k   0      0 649.9k      0                              0
==> Validando source arquivos com sha256sums...
    vkBasalt-0.3.2.10.tar.gz ... Passou
==> Extraindo fontes...
  -> Extraindo vkBasalt-0.3.2.10.tar.gz com bsdtar
==> Iniciando prepare()...
==> Iniciando build()...
 has no wrap files
+ exec meson setup --prefix /usr --libexecdir lib --sbindir bin --buildtype plain --auto-features enabled --wrap-mode nodownload -D b_pie=true -D python.bytecompile=1 --buildtype=release build
The Meson build system
Version: 1.11.1
Source dir: /tmp/mocha-gamer-essentials-protonplus-20260530-102502/aur-vkbasalt/src/vkBasalt-0.3.2.10
Build dir: /tmp/mocha-gamer-essentials-protonplus-20260530-102502/aur-vkbasalt/src/vkBasalt-0.3.2.10/build
Build type: native build
Project name: vkBasalt
Project version: undefined
C compiler for the host machine: cc (gcc 16.1.1 "cc (GCC) 16.1.1 20260430")
C linker for the host machine: cc ld.bfd 2.46.0
C++ compiler for the host machine: c++ (gcc 16.1.1 "c++ (GCC) 16.1.1 20260430")
C++ linker for the host machine: c++ ld.bfd 2.46.0
Host machine cpu family: x86_64
Host machine cpu: x86_64
Program glslangValidator found: YES (/usr/bin/glslangValidator)
Compiler for C++ supports arguments -Wno-unknown-pragmas: YES 
Found pkg-config: YES (/usr/bin/pkg-config) 2.5.1
Run-time dependency x11 found: YES 1.8.13
Configuring config_paths.hpp using configuration
Configuring vkBasalt.json using configuration
Build targets in project: 3

vkBasalt undefined

  User defined options
    auto_features     : enabled
    b_pie             : true
    buildtype         : release
    libexecdir        : lib
    prefix            : /usr
    python.bytecompile: 1
    sbindir           : bin
    wrap_mode         : nodownload

Found ninja-1.13.2 at /usr/bin/ninja
Generating targets:   0%|          | 0/3 eta ?                                              Writing build.ninja:   0%|          | 0/88 eta ?                                                ninja: Entering directory `build'
[1/57] Generating 'src/libvkbasalt.so.p/full_screen_triangle.vert.h'
../src/shader/full_screen_triangle.vert.glsl
[2/57] Generating 'src/libvkbasalt.so.p/smaa_edge.vert.h'
../src/shader/smaa_edge.vert.glsl
[3/57] Generating 'src/libvkbasalt.so.p/fxaa.frag.h'
../src/shader/fxaa.frag.glsl
[4/57] Generating 'src/libvkbasalt.so.p/smaa_blend.frag.h'
../src/shader/smaa_blend.frag.glsl
[5/57] Generating 'src/libvkbasalt.so.p/dls.frag.h'
../src/shader/dls.frag.glsl
[6/57] Generating 'src/libvkbasalt.so.p/deband.frag.h'
../src/shader/deband.frag.glsl
[7/57] Generating 'src/libvkbasalt.so.p/smaa_edge_luma.frag.h'
../src/shader/smaa_edge_luma.frag.glsl
[8/57] Generating 'src/libvkbasalt.so.p/smaa_edge_color.frag.h'
../src/shader/smaa_edge_color.frag.glsl
[9/57] Generating 'src/libvkbasalt.so.p/lut.frag.h'
../src/shader/lut.frag.glsl
[10/57] Generating 'src/libvkbasalt.so.p/smaa_blend.vert.h'
../src/shader/smaa_blend.vert.glsl
[11/57] Generating 'src/libvkbasalt.so.p/cas.frag.h'
../src/shader/cas.frag.glsl
[12/57] Generating 'src/libvkbasalt.so.p/smaa_neighbor.frag.h'
../src/shader/smaa_neighbor.frag.glsl
[13/57] Generating 'src/libvkbasalt.so.p/smaa_neighbor.vert.h'
../src/shader/smaa_neighbor.vert.glsl
[14/57] Compiling C++ object src/reshade/libreshade.a.p/effect_lexer.cpp.o
[15/57] Compiling C++ object src/libkeyboard_input_x11.a.p/keyboard_input_x11.cpp.o
[16/57] Linking static target src/libkeyboard_input_x11.a
[17/57] Compiling C++ object src/reshade/libreshade.a.p/effect_expression.cpp.o
[18/57] Compiling C++ object src/libvkbasalt.so.p/effect.cpp.o
[19/57] Compiling C++ object src/libvkbasalt.so.p/command_buffer.cpp.o
[20/57] Compiling C++ object src/reshade/libreshade.a.p/effect_symbol_table.cpp.o
[21/57] Compiling C++ object src/libvkbasalt.so.p/config.cpp.o
[22/57] Compiling C++ object src/libvkbasalt.so.p/buffer.cpp.o
[23/57] Compiling C++ object src/libvkbasalt.so.p/descriptor_set.cpp.o
[24/57] Compiling C++ object src/libvkbasalt.so.p/effect_dls.cpp.o
[25/57] Compiling C++ object src/reshade/libreshade.a.p/effect_preprocessor.cpp.o
[26/57] Compiling C++ object src/libvkbasalt.so.p/effect_cas.cpp.o
[27/57] Compiling C++ object src/libvkbasalt.so.p/effect_deband.cpp.o
[28/57] Compiling C++ object src/libvkbasalt.so.p/effect_fxaa.cpp.o
[29/57] Compiling C++ object src/libvkbasalt.so.p/effect_transfer.cpp.o
[30/57] Compiling C++ object src/reshade/libreshade.a.p/effect_parser.cpp.o
[31/57] Compiling C++ object src/libvkbasalt.so.p/effect_simple.cpp.o
[32/57] Compiling C++ object src/libvkbasalt.so.p/format.cpp.o
[33/57] Compiling C++ object src/libvkbasalt.so.p/fake_swapchain.cpp.o
[34/57] Compiling C++ object src/libvkbasalt.so.p/framebuffer.cpp.o
[35/57] Compiling C++ object src/libvkbasalt.so.p/effect_lut.cpp.o
[36/57] Compiling C++ object src/libvkbasalt.so.p/graphics_pipeline.cpp.o
[37/57] Compiling C object src/libvkbasalt.so.p/stb_image_resize.c.o
[38/57] Compiling C++ object src/libvkbasalt.so.p/image.cpp.o
[39/57] Compiling C++ object src/reshade/libreshade.a.p/effect_codegen_spirv.cpp.o
[40/57] Linking static target src/reshade/libreshade.a
[41/57] Compiling C++ object src/libvkbasalt.so.p/keyboard_input.cpp.o
[42/57] Compiling C++ object src/libvkbasalt.so.p/lut_cube.cpp.o
[43/57] Compiling C++ object src/libvkbasalt.so.p/image_view.cpp.o
[44/57] Compiling C++ object src/libvkbasalt.so.p/logical_swapchain.cpp.o
[45/57] Compiling C++ object src/libvkbasalt.so.p/logger.cpp.o
[46/57] Compiling C object src/libvkbasalt.so.p/stb_image.c.o
[47/57] Compiling C++ object src/libvkbasalt.so.p/memory.cpp.o
[48/57] Compiling C++ object src/libvkbasalt.so.p/util.cpp.o
[49/57] Compiling C++ object src/libvkbasalt.so.p/effect_smaa.cpp.o
[50/57] Compiling C++ object src/libvkbasalt.so.p/renderpass.cpp.o
[51/57] Compiling C++ object src/libvkbasalt.so.p/sampler.cpp.o
[52/57] Compiling C++ object src/libvkbasalt.so.p/shader.cpp.o
[53/57] Compiling C++ object src/libvkbasalt.so.p/vkdispatch.cpp.o
[54/57] Compiling C++ object src/libvkbasalt.so.p/basalt.cpp.o
[55/57] Compiling C++ object src/libvkbasalt.so.p/reshade_uniforms.cpp.o
[56/57] Compiling C++ object src/libvkbasalt.so.p/effect_reshade.cpp.o
[57/57] Linking target src/libvkbasalt.so
==> Entrando no ambiente de fakeroot...
==> Iniciando package()...
ninja: Entering directory `build'
[0/1] Installing files
Installing src/libvkbasalt.so to /tmp/mocha-gamer-essentials-protonplus-20260530-102502/aur-vkbasalt/pkg/vkbasalt/usr/lib
Installing /tmp/mocha-gamer-essentials-protonplus-20260530-102502/aur-vkbasalt/src/vkBasalt-0.3.2.10/build/config/vkBasalt.json to /tmp/mocha-gamer-essentials-protonplus-20260530-102502/aur-vkbasalt/pkg/vkbasalt/usr/share/vulkan/implicit_layer.d
==> Organizando a instalação...
  -> Removendo arquivos libtool...
  -> Removendo arquivos de biblioteca estática...
  -> Expurgando arquivos indesejados...
  -> Removendo símbolos desnecessários dos executáveis e bibliotecas...
  -> Comprimindo páginas de man e info...
==> Verificando problemas de empacotamento...
==> Criando o pacote "vkbasalt"...
  -> Gerando o arquivo .PKGINFO...
  -> Gerando o arquivo .BUILDINFO...
  -> Adicionando o arquivo install...
  -> Gerando o arquivo .MTREE ...
  -> Compactando o pacote...
==> Criando o pacote "vkbasalt-debug"...
  -> Gerando o arquivo .PKGINFO...
  -> Gerando o arquivo .BUILDINFO...
  -> Gerando o arquivo .MTREE ...
  -> Compactando o pacote...
==> Saindo do ambiente de fakeroot.
==> Compilação concluída: vkbasalt 0.3.2.10-1 (sáb 30 mai 2026 10:31:45)
==> Instalando pacote vkbasalt com pacman -U...
carregando pacotes...
resolvendo dependências...
procurando pacotes conflitantes...

Pacotes (2) vkbasalt-0.3.2.10-1  vkbasalt-debug-0.3.2.10-1

Tamanho total instalado:  23,53 MiB

:: Continuar a instalação? [S/n] 
verificando chaveiro...
verificando integridade de pacotes...
carregando arquivos do pacote...
verificando conflitos de arquivos...
verificando espaço em disco disponível...
:: Processando alterações do pacote...
instalando vkbasalt...
A sample config is included at /usr/share/vkBasalt/vkBasalt.conf.example
Please copy it over to ~/.config/vkBasalt/vkBasalt.conf to have vkBasalt use it
Dependências opcionais para vkbasalt
    reshade-shaders-git
instalando vkbasalt-debug...
:: Executando hooks pós-transação...
(1/1) Arming ConditionNeedsUpdate...

== Clonando PKGBUILD AUR: vkbasalt-cli ==
Cloning into '/tmp/mocha-gamer-essentials-protonplus-20260530-102502/aur-vkbasalt-cli'...

== Instalando AUR pacote a pacote: vkbasalt-cli ==
==> Criando o pacote: vkbasalt-cli 3.1.1-3 (sáb 30 mai 2026 10:33:26)
==> Verificando as dependências de tempo de execução...
==> Verificando as dependências de tempo de compilação...
==> Instalando dependências não encontradas...
resolvendo dependências...
procurando pacotes conflitantes...

Pacotes (3) python-pyproject-hooks-1.2.0-6  python-build-1.4.3-1  python-installer-1.0.0-1

Tamanho total download:   0,13 MiB
Tamanho total instalado:  0,57 MiB

:: Continuar a instalação? [S/n] 
:: Obtendo pacotes...
 python-build-1.4.3-1-any sendo baixado...
 python-installer-1.0.0-1-any sendo baixado...
 python-pyproject-hooks-1.2.0-6-any sendo baixado...
verificando chaveiro...
verificando integridade de pacotes...
carregando arquivos do pacote...
verificando conflitos de arquivos...
verificando espaço em disco disponível...
:: Processando alterações do pacote...
instalando python-pyproject-hooks...
instalando python-build...
Dependências opcionais para python-build
    python-pip: to use as the Python package installer (default)
    python-uv: to use as the Python package installer
    python-virtualenv: to use virtualenv for build isolation
instalando python-installer...
:: Executando hooks pós-transação...
(1/1) Arming ConditionNeedsUpdate...
==> Obtendo fontes...
  -> Clonando repositório vkbasalt-cli do tipo git...
Cloning into bare repository '/tmp/mocha-gamer-essentials-protonplus-20260530-102502/aur-vkbasalt-cli/vkbasalt-cli'...
==> Validando source arquivos com sha256sums...
    vkbasalt-cli ... Ignorada
==> Extraindo fontes...
  -> Criando cópia de trabalho do repositório vkbasalt-cli do tipo git...
Cloning into 'vkbasalt-cli'...
done.
Switched to a new branch 'makepkg'
==> Iniciando build()...
* Getting build dependencies for wheel...
/usr/lib/python3.14/site-packages/setuptools/dist.py:332: InformationOnly: Normalizing 'v3.1.1' to '3.1.1'
  self.metadata.version = self._normalize_version(self.metadata.version)
running egg_info
creating vkbasalt_cli.egg-info
writing vkbasalt_cli.egg-info/PKG-INFO
writing dependency_links to vkbasalt_cli.egg-info/dependency_links.txt
writing entry points to vkbasalt_cli.egg-info/entry_points.txt
writing top-level names to vkbasalt_cli.egg-info/top_level.txt
writing manifest file 'vkbasalt_cli.egg-info/SOURCES.txt'
reading manifest file 'vkbasalt_cli.egg-info/SOURCES.txt'
adding license file 'COPYING'
adding license file 'COPYING.GPLv3'
adding license file 'COPYING.LGPLv3'
writing manifest file 'vkbasalt_cli.egg-info/SOURCES.txt'
* Building wheel...
/usr/lib/python3.14/site-packages/setuptools/dist.py:332: InformationOnly: Normalizing 'v3.1.1' to '3.1.1'
  self.metadata.version = self._normalize_version(self.metadata.version)
running bdist_wheel
running build
running build_py
creating build/lib/vkbasalt
copying vkbasalt/lib.py -> build/lib/vkbasalt
copying vkbasalt/cli.py -> build/lib/vkbasalt
copying vkbasalt/__init__.py -> build/lib/vkbasalt
installing to build/bdist.linux-x86_64/wheel
running install
running install_lib
creating build/bdist.linux-x86_64/wheel
creating build/bdist.linux-x86_64/wheel/vkbasalt
copying build/lib/vkbasalt/__init__.py -> build/bdist.linux-x86_64/wheel/./vkbasalt
copying build/lib/vkbasalt/cli.py -> build/bdist.linux-x86_64/wheel/./vkbasalt
copying build/lib/vkbasalt/lib.py -> build/bdist.linux-x86_64/wheel/./vkbasalt
running install_egg_info
running egg_info
writing vkbasalt_cli.egg-info/PKG-INFO
writing dependency_links to vkbasalt_cli.egg-info/dependency_links.txt
writing entry points to vkbasalt_cli.egg-info/entry_points.txt
writing top-level names to vkbasalt_cli.egg-info/top_level.txt
reading manifest file 'vkbasalt_cli.egg-info/SOURCES.txt'
adding license file 'COPYING'
adding license file 'COPYING.GPLv3'
adding license file 'COPYING.LGPLv3'
writing manifest file 'vkbasalt_cli.egg-info/SOURCES.txt'
Copying vkbasalt_cli.egg-info to build/bdist.linux-x86_64/wheel/./vkbasalt_cli-3.1.1-py3.14.egg-info
running install_scripts
creating build/bdist.linux-x86_64/wheel/vkbasalt_cli-3.1.1.dist-info/WHEEL
creating '/tmp/mocha-gamer-essentials-protonplus-20260530-102502/aur-vkbasalt-cli/src/vkbasalt-cli/dist/.tmp-z3snc0tq/vkbasalt_cli-3.1.1-py3-none-any.whl' and adding 'build/bdist.linux-x86_64/wheel' to it
adding 'vkbasalt/__init__.py'
adding 'vkbasalt/cli.py'
adding 'vkbasalt/lib.py'
adding 'vkbasalt_cli-3.1.1.dist-info/licenses/COPYING'
adding 'vkbasalt_cli-3.1.1.dist-info/licenses/COPYING.GPLv3'
adding 'vkbasalt_cli-3.1.1.dist-info/licenses/COPYING.LGPLv3'
adding 'vkbasalt_cli-3.1.1.dist-info/METADATA'
adding 'vkbasalt_cli-3.1.1.dist-info/WHEEL'
adding 'vkbasalt_cli-3.1.1.dist-info/entry_points.txt'
adding 'vkbasalt_cli-3.1.1.dist-info/top_level.txt'
adding 'vkbasalt_cli-3.1.1.dist-info/RECORD'
removing build/bdist.linux-x86_64/wheel
Successfully built vkbasalt_cli-3.1.1-py3-none-any.whl
==> Entrando no ambiente de fakeroot...
==> Iniciando package()...
==> Organizando a instalação...
  -> Removendo arquivos libtool...
  -> Removendo arquivos de biblioteca estática...
  -> Expurgando arquivos indesejados...
  -> Removendo símbolos desnecessários dos executáveis e bibliotecas...
  -> Comprimindo páginas de man e info...
==> Verificando problemas de empacotamento...
==> Criando o pacote "vkbasalt-cli"...
  -> Gerando o arquivo .PKGINFO...
  -> Gerando o arquivo .BUILDINFO...
  -> Gerando o arquivo .MTREE ...
  -> Compactando o pacote...
==> Saindo do ambiente de fakeroot.
==> Compilação concluída: vkbasalt-cli 3.1.1-3 (sáb 30 mai 2026 10:33:33)
==> Instalando pacote vkbasalt-cli com pacman -U...
carregando pacotes...
resolvendo dependências...
procurando pacotes conflitantes...

Pacotes (1) vkbasalt-cli-3.1.1-3

Tamanho total instalado:  0,09 MiB

:: Continuar a instalação? [S/n] 
verificando chaveiro...
verificando integridade de pacotes...
carregando arquivos do pacote...
verificando conflitos de arquivos...
verificando espaço em disco disponível...
:: Processando alterações do pacote...
instalando vkbasalt-cli...
:: Executando hooks pós-transação...
(1/1) Arming ConditionNeedsUpdate...

== Coletando estado final ==

== Gerando documento de política ==

== Atualizando manual principal se encontrado ==

== Resumo final ==
Log:        /media/mochafast/MochaArch/ativo/relatorios/20260530-102502-mocha-gamer-essentials-protonplus-install.log
Relatório:  /media/mochafast/MochaArch/ativo/relatorios/20260530-102502-mocha-gamer-essentials-protonplus-install.md
TSV:        /media/mochafast/MochaArch/ativo/relatorios/20260530-102502-mocha-gamer-essentials-protonplus-install.tsv
Política:   /media/mochafast/MochaArch/ativo/documentacao/20260530-102502-mocha-gamer-essentials-protonplus-politica.md
Script:     /media/mochafast/MochaArch/ativo/scripts/20260530-102502-mocha-instalar-gamer-essentials-protonplus.sh
AUR audit:  /media/mochafast/MochaArch/ativo/aur/pkgbuilds-auditados
Manual:     /media/mochafast/MochaArch/ativo/documentacao/20260529-211221-tema-mocha-aprovado-validado-e-manual-corrigido.md

Concluído. ProtonPlus foi priorizado; ProtonUp-Qt ficou como alternativa; wrapper oficial não foi alterado.
