== MOCHAARCH — auditoria somente leitura do erro no último boot ==
Timestamp: 20260531-205037
Log: /media/mochafast/MochaArch/ativo/relatorios/20260531-205037-auditoria-erro-ultimo-boot.log

[1/9] Confirmando sudo uma vez...

================================================================
[2/9] Identidade do sistema e boot atual
================================================================

+ date
dom 31 mai 2026 20:50:40 -03

+ uname -a
Linux Mocha 7.0.10-zen1-1-zen #1 ZEN SMP PREEMPT_DYNAMIC Sat, 23 May 2026 14:45:01 +0000 x86_64 GNU/Linux

+ uptime
 20:50:40 up 1 min,  1 user,  load average: 2,15, 0,72, 0,25

+ cat /proc/cmdline
BOOT_IMAGE=/boot/vmlinuz-linux-zen root=UUID=2a8beb39-04e6-4520-a873-9134a2f73f53 rw quiet splash loglevel=3 nvidia_drm.modeset=1 nvidia_drm.fbdev=1 modprobe.blacklist=nouveau nouveau.modeset=0 resume=UUID=c55827ce-1ead-4561-84c9-435612a8862b

+ findmnt -R / /home /media/vmstore /media/mochafast

+ swapon --show
NAME           TYPE       SIZE USED  PRIO
/dev/zram0     partition 15,4G   0B 32767
/dev/nvme0n1p3 partition   17G   0B    -1

+ free -h
               total       usada       livre    compart.  buff/cache  disponível
Mem.:           15Gi       3,2Gi        11Gi        90Mi       1,3Gi        12Gi
Swap:           32Gi          0B        32Gi

================================================================
[3/9] Lista de boots registrados
================================================================

+ journalctl --list-boots --no-pager
IDX BOOT ID                          FIRST ENTRY                 LAST ENTRY
-14 945b9df6e55b4546aa9ee7bf57112ae3 Fri 2026-05-29 20:18:03 -03 Fri 2026-05-29 20:41:04 -03
-13 aa78f3fc6fce43cf80b58b132354adc8 Fri 2026-05-29 20:41:35 -03 Fri 2026-05-29 20:51:22 -03
-12 9bddaac4c4ff465b80f60495952e4dc2 Fri 2026-05-29 20:51:45 -03 Fri 2026-05-29 21:06:18 -03
-11 17684cef472e491f8fdf785af6a32282 Fri 2026-05-29 21:06:41 -03 Sat 2026-05-30 00:32:14 -03
-10 36c2ab5959d34f8584e3f29bbde17a72 Sat 2026-05-30 05:38:09 -03 Sat 2026-05-30 11:00:16 -03
 -9 fac0b79e09dd4330b16f8e08311c1a95 Sat 2026-05-30 11:00:42 -03 Sat 2026-05-30 13:43:00 -03
 -8 19f7451d8a5542b584aece5a303e2b4e Sat 2026-05-30 13:43:21 -03 Sat 2026-05-30 14:04:23 -03
 -7 8993dc7c13f24f5bade4e1917f82cf85 Sat 2026-05-30 14:04:46 -03 Sat 2026-05-30 14:39:46 -03
 -6 556b9145cfb840fbbca1ae3cbab97944 Sat 2026-05-30 14:40:09 -03 Sat 2026-05-30 16:04:12 -03
 -5 f47c0542b9a24d76861311800f3b4c09 Sat 2026-05-30 16:04:33 -03 Sat 2026-05-30 21:11:41 -03
 -4 ef2e91d7ae0b45259ea202f039a03c30 Sat 2026-05-30 21:21:08 -03 Sun 2026-05-31 00:54:16 -03
 -3 bd5dd378a5dd4426917696867d3df252 Sun 2026-05-31 05:27:14 -03 Sun 2026-05-31 10:48:40 -03
 -2 6324185062194732b2bc2120b855f362 Sun 2026-05-31 14:12:50 -03 Sun 2026-05-31 18:18:36 -03
 -1 7061c6e0a70945b2a22b4a9593d4e9f9 Sun 2026-05-31 20:38:47 -03 Sun 2026-05-31 20:48:52 -03
  0 56c25cb75eeb4bbd825997b98cbebdcd Sun 2026-05-31 20:49:16 -03 Sun 2026-05-31 20:50:40 -03

================================================================
[4/9] Unidades systemd falhadas no boot atual
================================================================

+ systemctl --failed --no-pager --full
  UNIT LOAD ACTIVE SUB DESCRIPTION

0 loaded units listed.

================================================================
[5/9] Erros críticos do boot atual
================================================================

+ /usr/bin/sudo journalctl -b 0 -p 0..3 --no-pager --output=short-precise
mai 31 20:49:16.397938 Mocha kernel: 
mai 31 20:49:20.643907 Mocha bluetoothd[799]: Failed to set default system config for hci0
mai 31 20:49:38.901788 Mocha org_kde_powerdevil[1357]: [  1357][  6.867279] Time since library initialized:   6.867278 seconds
mai 31 20:49:38.901792 Mocha org_kde_powerdevil[1357]: [  1357][  6.867284] Extra delay starting dw_start_watch_displays: 0 millisec
mai 31 20:49:39.493946 Mocha pulseaudio[1224]: Failed to open connection to session manager: None of the authentication protocols specified are supported
mai 31 20:49:39.493957 Mocha pulseaudio[1224]: Failed to load module "module-x11-xsmp" (argument: "display=:0 xauthority=/run/user/1000/xauth_ecaAbk session_manager=local/Mocha:@/tmp/.ICE-unix/1242,unix/Mocha:/tmp/.ICE-unix/1242"): initialization failed.

================================================================
[6/9] Erros e avisos do kernel no boot atual
================================================================

+ /usr/bin/sudo journalctl -k -b 0 -p 0..4 --no-pager --output=short-precise
mai 31 20:49:16.254907 Mocha kernel: rust_binder: Loaded Rust Binder.
mai 31 20:49:16.261174 Mocha kernel: sd 6:0:0:0: [sdc] Optimal transfer size 33553920 bytes not a multiple of preferred minimum block size (4096 bytes)
mai 31 20:49:16.283939 Mocha kernel: nvidia: loading out-of-tree module taints kernel.
mai 31 20:49:16.397938 Mocha kernel: 
mai 31 20:49:16.407938 Mocha kernel: NVRM: loading NVIDIA UNIX Open Kernel Module for x86_64  610.43.02  Release Build  (root@Mocha)  
mai 31 20:49:17.683944 Mocha kernel: asus_wmi: failed to register LPS0 sleep handler in asus-wmi
mai 31 20:49:30.709936 Mocha kernel: nvme nvme0: using unchecked data buffer
mai 31 20:49:30.716940 Mocha kernel: block nvme0n1: No UUID available providing old NGUID

================================================================
[7/9] Linhas relevantes do boot atual: boot, disco, mount, NVIDIA, KDE, Wayland, hibernação
================================================================
mai 31 20:49:16.201313 Mocha kernel: Command line: BOOT_IMAGE=/boot/vmlinuz-linux-zen root=UUID=2a8beb39-04e6-4520-a873-9134a2f73f53 rw quiet splash loglevel=3 nvidia_drm.modeset=1 nvidia_drm.fbdev=1 modprobe.blacklist=nouveau nouveau.modeset=0 resume=UUID=c55827ce-1ead-4561-84c9-435612a8862b
mai 31 20:49:16.201407 Mocha kernel: BIOS-e820: [mem 0x000000000a200000-0x000000000a20cfff]  ACPI NVS
mai 31 20:49:16.201450 Mocha kernel: BIOS-e820: [mem 0x00000000c42ad000-0x00000000c4424fff]  ACPI data
mai 31 20:49:16.201455 Mocha kernel: BIOS-e820: [mem 0x00000000c4425000-0x00000000c5bd1fff]  ACPI NVS
mai 31 20:49:16.201678 Mocha kernel: efi: ACPI=0xc4424000 ACPI 2.0=0xc4424014 TPMFinalLog=0xc4b87000 SMBIOS=0xc69f1000 SMBIOS 3.0=0xc69f0000 MEMATTR=0xc0ce5018 ESRT=0xc0ab3498 INITRD=0xbb58b818 RNG=0xc4404c18 TPMEventLog=0xc42fc018 
mai 31 20:49:16.201895 Mocha kernel: ACPI: Early table checksum verification disabled
mai 31 20:49:16.201901 Mocha kernel: ACPI: RSDP 0x00000000C4424014 000024 (v02 ALASKA)
mai 31 20:49:16.201907 Mocha kernel: ACPI: XSDT 0x00000000C4423728 0000CC (v01 ALASKA A M I    01072009 AMI  01000013)
mai 31 20:49:16.201913 Mocha kernel: ACPI: FACP 0x00000000C4414000 000114 (v06 ALASKA A M I    01072009 AMI  00010013)
mai 31 20:49:16.201919 Mocha kernel: ACPI: DSDT 0x00000000C4409000 00AC09 (v02 ALASKA A M I    01072009 INTL 20120913)
mai 31 20:49:16.201925 Mocha kernel: ACPI: FACS 0x00000000C4BB7000 000040
mai 31 20:49:16.201975 Mocha kernel: ACPI: IVRS 0x00000000C4422000 0000D0 (v02 AMD    AmdTable 00000001 AMD  00000001)
mai 31 20:49:16.201982 Mocha kernel: ACPI: SSDT 0x00000000C441A000 0072B0 (v02 AMD    Artic    00000002 MSFT 04000000)
mai 31 20:49:16.201989 Mocha kernel: ACPI: SSDT 0x00000000C4416000 003B8E (v02 AMD    AMD AOD  00000001 INTL 20120913)
mai 31 20:49:16.201995 Mocha kernel: ACPI: SSDT 0x00000000C4415000 000221 (v02 ALASKA CPUSSDT  01072009 AMI  01072009)
mai 31 20:49:16.202007 Mocha kernel: ACPI: FIDT 0x00000000C4408000 00009C (v01 ALASKA A M I    01072009 AMI  00010013)
mai 31 20:49:16.202013 Mocha kernel: ACPI: MCFG 0x00000000C4406000 00003C (v01 ALASKA A M I    01072009 MSFT 00010013)
mai 31 20:49:16.202019 Mocha kernel: ACPI: HPET 0x00000000C4405000 000038 (v01 ALASKA A M I    01072009 AMI  00000005)
mai 31 20:49:16.202026 Mocha kernel: ACPI: BGRT 0x00000000C4403000 000038 (v01 ALASKA A M I    01072009 AMI  00010013)
mai 31 20:49:16.202032 Mocha kernel: ACPI: WPBT 0x00000000C431A000 00003C (v01 ALASKA A M I    00000001 ASUS 00000001)
mai 31 20:49:16.202038 Mocha kernel: ACPI: TPM2 0x00000000C4319000 00004C (v04 ALASKA A M I    00000001 AMI  00000000)
mai 31 20:49:16.202044 Mocha kernel: ACPI: SSDT 0x00000000C4313000 005354 (v02 AMD    AmdTable 00000001 AMD  00000001)
mai 31 20:49:16.202050 Mocha kernel: ACPI: CRAT 0x00000000C4312000 000EE8 (v01 AMD    AmdTable 00000001 AMD  00000001)
mai 31 20:49:16.202056 Mocha kernel: ACPI: CDIT 0x00000000C4311000 000029 (v01 AMD    AmdTable 00000001 AMD  00000001)
mai 31 20:49:16.202062 Mocha kernel: ACPI: SSDT 0x00000000C4310000 000259 (v02 AMD    ArticDGP 00000001 INTL 20120913)
mai 31 20:49:16.202068 Mocha kernel: ACPI: SSDT 0x00000000C430C000 003E6E (v02 AMD    ArticN   00000001 INTL 20120913)
mai 31 20:49:16.202074 Mocha kernel: ACPI: WSMT 0x00000000C430B000 000028 (v01 ALASKA A M I    01072009 AMI  00010013)
mai 31 20:49:16.202080 Mocha kernel: ACPI: APIC 0x00000000C430A000 00015E (v04 ALASKA A M I    01072009 AMI  00010013)
mai 31 20:49:16.202086 Mocha kernel: ACPI: SSDT 0x00000000C4309000 00007D (v02 AMD    ArticDIS 00000001 INTL 20120913)
mai 31 20:49:16.202092 Mocha kernel: ACPI: SSDT 0x00000000C4308000 0000BF (v01 AMD    AmdTable 00001000 INTL 20120913)
mai 31 20:49:16.202098 Mocha kernel: ACPI: FPDT 0x00000000C4307000 000044 (v01 ALASKA A M I    01072009 AMI  01000013)
mai 31 20:49:16.202104 Mocha kernel: ACPI: Reserving FACP table memory at [mem 0xc4414000-0xc4414113]
mai 31 20:49:16.202110 Mocha kernel: ACPI: Reserving DSDT table memory at [mem 0xc4409000-0xc4413c08]
mai 31 20:49:16.202117 Mocha kernel: ACPI: Reserving FACS table memory at [mem 0xc4bb7000-0xc4bb703f]
mai 31 20:49:16.202123 Mocha kernel: ACPI: Reserving IVRS table memory at [mem 0xc4422000-0xc44220cf]
mai 31 20:49:16.202129 Mocha kernel: ACPI: Reserving SSDT table memory at [mem 0xc441a000-0xc44212af]
mai 31 20:49:16.202135 Mocha kernel: ACPI: Reserving SSDT table memory at [mem 0xc4416000-0xc4419b8d]
mai 31 20:49:16.202141 Mocha kernel: ACPI: Reserving SSDT table memory at [mem 0xc4415000-0xc4415220]
mai 31 20:49:16.202147 Mocha kernel: ACPI: Reserving FIDT table memory at [mem 0xc4408000-0xc440809b]
mai 31 20:49:16.202152 Mocha kernel: ACPI: Reserving MCFG table memory at [mem 0xc4406000-0xc440603b]
mai 31 20:49:16.202158 Mocha kernel: ACPI: Reserving HPET table memory at [mem 0xc4405000-0xc4405037]
mai 31 20:49:16.202164 Mocha kernel: ACPI: Reserving BGRT table memory at [mem 0xc4403000-0xc4403037]
mai 31 20:49:16.202170 Mocha kernel: ACPI: Reserving WPBT table memory at [mem 0xc431a000-0xc431a03b]
mai 31 20:49:16.202176 Mocha kernel: ACPI: Reserving TPM2 table memory at [mem 0xc4319000-0xc431904b]
mai 31 20:49:16.202182 Mocha kernel: ACPI: Reserving SSDT table memory at [mem 0xc4313000-0xc4318353]
mai 31 20:49:16.202188 Mocha kernel: ACPI: Reserving CRAT table memory at [mem 0xc4312000-0xc4312ee7]
mai 31 20:49:16.202193 Mocha kernel: ACPI: Reserving CDIT table memory at [mem 0xc4311000-0xc4311028]
mai 31 20:49:16.202199 Mocha kernel: ACPI: Reserving SSDT table memory at [mem 0xc4310000-0xc4310258]
mai 31 20:49:16.202205 Mocha kernel: ACPI: Reserving SSDT table memory at [mem 0xc430c000-0xc430fe6d]
mai 31 20:49:16.202211 Mocha kernel: ACPI: Reserving WSMT table memory at [mem 0xc430b000-0xc430b027]
mai 31 20:49:16.202216 Mocha kernel: ACPI: Reserving APIC table memory at [mem 0xc430a000-0xc430a15d]
mai 31 20:49:16.202222 Mocha kernel: ACPI: Reserving SSDT table memory at [mem 0xc4309000-0xc430907c]
mai 31 20:49:16.202228 Mocha kernel: ACPI: Reserving SSDT table memory at [mem 0xc4308000-0xc43080be]
mai 31 20:49:16.202234 Mocha kernel: ACPI: Reserving FPDT table memory at [mem 0xc4307000-0xc4307043]
mai 31 20:49:16.202252 Mocha kernel: NODE_DATA(0) allocated [mem 0x42e2d5280-0x42e2fffff]
mai 31 20:49:16.202258 Mocha kernel: ACPI: PM-Timer IO Port: 0x808
mai 31 20:49:16.202264 Mocha kernel: ACPI: LAPIC_NMI (acpi_id[0xff] high edge lint[0x1])
mai 31 20:49:16.202282 Mocha kernel: ACPI: INT_SRC_OVR (bus 0 bus_irq 0 global_irq 2 dfl dfl)
mai 31 20:49:16.202288 Mocha kernel: ACPI: INT_SRC_OVR (bus 0 bus_irq 9 global_irq 9 low level)
mai 31 20:49:16.202294 Mocha kernel: ACPI: Using ACPI (MADT) for SMP configuration information
mai 31 20:49:16.202300 Mocha kernel: ACPI: HPET id: 0x10228201 base: 0xfed00000
mai 31 20:49:16.202371 Mocha kernel: PM: hibernation: Registered nosave memory: [mem 0x00000000-0x00000fff]
mai 31 20:49:16.202377 Mocha kernel: PM: hibernation: Registered nosave memory: [mem 0x000a0000-0x000fffff]
mai 31 20:49:16.202383 Mocha kernel: PM: hibernation: Registered nosave memory: [mem 0x09d1f000-0x09ffffff]
mai 31 20:49:16.202389 Mocha kernel: PM: hibernation: Registered nosave memory: [mem 0x0a200000-0x0a20cfff]
mai 31 20:49:16.202395 Mocha kernel: PM: hibernation: Registered nosave memory: [mem 0x0b000000-0x0b01ffff]
mai 31 20:49:16.202401 Mocha kernel: PM: hibernation: Registered nosave memory: [mem 0xbe482000-0xbe482fff]
mai 31 20:49:16.202407 Mocha kernel: PM: hibernation: Registered nosave memory: [mem 0xbf454000-0xbf547fff]
mai 31 20:49:16.202413 Mocha kernel: PM: hibernation: Registered nosave memory: [mem 0xc0ab3000-0xc0ab3fff]
mai 31 20:49:16.202419 Mocha kernel: PM: hibernation: Registered nosave memory: [mem 0xc3f4a000-0xc6bfefff]
mai 31 20:49:16.202425 Mocha kernel: PM: hibernation: Registered nosave memory: [mem 0xc8000000-0xffffffff]
mai 31 20:49:16.202617 Mocha kernel: Kernel command line: BOOT_IMAGE=/boot/vmlinuz-linux-zen root=UUID=2a8beb39-04e6-4520-a873-9134a2f73f53 rw quiet splash loglevel=3 nvidia_drm.modeset=1 nvidia_drm.fbdev=1 modprobe.blacklist=nouveau nouveau.modeset=0 resume=UUID=c55827ce-1ead-4561-84c9-435612a8862b
mai 31 20:49:16.202630 Mocha kernel: printk: log buffer data + meta data: 131072 + 557056 = 688128 bytes
mai 31 20:49:16.202802 Mocha kernel: ACPI: Core revision 20251212
mai 31 20:49:16.202951 Mocha kernel: Spectre V1 : Mitigation: usercopy/swapgs barriers and __user pointer sanitization
mai 31 20:49:16.203077 Mocha kernel: Mount-cache hash table entries: 32768 (order: 6, 262144 bytes, linear)
mai 31 20:49:16.203083 Mocha kernel: Mountpoint-cache hash table entries: 32768 (order: 6, 262144 bytes, linear)
mai 31 20:49:16.203089 Mocha kernel: VFS: Finished mounting rootfs on nullfs
mai 31 20:49:16.203240 Mocha kernel: Memory: 16033324K/16567148K available (25063K kernel code, 3061K rwdata, 16576K rodata, 4972K init, 4984K bss, 511028K reserved, 0K cma-reserved)
mai 31 20:49:16.203259 Mocha kernel: ACPI: PM: Registering ACPI NVS region [mem 0x0a200000-0x0a20cfff] (53248 bytes)
mai 31 20:49:16.203264 Mocha kernel: ACPI: PM: Registering ACPI NVS region [mem 0xc4425000-0xc5bd1fff] (24825856 bytes)
mai 31 20:49:16.203288 Mocha kernel: PM: RTC time: 23:49:12, date: 2026-05-31
mai 31 20:49:16.203378 Mocha kernel: acpiphp: ACPI Hot Plug PCI Controller Driver version: 0.5
mai 31 20:49:16.203438 Mocha kernel: ACPI: Added _OSI(Module Device)
mai 31 20:49:16.203443 Mocha kernel: ACPI: Added _OSI(Processor Device)
mai 31 20:49:16.203449 Mocha kernel: ACPI: Added _OSI(Processor Aggregator Device)
mai 31 20:49:16.203455 Mocha kernel: ACPI: 9 ACPI AML tables successfully acquired and loaded
mai 31 20:49:16.203461 Mocha kernel: ACPI: [Firmware Bug]: BIOS _OSI(Linux) query ignored
mai 31 20:49:16.203468 Mocha kernel: ACPI: \_SB_: platform _OSC: OS support mask [006e7eff]
mai 31 20:49:16.203474 Mocha kernel: ACPI: Interpreter enabled
mai 31 20:49:16.203480 Mocha kernel: ACPI: PM: (supports S0 S3 S4 S5)
mai 31 20:49:16.203495 Mocha kernel: ACPI: Using IOAPIC for interrupt routing
mai 31 20:49:16.203502 Mocha kernel: PCI: Using host bridge windows from ACPI; if necessary, use "pci=nocrs" and report a bug
mai 31 20:49:16.203514 Mocha kernel: ACPI: Enabled 4 GPEs in block 00 to 1F
mai 31 20:49:16.203520 Mocha kernel: ACPI: PCI Root Bridge [PCI0] (domain 0000 [bus 00-ff])
mai 31 20:49:16.203744 Mocha kernel: acpi PNP0A08:00: _OSC: OS supports [ExtendedConfig ASPM ClockPM Segments MSI EDR HPX-Type3]
mai 31 20:49:16.203892 Mocha kernel: acpi PNP0A08:00: _OSC: platform does not support [SHPCHotplug LTR DPC]
mai 31 20:49:16.204051 Mocha kernel: acpi PNP0A08:00: _OSC: OS now controls [PCIeHotplug PME AER PCIeCapability]
mai 31 20:49:16.204191 Mocha kernel: acpi PNP0A08:00: [Firmware Info]: ECAM [mem 0xf0000000-0xf7ffffff] for domain 0000 [bus 00-7f] only partially covers this bridge
mai 31 20:49:16.224279 Mocha kernel: ACPI: PCI: Interrupt link LNKA configured for IRQ 0
mai 31 20:49:16.224286 Mocha kernel: ACPI: PCI: Interrupt link LNKB configured for IRQ 0
mai 31 20:49:16.224293 Mocha kernel: ACPI: PCI: Interrupt link LNKC configured for IRQ 0
mai 31 20:49:16.224299 Mocha kernel: ACPI: PCI: Interrupt link LNKD configured for IRQ 0
mai 31 20:49:16.224305 Mocha kernel: ACPI: PCI: Interrupt link LNKE configured for IRQ 0
mai 31 20:49:16.224311 Mocha kernel: ACPI: PCI: Interrupt link LNKF configured for IRQ 0
mai 31 20:49:16.224317 Mocha kernel: ACPI: PCI: Interrupt link LNKG configured for IRQ 0
mai 31 20:49:16.224323 Mocha kernel: ACPI: PCI: Interrupt link LNKH configured for IRQ 0
mai 31 20:49:16.224347 Mocha kernel: libata version 3.00 loaded.
mai 31 20:49:16.224354 Mocha kernel: ACPI: bus type USB registered
mai 31 20:49:16.224425 Mocha kernel: PCI: Using ACPI for IRQ routing
mai 31 20:49:16.225122 Mocha kernel: acpi PNP0C01:00: Reserved [mem 0xf0000000-0xf7ffffff]
mai 31 20:49:16.225273 Mocha kernel: acpi PNP0C02:00: Reserved [mem 0xfeb80000-0xfebfffff]
mai 31 20:49:16.225448 Mocha kernel: acpi PNP0C02:01: Could not reserve [mem 0x1000000000000 window]
mai 31 20:49:16.225608 Mocha kernel: acpi PNP0C02:02: Reserved [mem 0xfd100000-0xfd1fffff]
mai 31 20:49:16.225784 Mocha kernel: acpi PNP0C02:03: Reserved [io  0x0290-0x029f]
mai 31 20:49:16.225943 Mocha kernel: acpi PNP0C02:03: Reserved [io  0x0200-0x021f]
mai 31 20:49:16.226143 Mocha kernel: acpi PNP0C02:04: Skipped [io  0x0010-0x001f]
mai 31 20:49:16.226292 Mocha kernel: acpi PNP0C02:04: Skipped [io  0x0022-0x003f]
mai 31 20:49:16.226463 Mocha kernel: acpi PNP0C02:04: Skipped [io  0x0063]
mai 31 20:49:16.226620 Mocha kernel: acpi PNP0C02:04: Skipped [io  0x0065]
mai 31 20:49:16.226782 Mocha kernel: acpi PNP0C02:04: Skipped [io  0x0067-0x006f]
mai 31 20:49:16.226946 Mocha kernel: acpi PNP0C02:04: Skipped [io  0x0072-0x007f]
mai 31 20:49:16.227100 Mocha kernel: acpi PNP0C02:04: Skipped [io  0x0080]
mai 31 20:49:16.227268 Mocha kernel: acpi PNP0C02:04: Skipped [io  0x0084-0x0086]
mai 31 20:49:16.227416 Mocha kernel: acpi PNP0C02:04: Skipped [io  0x0088]
mai 31 20:49:16.227560 Mocha kernel: acpi PNP0C02:04: Skipped [io  0x008c-0x008e]
mai 31 20:49:16.227719 Mocha kernel: acpi PNP0C02:04: Skipped [io  0x0090-0x009f]
mai 31 20:49:16.227867 Mocha kernel: acpi PNP0C02:04: Skipped [io  0x00a2-0x00bf]
mai 31 20:49:16.228021 Mocha kernel: acpi PNP0C02:04: Skipped [io  0x00b1]
mai 31 20:49:16.228166 Mocha kernel: acpi PNP0C02:04: Skipped [io  0x00e0-0x00ef]
mai 31 20:49:16.228330 Mocha kernel: acpi PNP0C02:04: Reserved [io  0x04d0-0x04d1]
mai 31 20:49:16.228484 Mocha kernel: acpi PNP0C02:04: Reserved [io  0x040b]
mai 31 20:49:16.228651 Mocha kernel: acpi PNP0C02:04: Reserved [io  0x04d6]
mai 31 20:49:16.228797 Mocha kernel: acpi PNP0C02:04: Reserved [io  0x0c00-0x0c01]
mai 31 20:49:16.228948 Mocha kernel: acpi PNP0C02:04: Reserved [io  0x0c14]
mai 31 20:49:16.229095 Mocha kernel: acpi PNP0C02:04: Reserved [io  0x0c50-0x0c51]
mai 31 20:49:16.229258 Mocha kernel: acpi PNP0C02:04: Reserved [io  0x0c52]
mai 31 20:49:16.229421 Mocha kernel: acpi PNP0C02:04: Reserved [io  0x0c6c]
mai 31 20:49:16.229567 Mocha kernel: acpi PNP0C02:04: Reserved [io  0x0c6f]
mai 31 20:49:16.229718 Mocha kernel: acpi PNP0C02:04: Reserved [io  0x0cd8-0x0cdf]
mai 31 20:49:16.229890 Mocha kernel: acpi PNP0C02:04: Reserved [io  0x0800-0x089f]
mai 31 20:49:16.230052 Mocha kernel: acpi PNP0C02:04: Reserved [io  0x0b00-0x0b0f]
mai 31 20:49:16.230212 Mocha kernel: acpi PNP0C02:04: Reserved [io  0x0b20-0x0b3f]
mai 31 20:49:16.230359 Mocha kernel: acpi PNP0C02:04: Reserved [io  0x0900-0x090f]
mai 31 20:49:16.230511 Mocha kernel: acpi PNP0C02:04: Reserved [io  0x0910-0x091f]
mai 31 20:49:16.230668 Mocha kernel: acpi PNP0C02:04: Could not reserve [mem 0xfec00000-0xfec00fff]
mai 31 20:49:16.230816 Mocha kernel: acpi PNP0C02:04: Could not reserve [mem 0xfec01000-0xfec01fff]
mai 31 20:49:16.230968 Mocha kernel: acpi PNP0C02:04: Reserved [mem 0xfedc0000-0xfedc0fff]
mai 31 20:49:16.231137 Mocha kernel: acpi PNP0C02:04: Reserved [mem 0xfee00000-0xfee00fff]
mai 31 20:49:16.231307 Mocha kernel: acpi PNP0C02:04: Could not reserve [mem 0xfed80000-0xfed8ffff]
mai 31 20:49:16.231471 Mocha kernel: acpi PNP0C02:04: Reserved [mem 0xfec10000-0xfec10fff]
mai 31 20:49:16.231620 Mocha kernel: acpi PNP0C02:04: Reserved [mem 0xff000000-0xffffffff]
mai 31 20:49:16.231629 Mocha kernel: pnp: PnP ACPI init
mai 31 20:49:16.231790 Mocha kernel: pnp: PnP ACPI: found 2 devices
mai 31 20:49:16.231797 Mocha kernel: clocksource: acpi_pm: mask: 0xffffff max_cycles: 0xffffff, max_idle_ns: 2085701024 ns
mai 31 20:49:16.238562 Mocha kernel: Trying to unpack rootfs image as initramfs...
mai 31 20:49:16.243946 Mocha kernel: ACPI: button: Power Button [PWRB]
mai 31 20:49:16.243963 Mocha kernel: ACPI: button: Power Button [PWRF]
mai 31 20:49:16.244315 Mocha kernel: ahci 0000:02:00.1: AHCI vers 0001.0301, 32 command slots, 6 Gbps, SATA mode
mai 31 20:49:16.245539 Mocha kernel: ata1: SATA max UDMA/133 abar m131072@0xfc780000 port 0xfc780100 irq 40 lpm-pol 3
mai 31 20:49:16.245545 Mocha kernel: ata2: SATA max UDMA/133 abar m131072@0xfc780000 port 0xfc780180 irq 40 lpm-pol 3
mai 31 20:49:16.245552 Mocha kernel: ata3: DUMMY
mai 31 20:49:16.245558 Mocha kernel: ata4: DUMMY
mai 31 20:49:16.245564 Mocha kernel: ata5: SATA max UDMA/133 abar m131072@0xfc780000 port 0xfc780300 irq 40 lpm-pol 3
mai 31 20:49:16.245571 Mocha kernel: ata6: SATA max UDMA/133 abar m131072@0xfc780000 port 0xfc780380 irq 40 lpm-pol 3
mai 31 20:49:16.245577 Mocha kernel: ACPI: bus type drm_connector registered
mai 31 20:49:16.254719 Mocha kernel: simple-framebuffer simple-framebuffer.0: [drm] Registered 1 planes with drm panic
mai 31 20:49:16.254729 Mocha kernel: [drm] Initialized simpledrm 1.0.0 for simple-framebuffer.0 on minor 0
mai 31 20:49:16.254879 Mocha kernel: simple-framebuffer simple-framebuffer.0: [drm] fb0: simpledrmdrmfb frame buffer device
mai 31 20:49:16.255019 Mocha kernel: zswap: loaded using pool zstd
mai 31 20:49:16.255044 Mocha kernel: Btrfs loaded, zoned=yes, fsverity=yes
mai 31 20:49:16.255156 Mocha kernel: PM:   Magic number: 10:553:859
mai 31 20:49:16.255162 Mocha kernel: RAS: Correctable Errors collector initialized.
mai 31 20:49:16.255168 Mocha kernel: ata6: SATA link down (SStatus 0 SControl 330)
mai 31 20:49:16.255174 Mocha kernel: ata2: SATA link down (SStatus 0 SControl 300)
mai 31 20:49:16.256120 Mocha kernel: ata5: SATA link up 6.0 Gbps (SStatus 133 SControl 300)
mai 31 20:49:16.256126 Mocha kernel: ata1: SATA link up 6.0 Gbps (SStatus 133 SControl 300)
mai 31 20:49:16.256133 Mocha kernel: ata1.00: ATA-10: KINGSTON SA400S37480G, SBFKKB.3, max UDMA/133
mai 31 20:49:16.256139 Mocha kernel: ata1.00: 937703088 sectors, multi 1: LBA48 NCQ (depth 32), AA
mai 31 20:49:16.256145 Mocha kernel: ata1.00: Features: DIPM
mai 31 20:49:16.256152 Mocha kernel: ata1.00: configured for UDMA/133
mai 31 20:49:16.256158 Mocha kernel: ata5.00: ATA-9: WDC WD20PURZ-85GU6Y0, 80.00A80, max UDMA/133
mai 31 20:49:16.256165 Mocha kernel: ata5.00: 3907029168 sectors, multi 16: LBA48 NCQ (depth 32), AA
mai 31 20:49:16.256171 Mocha kernel: ata5.00: Features: HIPM DIPM
mai 31 20:49:16.256177 Mocha kernel: ata5.00: configured for UDMA/133
mai 31 20:49:16.256345 Mocha kernel: scsi 0:0:0:0: Direct-Access     ATA      KINGSTON SA400S3 KB.3 PQ: 0 ANSI: 5
mai 31 20:49:16.257013 Mocha kernel: scsi 4:0:0:0: Direct-Access     ATA      WDC WD20PURZ-85G 0A80 PQ: 0 ANSI: 5
mai 31 20:49:16.258702 Mocha kernel: PM: genpd: Disabling unused power domains
mai 31 20:49:16.258714 Mocha kernel: Freeing unused kernel image (initmem) memory: 4972K
mai 31 20:49:16.258721 Mocha kernel: Write protecting the kernel read-only data: 45056k
mai 31 20:49:16.258727 Mocha kernel: Freeing unused kernel image (text/rodata gap) memory: 1560K
mai 31 20:49:16.258733 Mocha kernel: Freeing unused kernel image (rodata/data gap) memory: 1856K
mai 31 20:49:16.258746 Mocha kernel: rodata_test: all tests were successful
mai 31 20:49:16.262349 Mocha kernel: nvme nvme0: pci function 0000:08:00.0
mai 31 20:49:16.262464 Mocha kernel: nvme nvme0: allocated 64 MiB host memory buffer (1 segment).
mai 31 20:49:16.262579 Mocha kernel: nvme nvme0: 8/0/0 default/read/poll queues
mai 31 20:49:16.262750 Mocha kernel:  nvme0n1: p1 p2 p3
mai 31 20:49:16.265555 Mocha kernel: PM: Image not found (code -22)
mai 31 20:49:16.265581 Mocha kernel: SGI XFS with ACLs, security attributes, realtime, scrub, repair, quota, no debug enabled
mai 31 20:49:16.265587 Mocha kernel: XFS (nvme0n1p2): Mounting V5 Filesystem 2a8beb39-04e6-4520-a873-9134a2f73f53
mai 31 20:49:16.265594 Mocha kernel: XFS (nvme0n1p2): Ending clean mount
mai 31 20:49:16.265630 Mocha kernel: zram: Added device: zram0
mai 31 20:49:16.265702 Mocha systemd[1]: Created slice Slice /system/systemd-zram-setup.
mai 31 20:49:16.265722 Mocha systemd[1]: Set up automount Arbitrary Executable File Formats File System Automount Point.
mai 31 20:49:16.265749 Mocha systemd[1]: Expecting device /dev/zram0...
mai 31 20:49:16.265762 Mocha systemd[1]: Reached target Image Downloads.
mai 31 20:49:16.265892 Mocha systemd[1]: Listening on User Database Manager Socket.
mai 31 20:49:16.265898 Mocha systemd[1]: Mounting Huge Pages File System...
mai 31 20:49:16.265905 Mocha systemd[1]: Mounting POSIX Message Queue File System...
mai 31 20:49:16.265911 Mocha systemd[1]: Mounting Kernel Debug File System...
mai 31 20:49:16.265918 Mocha systemd[1]: Mounting Kernel Trace File System...
mai 31 20:49:16.265935 Mocha systemd[1]: Starting Monitoring of LVM2 mirrors, snapshots etc. using dmeventd or progress polling...
mai 31 20:49:16.265950 Mocha systemd[1]: Mounting Kernel Configuration File System...
mai 31 20:49:16.265957 Mocha systemd[1]: Load Kernel Module drm skipped, unmet condition check ConditionKernelModuleLoaded=!drm
mai 31 20:49:16.265976 Mocha systemd[1]: Mounting FUSE Control File System...
mai 31 20:49:16.265990 Mocha systemd[1]: Clear Stale Hibernate Storage Info skipped, unmet condition check ConditionPathExists=/sys/firmware/efi/efivars/HibernateLocation-8cf2644b-4b0b-428f-9387-6d876050dc67
mai 31 20:49:16.266016 Mocha systemd[1]: Starting Remount Root and Kernel File Systems...
mai 31 20:49:16.266055 Mocha systemd[1]: Mounted Huge Pages File System.
mai 31 20:49:16.266061 Mocha systemd[1]: Mounted POSIX Message Queue File System.
mai 31 20:49:16.266067 Mocha systemd[1]: Mounted Kernel Debug File System.
mai 31 20:49:16.266074 Mocha systemd[1]: Mounted Kernel Trace File System.
mai 31 20:49:16.266080 Mocha systemd[1]: Mounted Kernel Configuration File System.
mai 31 20:49:16.266087 Mocha systemd[1]: Mounted FUSE Control File System.
mai 31 20:49:16.266100 Mocha systemd[1]: Finished Remount Root and Kernel File Systems.
mai 31 20:49:16.266107 Mocha systemd[1]: Rebuild Hardware Database skipped, unmet condition check ConditionNeedsUpdate=/etc
mai 31 20:49:16.266736 Mocha systemd[1]: Starting User Database Manager...
mai 31 20:49:16.283777 Mocha systemd[1]: proc-sys-fs-binfmt_misc.automount: Got automount request for /proc/sys/fs/binfmt_misc, triggered by 414 ((systemd-userd))
mai 31 20:49:16.283939 Mocha kernel: nvidia: loading out-of-tree module taints kernel.
mai 31 20:49:16.283956 Mocha kernel: nvidia: module verification failed: signature and/or required key missing - tainting kernel
mai 31 20:49:16.295264 Mocha systemd[1]: Finished Monitoring of LVM2 mirrors, snapshots etc. using dmeventd or progress polling.
mai 31 20:49:16.394956 Mocha kernel: nvidia-nvlink: Nvlink Core is being initialized, major device number 237
mai 31 20:49:16.398006 Mocha kernel: nvidia 0000:01:00.0: vgaarb: VGA decodes changed: olddecodes=io+mem,decodes=none:owns=none
mai 31 20:49:16.407938 Mocha kernel: NVRM: loading NVIDIA UNIX Open Kernel Module for x86_64  610.43.02  Release Build  (root@Mocha)  
mai 31 20:49:16.458771 Mocha systemd-modules-load[395]: Inserted module 'nvidia_uvm'
mai 31 20:49:17.189429 Mocha systemd[1]: Mounting Arbitrary Executable File Formats File System...
mai 31 20:49:17.201928 Mocha systemd[1]: Mounted Arbitrary Executable File Formats File System.
mai 31 20:49:17.216613 Mocha systemd[1]: Started User Database Manager.
mai 31 20:49:17.264235 Mocha systemd[1]: Set up automount media-mochafast.automount.
mai 31 20:49:17.264324 Mocha systemd[1]: Listening on Disk Image Download Service Socket.
mai 31 20:49:17.406833 Mocha systemd[1]: Found device /dev/zram0.
mai 31 20:49:17.407699 Mocha systemd[1]: Starting Create swap on /dev/zram0...
mai 31 20:49:17.434954 Mocha kernel: zram0: detected capacity change from 0 to 32307200
mai 31 20:49:17.440410 Mocha systemd-makefs[534]: Formatting /dev/zram0 as swap
mai 31 20:49:17.452427 Mocha systemd-makefs[534]: /dev/zram0 successfully formatted as swap (label "zram0", uuid 2847c443-e8e1-4bbe-87f6-91243a0ca63a)
mai 31 20:49:17.453917 Mocha systemd[1]: Finished Create swap on /dev/zram0.
mai 31 20:49:17.455021 Mocha systemd[1]: Activating swap Compressed Swap on /dev/zram0...
mai 31 20:49:17.553789 Mocha kernel: Adding 16153596k swap on /dev/zram0.  Priority:32767 extents:1 across:16153596k SSDsc
mai 31 20:49:17.564221 Mocha systemd[1]: Found device KINGSTON SNV2S1000G swap.
mai 31 20:49:17.565193 Mocha systemd[1]: Activated swap Compressed Swap on /dev/zram0.
mai 31 20:49:17.577945 Mocha kernel: nvidia-modeset: Loading NVIDIA UNIX Open Kernel Mode Setting Driver for x86_64  610.43.02  Release Build  (root@Mocha)  
mai 31 20:49:17.591146 Mocha kernel: [drm] [nvidia-drm] [GPU ID 0x00000100] Loading driver
mai 31 20:49:17.631450 Mocha systemd[1]: Found device WDC_WD20PURZ-85GU6Y0 vmstore.
mai 31 20:49:17.683944 Mocha kernel: asus_wmi: failed to register LPS0 sleep handler in asus-wmi
mai 31 20:49:17.692001 Mocha kernel: input: HDA NVidia HDMI/DP,pcm=3 as /devices/pci0000:00/0000:00:01.1/0000:01:00.1/sound/card0/input27
mai 31 20:49:17.692074 Mocha kernel: input: HDA NVidia HDMI/DP,pcm=7 as /devices/pci0000:00/0000:00:01.1/0000:01:00.1/sound/card0/input28
mai 31 20:49:17.692103 Mocha kernel: input: HDA NVidia HDMI/DP,pcm=8 as /devices/pci0000:00/0000:00:01.1/0000:01:00.1/sound/card0/input29
mai 31 20:49:17.692121 Mocha kernel: input: HDA NVidia HDMI/DP,pcm=9 as /devices/pci0000:00/0000:00:01.1/0000:01:00.1/sound/card0/input30
mai 31 20:49:18.444103 Mocha (udev-worker)[472]: input1: Process '/bin/input-remapper-control --command autoload --device ' failed with exit code 2.
mai 31 20:49:18.461042 Mocha (udev-worker)[512]: input2: Process '/bin/input-remapper-control --command autoload --device ' failed with exit code 2.
mai 31 20:49:18.496063 Mocha (udev-worker)[484]: input31: Process '/bin/input-remapper-control --command autoload --device ' failed with exit code 2.
mai 31 20:49:18.496398 Mocha (udev-worker)[475]: input0: Process '/bin/input-remapper-control --command autoload --device ' failed with exit code 2.
mai 31 20:49:18.501511 Mocha (udev-worker)[496]: input12: Process '/bin/input-remapper-control --command autoload --device ' failed with exit code 2.
mai 31 20:49:18.507271 Mocha (udev-worker)[499]: input3: Process '/bin/input-remapper-control --command autoload --device ' failed with exit code 2.
mai 31 20:49:18.519708 Mocha (udev-worker)[506]: input24: Process '/bin/input-remapper-control --command autoload --device ' failed with exit code 2.
mai 31 20:49:18.537566 Mocha (udev-worker)[507]: input27: Process '/bin/input-remapper-control --command autoload --device ' failed with exit code 2.
mai 31 20:49:18.541246 Mocha (udev-worker)[489]: input21: Process '/bin/input-remapper-control --command autoload --device ' failed with exit code 2.
mai 31 20:49:18.544038 Mocha (udev-worker)[514]: input10: Process '/bin/input-remapper-control --command autoload --device ' failed with exit code 2.
mai 31 20:49:18.575725 Mocha (udev-worker)[491]: input20: Process '/bin/input-remapper-control --command autoload --device ' failed with exit code 2.
mai 31 20:49:18.582736 Mocha (udev-worker)[494]: input29: Process '/bin/input-remapper-control --command autoload --device ' failed with exit code 2.
mai 31 20:49:18.592060 Mocha (udev-worker)[479]: input26: Process '/bin/input-remapper-control --command autoload --device ' failed with exit code 2.
mai 31 20:49:18.596313 Mocha (udev-worker)[486]: input30: Process '/bin/input-remapper-control --command autoload --device ' failed with exit code 2.
mai 31 20:49:18.602274 Mocha (udev-worker)[493]: input19: Process '/bin/input-remapper-control --command autoload --device ' failed with exit code 2.
mai 31 20:49:18.610877 Mocha (udev-worker)[482]: input28: Process '/bin/input-remapper-control --command autoload --device ' failed with exit code 2.
mai 31 20:49:18.615101 Mocha (udev-worker)[474]: input23: Process '/bin/input-remapper-control --command autoload --device ' failed with exit code 2.
mai 31 20:49:18.615602 Mocha (udev-worker)[513]: input22: Process '/bin/input-remapper-control --command autoload --device ' failed with exit code 2.
mai 31 20:49:18.619043 Mocha (udev-worker)[480]: input25: Process '/bin/input-remapper-control --command autoload --device ' failed with exit code 2.
mai 31 20:49:18.649291 Mocha (udev-worker)[490]: input13: Process '/bin/input-remapper-control --command autoload --device ' failed with exit code 2.
mai 31 20:49:18.653126 Mocha (udev-worker)[488]: input11: Process '/bin/input-remapper-control --command autoload --device ' failed with exit code 2.
mai 31 20:49:18.665130 Mocha (udev-worker)[503]: input4: Process '/bin/input-remapper-control --command autoload --device ' failed with exit code 2.
mai 31 20:49:19.485743 Mocha kernel: [drm] Initialized nvidia-drm 0.0.0 for 0000:01:00.0 on minor 1
mai 31 20:49:19.504208 Mocha systemd[1]: Activating swap Swap Partition...
mai 31 20:49:19.504949 Mocha kernel: nvidia 0000:01:00.0: vgaarb: deactivate vga console
mai 31 20:49:19.511240 Mocha systemd[1]: Mounting /media/vmstore...
mai 31 20:49:19.530235 Mocha systemd[1]: Clear Stale Hibernate Storage Info skipped, unmet condition check ConditionPathExists=/sys/firmware/efi/efivars/HibernateLocation-8cf2644b-4b0b-428f-9387-6d876050dc67
mai 31 20:49:19.530347 Mocha systemd[1]: Rebuild Hardware Database skipped, unmet condition check ConditionNeedsUpdate=/etc
mai 31 20:49:19.542953 Mocha kernel: Adding 17774484k swap on /dev/nvme0n1p3.  Priority:-1 extents:1 across:17774484k SS
mai 31 20:49:19.543957 Mocha kernel: XFS (sdb1): Mounting V5 Filesystem b81630a0-0756-45e4-9cb2-c7f16637a1c6
mai 31 20:49:19.581508 Mocha systemd[1]: Activated swap Swap Partition.
mai 31 20:49:19.595259 Mocha kernel: fbcon: nvidia-drmdrmfb (fb0) is primary device
mai 31 20:49:19.595442 Mocha kernel: nvidia 0000:01:00.0: [drm] fb0: nvidia-drmdrmfb frame buffer device
mai 31 20:49:19.603770 Mocha systemd[1]: Reached target Swaps.
mai 31 20:49:19.615370 Mocha systemd-fsck[758]: /dev/nvme0n1p1: 5 files, 84/523262 clusters
mai 31 20:49:19.615098 Mocha systemd[1]: Mounting /tmp...
mai 31 20:49:19.618963 Mocha (udev-worker)[498]: mouse0: Process '/bin/input-remapper-control --command autoload --device /dev/input/mouse0' failed with exit code 1.
mai 31 20:49:19.624857 Mocha (udev-worker)[514]: event9: Process '/bin/input-remapper-control --command autoload --device /dev/input/event9' failed with exit code 1.
mai 31 20:49:19.626141 Mocha (udev-worker)[507]: mouse1: Process '/bin/input-remapper-control --command autoload --device /dev/input/mouse1' failed with exit code 1.
mai 31 20:49:19.632389 Mocha (udev-worker)[512]: event2: Process '/bin/input-remapper-control --command autoload --device /dev/input/event2' failed with exit code 1.
mai 31 20:49:19.649675 Mocha (udev-worker)[499]: event3: Process '/bin/input-remapper-control --command autoload --device /dev/input/event3' failed with exit code 1.
mai 31 20:49:19.650189 Mocha systemd[1]: Mounted /tmp.
mai 31 20:49:19.680758 Mocha (udev-worker)[518]: event11: Process '/bin/input-remapper-control --command autoload --device /dev/input/event11' failed with exit code 1.
mai 31 20:49:19.693768 Mocha (udev-worker)[481]: event7: Process '/bin/input-remapper-control --command autoload --device /dev/input/event7' failed with exit code 1.
mai 31 20:49:19.711321 Mocha (udev-worker)[515]: event21: Process '/bin/input-remapper-control --command autoload --device /dev/input/event21' failed with exit code 1.
mai 31 20:49:19.729181 Mocha (udev-worker)[494]: event15: Process '/bin/input-remapper-control --command autoload --device /dev/input/event15' failed with exit code 1.
mai 31 20:49:19.740556 Mocha (udev-worker)[478]: event1: Process '/bin/input-remapper-control --command autoload --device /dev/input/event1' failed with exit code 1.
mai 31 20:49:19.747067 Mocha (udev-worker)[505]: mice: Process '/bin/input-remapper-control --command autoload --device /dev/input/mice' failed with exit code 1.
mai 31 20:49:19.756049 Mocha (udev-worker)[517]: event17: Process '/bin/input-remapper-control --command autoload --device /dev/input/event17' failed with exit code 1.
mai 31 20:49:19.762575 Mocha (udev-worker)[516]: event0: Process '/bin/input-remapper-control --command autoload --device /dev/input/event0' failed with exit code 1.
mai 31 20:49:19.768406 Mocha (udev-worker)[493]: event5: Process '/bin/input-remapper-control --command autoload --device /dev/input/event5' failed with exit code 1.
mai 31 20:49:19.768406 Mocha (udev-worker)[479]: event16: Process '/bin/input-remapper-control --command autoload --device /dev/input/event16' failed with exit code 1.
mai 31 20:49:19.776145 Mocha (udev-worker)[486]: event8: Process '/bin/input-remapper-control --command autoload --device /dev/input/event8' failed with exit code 1.
mai 31 20:49:19.777495 Mocha (udev-worker)[473]: event18: Process '/bin/input-remapper-control --command autoload --device /dev/input/event18' failed with exit code 1.
mai 31 20:49:19.786968 Mocha (udev-worker)[503]: event4: Process '/bin/input-remapper-control --command autoload --device /dev/input/event4' failed with exit code 1.
mai 31 20:49:19.794947 Mocha kernel: XFS (sdb1): Ending clean mount
mai 31 20:49:19.797608 Mocha systemd[1]: Mounted /media/vmstore.
mai 31 20:49:19.800593 Mocha (udev-worker)[476]: event19: Process '/bin/input-remapper-control --command autoload --device /dev/input/event19' failed with exit code 1.
mai 31 20:49:19.800593 Mocha (udev-worker)[477]: event6: Process '/bin/input-remapper-control --command autoload --device /dev/input/event6' failed with exit code 1.
mai 31 20:49:19.806122 Mocha (udev-worker)[490]: event12: Process '/bin/input-remapper-control --command autoload --device /dev/input/event12' failed with exit code 1.
mai 31 20:49:19.823273 Mocha (udev-worker)[484]: event14: Process '/bin/input-remapper-control --command autoload --device /dev/input/event14' failed with exit code 1.
mai 31 20:49:19.825017 Mocha (udev-worker)[474]: event13: Process '/bin/input-remapper-control --command autoload --device /dev/input/event13' failed with exit code 1.
mai 31 20:49:19.825649 Mocha (udev-worker)[506]: event20: Process '/bin/input-remapper-control --command autoload --device /dev/input/event20' failed with exit code 1.
mai 31 20:49:19.828851 Mocha (udev-worker)[488]: event10: Process '/bin/input-remapper-control --command autoload --device /dev/input/event10' failed with exit code 1.
mai 31 20:49:20.370106 Mocha systemd[1]: Mounting /boot/efi...
mai 31 20:49:20.398356 Mocha systemd[1]: Mounted /boot/efi.
mai 31 20:49:20.400397 Mocha systemd[1]: Listening on System Extension Image Management.
mai 31 20:49:20.401094 Mocha systemd[1]: Starting Tell Plymouth To Write Out Runtime Data...
mai 31 20:49:20.428927 Mocha systemd[1]: Finished Tell Plymouth To Write Out Runtime Data.
mai 31 20:49:20.469611 Mocha systemd[1]: Rebuild Journal Catalog skipped, unmet condition check ConditionNeedsUpdate=/var
mai 31 20:49:20.469631 Mocha systemd[1]: Save Transient machine-id to Disk skipped, unmet condition check ConditionPathIsMountPoint=/etc/machine-id
mai 31 20:49:20.491089 Mocha systemd[1]: Started Update the plocate database daily.
mai 31 20:49:20.592978 Mocha systemd[1]: Starting NVIDIA Persistence Daemon...
mai 31 20:49:20.599251 Mocha nvidia-persistenced[804]: Started (804)
mai 31 20:49:20.604742 Mocha systemd[1]: Started NVIDIA Persistence Daemon.
mai 31 20:49:20.625267 Mocha avahi-daemon[798]: Failed to parse address 'fe80::1%enp4s0', ignoring.
mai 31 20:49:20.643907 Mocha bluetoothd[799]: Failed to set default system config for hci0
mai 31 20:49:20.967394 Mocha systemd[1]: Starting Plasma Login Manager...
mai 31 20:49:20.989914 Mocha systemd[1]: Started Plasma Login Manager.
mai 31 20:49:21.041060 Mocha plasmalogin[871]: Initializing...
mai 31 20:49:21.045100 Mocha plasmalogin[871]: Starting...
mai 31 20:49:21.045212 Mocha plasmalogin[871]: Logind interface found
mai 31 20:49:21.045652 Mocha plasmalogin[871]: Adding new display...
mai 31 20:49:21.048985 Mocha plasmalogin[871]: Using VT 1
mai 31 20:49:21.049097 Mocha plasmalogin[871]: Display server started.
mai 31 20:49:21.049110 Mocha plasmalogin[871]: Socket server starting...
mai 31 20:49:21.049333 Mocha plasmalogin[871]: Socket server started.
mai 31 20:49:21.049457 Mocha plasmalogin[871]: Greeter starting...
mai 31 20:49:21.065896 Mocha plasmalogin-helper[874]: [PAM] Starting...
mai 31 20:49:21.065904 Mocha plasmalogin-helper[874]: [PAM] Authenticating...
mai 31 20:49:21.065967 Mocha plasmalogin-helper[874]: [PAM] returning.
mai 31 20:49:21.067664 Mocha plasmalogin-helper[874]: pam_unix(plasmalogin-greeter:session): session opened for user plasmalogin(uid=956) by (uid=0)
mai 31 20:49:21.076490 Mocha systemd-logind[802]: New session 'c1' of user 'plasmalogin' with class 'greeter' and type 'wayland'.
mai 31 20:49:21.103029 Mocha dbus-broker-launch[794]: Activation request for 'org.freedesktop.home1' failed: The systemd unit 'dbus-org.freedesktop.home1.service' could not be found.
mai 31 20:49:21.104771 Mocha (systemd)[884]: pam_warn(systemd-user:setcred): function=[pam_sm_setcred] flags=0x8002 service=[systemd-user] terminal=[] user=[plasmalogin] ruser=[<unknown>] rhost=[<unknown>]
mai 31 20:49:21.106128 Mocha (systemd)[884]: pam_unix(systemd-user:session): session opened for user plasmalogin(uid=956) by plasmalogin(uid=0)
mai 31 20:49:21.107137 Mocha systemd-logind[802]: New session '1' of user 'plasmalogin' with class 'manager-early' and type 'unspecified'.
mai 31 20:49:21.288974 Mocha systemd[884]: Cleanup lingering KCrash metadata skipped, unmet condition check ConditionPathExistsGlob=/var/lib/plasmalogin/.cache/kcrash-metadata/*.ini
mai 31 20:49:21.288984 Mocha systemd[884]: Submitting pending crash events skipped, unmet condition check ConditionPathExistsGlob=/var/lib/plasmalogin/.cache/drkonqi/sentry-envelopes/*
mai 31 20:49:21.290895 Mocha systemd[884]: Listening on Disk Image Download Service Socket.
mai 31 20:49:21.297094 Mocha systemd[884]: Cleanup lingering KCrash metadata skipped, unmet condition check ConditionPathExistsGlob=/var/lib/plasmalogin/.cache/kcrash-metadata/*.ini
mai 31 20:49:21.297890 Mocha systemd[1]: Started Session c1 of User plasmalogin.
mai 31 20:49:21.298414 Mocha plasmalogin-helper[874]: Starting Wayland user session: "/usr/share/plasmalogin/scripts/wayland-session" "/usr/bin/startplasma-login-wayland"
mai 31 20:49:21.299381 Mocha plasmalogin-helper[914]: Jumping to VT 1
mai 31 20:49:21.300139 Mocha plasmalogin-helper[914]: VT mode fixed
mai 31 20:49:21.302006 Mocha plasmalogin[871]: Greeter session started successfully
mai 31 20:49:21.487545 Mocha dbus-broker-launch[932]: Service file '/usr/share//dbus-1/services/org.kde.plasma.Notifications.service' is not named after the D-Bus name 'org.freedesktop.Notifications'.
mai 31 20:49:21.599166 Mocha kwin_wayland[934]: Failed to gain real time thread priority (See CAP_SYS_NICE in the capabilities(7) man page). error: Operation not permitted
mai 31 20:49:21.681025 Mocha kwin_wayland[934]: No backend specified, automatically choosing drm
mai 31 20:49:21.683515 Mocha kwin_wayland[934]: Accepting client connections on sockets: QList("wayland-0")
mai 31 20:49:21.757291 Mocha kwin_wayland[934]: Failed to gain real time thread priority (See CAP_SYS_NICE in the capabilities(7) man page). error: Operação não permitida
mai 31 20:49:21.761890 Mocha kwin_wayland[934]: XKB: /usr/share/X11/locale/pt_BR.UTF-8/Compose:13:28: this compose sequence already exists; overriding
mai 31 20:49:21.761897 Mocha kwin_wayland[934]: XKB: /usr/share/X11/locale/pt_BR.UTF-8/Compose:14:28: this compose sequence already exists; overriding
mai 31 20:49:21.761901 Mocha kwin_wayland[934]: XKB: /usr/share/X11/locale/pt_BR.UTF-8/Compose:16:34: this compose sequence already exists; overriding
mai 31 20:49:21.761905 Mocha kwin_wayland[934]: XKB: /usr/share/X11/locale/pt_BR.UTF-8/Compose:17:34: this compose sequence already exists; overriding
mai 31 20:49:21.761910 Mocha kwin_wayland[934]: XKB: /usr/share/X11/locale/pt_BR.UTF-8/Compose:19:39: a sequence already exists which is a prefix of this sequence; overriding
mai 31 20:49:21.877004 Mocha kwin_wayland[934]: Failed to gain real time thread priority (See CAP_SYS_NICE in the capabilities(7) man page). error: Operação não permitida
mai 31 20:49:22.238644 Mocha systemd[884]: Started Plasma Login.
mai 31 20:49:22.239308 Mocha systemd[884]: Started Plasma Wallpaper on Login screen.
mai 31 20:49:22.239396 Mocha systemd[884]: Reached target plasma-login-wayland.target.
mai 31 20:49:22.332759 Mocha rtkit-daemon[957]: Handling system-suspend using logind.
mai 31 20:49:22.385612 Mocha wireplumber[959]: wp-node: failed to create node from factory 'spa-node-factory'
mai 31 20:49:22.385619 Mocha wireplumber[959]: s-monitors: Failed to create BLE MIDI server.
mai 31 20:49:22.390560 Mocha plasma-keyboard[962]: qtvirtualkeyboard currently is not supported at client-side, use QT_IM_MODULES=qtvirtualkeyboard at compositor-side.
mai 31 20:49:22.530408 Mocha plasma-login-greeter[952]: TRYING SOCKET "/tmp/plasmalogin--SzZsha"
mai 31 20:49:22.530444 Mocha plasma-login-greeter[952]: Connected to the daemon.
mai 31 20:49:22.530520 Mocha plasmalogin[871]: Message received from greeter: Connect
mai 31 20:49:22.531125 Mocha plasma-login-greeter[952]: Reading session (1) from "/usr/share/wayland-sessions/plasma.desktop"
mai 31 20:49:22.595308 Mocha plasma-keyboard[962]: Member contentWidth of the object PopupList_QMLTYPE_55 overrides a member of the base object. Consider renaming it or adding final or override specifier
mai 31 20:49:22.980852 Mocha plasma-login-greeter[952]: QDBusConnection: name 'org.freedesktop.UPower' had owner '' but we thought it was ':1.28'
mai 31 20:49:22.981624 Mocha plasma-login-greeter[952]: Unknown message received from daemon.
mai 31 20:49:22.981630 Mocha plasma-login-greeter[952]: Unknown message received from daemon.
mai 31 20:49:22.981634 Mocha plasma-login-greeter[952]: Unknown message received from daemon.
mai 31 20:49:22.981638 Mocha plasma-login-greeter[952]: Unknown message received from daemon.
mai 31 20:49:22.981642 Mocha plasma-login-greeter[952]: Unknown message received from daemon.
mai 31 20:49:23.129790 Mocha plasma-keyboard[962]: Hunspell dictionary is missing for "pt_BR". Search paths QList("/usr/share/qt6/qtvirtualkeyboard/hunspell", "/usr/share/hunspell", "/usr/share/myspell/dicts")
mai 31 20:49:25.556263 Mocha dbus-broker-launch[794]: Activation request for 'org.freedesktop.resolve1' failed: The systemd unit 'dbus-org.freedesktop.resolve1.service' could not be found.
mai 31 20:49:25.556925 Mocha NetworkManager[796]: ((../NetworkManager/src/libnm-systemd-core/src/libsystemd/sd-event/sd-event.c:4458)): assertion '<dropped>' failed
mai 31 20:49:30.053267 Mocha plasmalogin[871]: Message received from greeter: Login
mai 31 20:49:30.053429 Mocha plasmalogin[871]: start auth user true "/usr/lib/plasma-dbus-run-session-if-needed /usr/bin/startplasma-wayland"
mai 31 20:49:30.054089 Mocha plasmalogin[871]: Session "/usr/share/wayland-sessions/plasma.desktop" selected, command: "/usr/lib/plasma-dbus-run-session-if-needed /usr/bin/startplasma-wayland" for VT 2 "wayland"
mai 31 20:49:30.067462 Mocha plasmalogin-helper[1029]: [PAM] Starting...
mai 31 20:49:30.067472 Mocha plasmalogin-helper[1029]: [PAM] Authenticating...
mai 31 20:49:30.099470 Mocha plasmalogin-helper[1029]: [PAM] Preparing to converse...
mai 31 20:49:30.099479 Mocha plasmalogin-helper[1029]: [PAM] Conversation with 1 messages
mai 31 20:49:30.128667 Mocha plasmalogin-helper[1029]: pam_kwallet5(plasmalogin:auth): pam_kwallet5: pam_sm_authenticate
mai 31 20:49:30.128772 Mocha plasmalogin-helper[1029]: [PAM] returning.
mai 31 20:49:30.130533 Mocha plasmalogin[871]: Authentication for user  "hal"  successful
mai 31 20:49:30.130582 Mocha plasma-login-greeter[952]: Message received from daemon: LoginSucceeded
mai 31 20:49:30.130644 Mocha plasmalogin-helper[1029]: pam_kwallet5(plasmalogin:setcred): pam_kwallet5: pam_sm_setcred
mai 31 20:49:30.131751 Mocha plasmalogin-helper[1029]: pam_unix(plasmalogin:session): session opened for user hal(uid=1000) by hal(uid=0)
mai 31 20:49:30.142332 Mocha systemd-logind[802]: New session '2' of user 'hal' with class 'user' and type 'wayland'.
mai 31 20:49:30.171428 Mocha (systemd)[1035]: pam_warn(systemd-user:setcred): function=[pam_sm_setcred] flags=0x8002 service=[systemd-user] terminal=[] user=[hal] ruser=[<unknown>] rhost=[<unknown>]
mai 31 20:49:30.336375 Mocha systemd[1035]: Started Cleanup lingering KCrash metadata.
mai 31 20:49:30.339251 Mocha systemd[1035]: Listening on Disk Image Download Service Socket.
mai 31 20:49:30.345891 Mocha systemd[1035]: Started Cleanup lingering KCrash metadata.
mai 31 20:49:30.346599 Mocha plasmalogin-helper[1029]: pam_kwallet5(plasmalogin:session): pam_kwallet5: pam_sm_open_session
mai 31 20:49:30.369795 Mocha plasmalogin-helper[1050]: pam_kwallet5: final socket path: /run/user/1000/kwallet5.socket
mai 31 20:49:30.371429 Mocha plasmalogin-helper[1029]: Starting Wayland user session: "/usr/share/plasmalogin/scripts/wayland-session" "/usr/lib/plasma-dbus-run-session-if-needed /usr/bin/startplasma-wayland"
mai 31 20:49:30.372019 Mocha plasmalogin-helper[1052]: Jumping to VT 2
mai 31 20:49:30.372052 Mocha plasmalogin-helper[1052]: VT mode didn't need to be fixed
mai 31 20:49:30.376441 Mocha plasmalogin[871]: Session started true
mai 31 20:49:30.454355 Mocha dbus-broker-launch[1101]: Service file '/usr/share//dbus-1/services/org.kde.plasma.Notifications.service' is not named after the D-Bus name 'org.freedesktop.Notifications'.
mai 31 20:49:30.459346 Mocha systemd[1035]: Reload requested from client PID 1052 ('startplasma-way')...
mai 31 20:49:30.638054 Mocha systemd[1035]: Starting KDE Wayland Compositor...
mai 31 20:49:30.648300 Mocha systemd[1035]: Started KDE Wayland Compositor.
mai 31 20:49:30.683544 Mocha kwin_wayland[1118]: Failed to gain real time thread priority (See CAP_SYS_NICE in the capabilities(7) man page). error: Operation not permitted
mai 31 20:49:30.709936 Mocha kernel: nvme nvme0: using unchecked data buffer
mai 31 20:49:30.716940 Mocha kernel: block nvme0n1: No UUID available providing old NGUID
mai 31 20:49:30.723320 Mocha kwin_wayland[1118]: No backend specified, automatically choosing drm
mai 31 20:49:30.818375 Mocha kwin_wayland[1118]: Failed to gain real time thread priority (See CAP_SYS_NICE in the capabilities(7) man page). error: Operação não permitida
mai 31 20:49:30.819772 Mocha kwin_wayland[1118]: XKB: /usr/share/X11/locale/pt_BR.UTF-8/Compose:13:28: this compose sequence already exists; overriding
mai 31 20:49:30.819778 Mocha kwin_wayland[1118]: XKB: /usr/share/X11/locale/pt_BR.UTF-8/Compose:14:28: this compose sequence already exists; overriding
mai 31 20:49:30.819783 Mocha kwin_wayland[1118]: XKB: /usr/share/X11/locale/pt_BR.UTF-8/Compose:16:34: this compose sequence already exists; overriding
mai 31 20:49:30.819787 Mocha kwin_wayland[1118]: XKB: /usr/share/X11/locale/pt_BR.UTF-8/Compose:17:34: this compose sequence already exists; overriding
mai 31 20:49:30.819791 Mocha kwin_wayland[1118]: XKB: /usr/share/X11/locale/pt_BR.UTF-8/Compose:19:39: a sequence already exists which is a prefix of this sequence; overriding
mai 31 20:49:30.930562 Mocha kwin_wayland[1118]: Failed to gain real time thread priority (See CAP_SYS_NICE in the capabilities(7) man page). error: Operação não permitida
mai 31 20:49:31.177416 Mocha wireplumber[1178]: wp-node: failed to create node from factory 'spa-node-factory'
mai 31 20:49:31.177422 Mocha wireplumber[1178]: s-monitors: Failed to create BLE MIDI server.
mai 31 20:49:31.350263 Mocha kwin_wayland_wrapper[1207]: The XKEYBOARD keymap compiler (xkbcomp) reports:
mai 31 20:49:31.350263 Mocha kwin_wayland_wrapper[1207]: > Warning:          Multiple symbols for level 1/group 1 on key <FK23>
mai 31 20:49:31.350263 Mocha kwin_wayland_wrapper[1207]: >                   Using F23, ignoring XF86TouchpadOff
mai 31 20:49:31.350263 Mocha kwin_wayland_wrapper[1207]: > Warning:          Symbol map for key <FK23> redefined
mai 31 20:49:31.350263 Mocha kwin_wayland_wrapper[1207]: >                   Using last definition for conflicting fields
mai 31 20:49:31.350263 Mocha kwin_wayland_wrapper[1207]: > Warning:          Symbol map for key <FK24> redefined
mai 31 20:49:31.350263 Mocha kwin_wayland_wrapper[1207]: >                   Using last definition for conflicting fields
mai 31 20:49:31.351021 Mocha kwin_wayland_wrapper[1207]: Errors from xkbcomp are not fatal to the X server
mai 31 20:49:31.361308 Mocha kwin_wayland_wrapper[1214]: The XKEYBOARD keymap compiler (xkbcomp) reports:
mai 31 20:49:31.361308 Mocha kwin_wayland_wrapper[1214]: > Warning:          Unsupported maximum keycode 709, clipping.
mai 31 20:49:31.361308 Mocha kwin_wayland_wrapper[1214]: >                   X11 cannot support keycodes above 255.
mai 31 20:49:31.361644 Mocha kwin_wayland_wrapper[1214]: > Warning:          Virtual modifier Hyper multiply defined
mai 31 20:49:31.361644 Mocha kwin_wayland_wrapper[1214]: >                   Using 0, ignoring 0
mai 31 20:49:31.361644 Mocha kwin_wayland_wrapper[1214]: > Warning:          Virtual modifier ScrollLock multiply defined
mai 31 20:49:31.361644 Mocha kwin_wayland_wrapper[1214]: >                   Using 0, ignoring 0
mai 31 20:49:31.361987 Mocha kwin_wayland_wrapper[1214]: Errors from xkbcomp are not fatal to the X server
mai 31 20:49:31.788219 Mocha systemd[1035]: Starting KDE Plasma Workspace...
mai 31 20:49:31.796470 Mocha systemd[1035]: Starting User preferences database...
mai 31 20:49:31.803943 Mocha systemd[1035]: Started User preferences database.
mai 31 20:49:31.874012 Mocha kded6[1244]: QDBusObjectPath: invalid path "/modules/plasma-session-shortcuts"
mai 31 20:49:31.874022 Mocha kded6[1244]: The kded module name "plasma-session-shortcuts" is invalid!
mai 31 20:49:31.902964 Mocha NetworkManager[796]: <info>  [1780271371.9029] agent-manager: agent[a91864df2b1a2739,:1.50/org.kde.plasma.networkmanagement/1000]: agent registered
mai 31 20:49:31.911590 Mocha kded6[1244]: Failed to connect to Bolt manager DBus interface: 
mai 31 20:49:31.975594 Mocha systemd[1035]: Started KDE Plasma Workspace.
mai 31 20:49:31.975762 Mocha systemd[1035]: Reached target KDE Plasma Workspace Core.
mai 31 20:49:31.977407 Mocha systemd[1035]: Started Proxies GTK DBus menus to a Plasma readable format.
mai 31 20:49:32.012244 Mocha dbus-broker-launch[794]: Activation request for 'org.freedesktop.ModemManager1' failed: The systemd unit 'dbus-org.freedesktop.ModemManager1.service' could not be found.
mai 31 20:49:32.014090 Mocha kded6[1244]: Failed enumerating MM objects: "org.freedesktop.DBus.Error.NameHasNoOwner" 
                                           "Could not activate remote peer 'org.freedesktop.ModemManager1': activation request failed: unknown unit"
mai 31 20:49:32.058671 Mocha plasmashell[1264]: Could not find required file "mainscript" for package "/usr/share/plasma/plasmoids/org.kde.plasma.icontasks/" should be QList("ui/main.qml")
mai 31 20:49:32.069543 Mocha kded6[1244]: PendingCall Error: "The name is not activatable"
mai 31 20:49:32.160280 Mocha plasmashell[1264]: Member visible of the object PlasmaQuick::Dialog overrides a member of the base object. Consider renaming it or adding final or override specifier
mai 31 20:49:32.185347 Mocha plasmashell[1264]: Member enabled of the object DeclarativeDropArea overrides a member of the base object. Consider renaming it or adding final or override specifier
mai 31 20:49:32.213781 Mocha systemd[1]: media-mochafast.automount: Got automount request for /media/mochafast, triggered by 1264 (plasmashell)
mai 31 20:49:32.215083 Mocha systemd[1]: Mounting /media/mochafast...
mai 31 20:49:32.229937 Mocha kernel: BTRFS: device label MOCHAFAST devid 1 transid 2092 /dev/sda1 (8:1) scanned by mount (1439)
mai 31 20:49:32.230938 Mocha kernel: BTRFS info (device sda1): first mount of filesystem 88e6aa16-110c-4b97-9ffb-85084c000198
mai 31 20:49:32.230962 Mocha kernel: BTRFS info (device sda1): using crc32c checksum algorithm
mai 31 20:49:32.232116 Mocha nfsrahead[1452]: skipping non-NFS device btrfs-1
mai 31 20:49:32.234937 Mocha kernel: BTRFS info (device sda1): enabling ssd optimizations
mai 31 20:49:32.234952 Mocha kernel: BTRFS info (device sda1): turning on async discard
mai 31 20:49:32.234962 Mocha kernel: BTRFS info (device sda1): enabling free space tree
mai 31 20:49:32.234978 Mocha kernel: BTRFS info (device sda1): use zstd compression, level 3
mai 31 20:49:32.238384 Mocha systemd[1]: Mounted /media/mochafast.
mai 31 20:49:33.731064 Mocha plasmashell[1264]: No object for name "alsa_output.pci-0000_01_00.1.hdmi-stereo.monitor"
mai 31 20:49:34.796219 Mocha plasmashell[1264]: QWaylandDataOffer: timeout reading from pipe
mai 31 20:49:34.796229 Mocha plasmashell[1264]: QWaylandDataOffer: error reading data for mimeType text/plain;charset=utf-8
mai 31 20:49:35.127971 Mocha plasmalogin[871]: Greeter stopping...
mai 31 20:49:35.128040 Mocha plasmalogin-helper[874]: Signal received: SIGTERM
mai 31 20:49:35.128577 Mocha systemd[884]: Stopped target plasma-login-wayland.target.
mai 31 20:49:35.128760 Mocha systemd[884]: Stopping Plasma Login...
mai 31 20:49:35.128857 Mocha systemd[884]: Stopping Plasma Wallpaper on Login screen...
mai 31 20:49:35.131406 Mocha plasmalogin-helper[874]: [PAM] Closing session
mai 31 20:49:35.131452 Mocha plasmalogin-helper[874]: pam_unix(plasmalogin-greeter:session): session closed for user plasmalogin
mai 31 20:49:35.131947 Mocha plasmalogin-helper[874]: [PAM] Ended.
mai 31 20:49:35.133143 Mocha plasmalogin[871]: Auth: plasmalogin-helper exited with 255
mai 31 20:49:35.133154 Mocha plasmalogin[871]: Greeter stopped. PLASMALOGIN::Auth::HelperExitStatus(255)
mai 31 20:49:35.168153 Mocha systemd[884]: Stopped Plasma Wallpaper on Login screen.
mai 31 20:49:35.168257 Mocha systemd[884]: plasma-wallpaper.service: Consumed 439ms CPU time over 12.928s wall clock time, 71.8M memory peak.
mai 31 20:49:35.198117 Mocha systemd[884]: Stopped Plasma Login.
mai 31 20:49:35.198200 Mocha systemd[884]: plasma-login.service: Consumed 670ms CPU time over 12.959s wall clock time, 85.8M memory peak.
mai 31 20:49:35.279968 Mocha systemd[884]: plasma-login-kwin_wayland.service: Main process exited, code=exited, status=15/n/a
mai 31 20:49:35.280052 Mocha systemd[884]: plasma-login-kwin_wayland.service: Failed with result 'exit-code'.
mai 31 20:49:35.280375 Mocha systemd[884]: plasma-login-kwin_wayland.service: Consumed 1.113s CPU time over 13.782s wall clock time, 270.9M memory peak.
mai 31 20:49:35.797288 Mocha plasmashell[1264]: QWaylandDataOffer: timeout reading from pipe
mai 31 20:49:35.797298 Mocha plasmashell[1264]: QWaylandDataOffer: error reading data for mimeType text/plain
mai 31 20:49:35.797662 Mocha plasmashell[1264]: QWaylandDataSource: peer closed pipe
mai 31 20:49:35.797678 Mocha plasmashell[1264]: QWaylandDataSource: peer closed pipe
mai 31 20:49:36.755811 Mocha vivaldi-stable[1512]: [1571:1571:0531/204936.755751:ERROR:chromium/media/gpu/vaapi/vaapi_wrapper.cc:1658] vaInitialize failed: unknown libva error
mai 31 20:49:36.757465 Mocha vivaldi-stable[1512]: [1571:1571:0531/204936.757422:ERROR:chromium/ui/ozone/platform/wayland/gpu/wayland_surface_factory.cc:252] '--ozone-platform=wayland' is not compatible with Vulkan. Consider switching to '--ozone-platform=x11' or disabling Vulkan
mai 31 20:49:36.760412 Mocha kwalletd6[1578]: g_dbus_proxy_get_object_path: assertion 'G_IS_DBUS_PROXY (proxy)' failed
mai 31 20:49:37.339297 Mocha vivaldi-stable[1512]: [1504:1504:0531/204937.339215:ERROR:chromium/ui/ozone/platform/wayland/host/wayland_wp_color_manager.cc:277] Unable to set image transfer function.
mai 31 20:49:37.339297 Mocha vivaldi-stable[1512]: [1504:1504:0531/204937.339225:ERROR:chromium/ui/ozone/platform/wayland/host/wayland_wp_color_manager.cc:195] Failed to populate image description for color space {primaries:BT709, transfer:SRGB, matrix:RGB, range:FULL}
mai 31 20:49:37.909634 Mocha vivaldi-stable[1512]: [1504:1504:0531/204937.909611:ERROR:CONSOLE:0] "Uncaught (in promise) Error: Services not available for profile.", source: chrome-extension://mpognobbkildjkofajifpdfhcoklimli/main.html (0)
mai 31 20:49:38.798938 Mocha plasmashell[1264]: endResetModel called on Akonadi::ContactsTreeModel(0x55af87608250) without calling beginResetModel first
mai 31 20:49:38.798949 Mocha plasmashell[1264]: endResetModel called on Akonadi::ContactsFilterProxyModel(0x7f2424044a50) without calling beginResetModel first
mai 31 20:49:38.798960 Mocha plasmashell[1264]: endResetModel called on KDescendantsProxyModel(0x7f2424044310) without calling beginResetModel first
mai 31 20:49:38.798965 Mocha plasmashell[1264]: endResetModel called on Akonadi::EntityMimeTypeFilterModel(0x55af875fd560) without calling beginResetModel first
mai 31 20:49:38.798973 Mocha plasmashell[1264]: endResetModel called on ContactsModel(0x55af875921b0) without calling beginResetModel first
mai 31 20:49:38.798980 Mocha plasmashell[1264]: endResetModel called on KSortFilterProxyModel(0x55af87591320) without calling beginResetModel first
mai 31 20:49:38.969771 Mocha plasmashell[1264]: "QLocalSocket: Conexão remota encerrada" "/run/user/1000/akonadi/akonadiserver-ntf.socket"
mai 31 20:49:39.033211 Mocha org_kde_powerdevil[1357]: org.kde.powerdevil.chargethresholdhelper.getthreshold failed "Charge thresholds are not supported by the kernel for this hardware"
mai 31 20:49:39.033229 Mocha org_kde_powerdevil[1357]: org.kde.powerdevil.backlighthelper.brightness failed
mai 31 20:49:39.070069 Mocha systemd[1035]: Reached target KDE Plasma Workspace.
mai 31 20:49:39.070288 Mocha systemd[1035]: Reached target plasma-workspace-wayland.target.
mai 31 20:49:39.086055 Mocha systemd[1035]: Starting Plasma Session Restore...
mai 31 20:49:39.093507 Mocha org_kde_powerdevil[1357]: org.kde.powerdevil.chargethresholdhelper.getthreshold failed "Charge thresholds are not supported by the kernel for this hardware"
mai 31 20:49:39.107237 Mocha systemd[1035]: Started Plasma Session Restore.
mai 31 20:49:39.214042 Mocha bash[1960]: /usr/lib/python3.14/site-packages/inputremapper/logging/logger.py:157: UserWarning: pkg_resources is deprecated as an API. See https://setuptools.pypa.io/en/latest/pkg_resources.html. The pkg_resources package is slated for removal as early as 2025-11-30. Refrain from using this package or pin to Setuptools<81.
mai 31 20:49:39.370888 Mocha bash[1960]: ERROR: Service not running? g-dbus-error-quark: GDBus.Error:org.freedesktop.DBus.Error.ServiceUnknown: The name is not activatable (2)
mai 31 20:49:39.370946 Mocha bash[1960]: ERROR: Daemon missing
mai 31 20:49:39.406758 Mocha systemd[1035]: app-input\x2dremapper\x2dautoload@autostart.service: Failed with result 'exit-code'.
mai 31 20:49:39.490998 Mocha kwin_wayland[1118]: Failed to register with host portal QDBusError("org.freedesktop.portal.Error.Failed", "Could not register app ID: App info not found for 'org.kde.kwin'")
mai 31 20:49:39.491495 Mocha ksmserver[1242]: Failed to register with host portal QDBusError("org.freedesktop.portal.Error.Failed", "Could not register app ID: App info not found for 'org.kde.ksmserver'")
mai 31 20:49:39.491924 Mocha kded6[1244]: Failed to register with host portal QDBusError("org.freedesktop.portal.Error.Failed", "Could not register app ID: App info not found for 'org.kde.kded6'")
mai 31 20:49:39.492155 Mocha kactivitymanagerd[1316]: Failed to register with host portal QDBusError("org.freedesktop.portal.Error.Failed", "Could not register app ID: App info not found for 'org.kde.ActivityManager'")
mai 31 20:49:39.492329 Mocha gmenudbusmenuproxy[1354]: Failed to register with host portal QDBusError("org.freedesktop.portal.Error.Failed", "Could not register app ID: App info not found for 'org.kde.gmenudbusmenuproxy'")
mai 31 20:49:39.492478 Mocha xembedsniproxy[1358]: Failed to register with host portal QDBusError("org.freedesktop.portal.Error.Failed", "Could not register app ID: App info not found for 'org.kde.xembedsniproxy'")
mai 31 20:49:39.493235 Mocha polkit-kde-authentication-agent-1[1356]: Failed to register with host portal QDBusError("org.freedesktop.portal.Error.Failed", "Could not register app ID: Unable to open /proc/1356/root")
mai 31 20:49:39.493759 Mocha kwalletd6[1578]: Failed to register with host portal QDBusError("org.freedesktop.portal.Error.Failed", "Could not register app ID: App info not found for 'org.kde.kwalletd'")
mai 31 20:49:39.493946 Mocha pulseaudio[1224]: Failed to open connection to session manager: None of the authentication protocols specified are supported
mai 31 20:49:39.493957 Mocha pulseaudio[1224]: Failed to load module "module-x11-xsmp" (argument: "display=:0 xauthority=/run/user/1000/xauth_ecaAbk session_manager=local/Mocha:@/tmp/.ICE-unix/1242,unix/Mocha:/tmp/.ICE-unix/1242"): initialization failed.
mai 31 20:49:39.494096 Mocha akonadi_control[1807]: Failed to register with host portal QDBusError("org.freedesktop.portal.Error.Failed", "Could not register app ID: App info not found for 'org.kde.akonadi_control'")
mai 31 20:49:39.494387 Mocha akonadi_followupreminder_agent[1826]: Failed to register with host portal QDBusError("org.freedesktop.portal.Error.Failed", "Could not register app ID: App info not found for 'org.kde.akonadi_followupreminder_agent'")
mai 31 20:49:39.494497 Mocha akonadi_maildispatcher_agent[1830]: Failed to register with host portal QDBusError("org.freedesktop.portal.Error.Failed", "Could not register app ID: App info not found for 'org.kde.akonadi_maildispatcher_agent'")
mai 31 20:49:39.494694 Mocha akonadi_migration_agent[1833]: Failed to register with host portal QDBusError("org.freedesktop.portal.Error.Failed", "Could not register app ID: App info not found for 'org.kde.akonadi_migration_agent'")
mai 31 20:49:39.494840 Mocha akonadi_newmailnotifier_agent[1834]: Failed to register with host portal QDBusError("org.freedesktop.portal.Error.Failed", "Could not register app ID: App info not found for 'org.kde.akonadi_newmailnotifier_agent'")
mai 31 20:49:39.494999 Mocha akonadi_mailmerge_agent[1832]: Failed to register with host portal QDBusError("org.freedesktop.portal.Error.Failed", "Could not register app ID: App info not found for 'org.kde.akonadi_mailmerge_agent'")
mai 31 20:49:39.495023 Mocha systemd[1035]: app-pulseaudio@autostart.service: Main process exited, code=exited, status=1/FAILURE
mai 31 20:49:39.495126 Mocha systemd[1035]: app-pulseaudio@autostart.service: Failed with result 'exit-code'.
mai 31 20:49:39.495136 Mocha akonadi_unifiedmailbox_agent[1836]: Failed to register with host portal QDBusError("org.freedesktop.portal.Error.Failed", "Could not register app ID: App info not found for 'org.kde.akonadi_unifiedmailbox_agent'")
mai 31 20:49:39.495317 Mocha akonadi_sendlater_agent[1835]: Failed to register with host portal QDBusError("org.freedesktop.portal.Error.Failed", "Could not register app ID: App info not found for 'org.kde.akonadi_sendlater_agent'")
mai 31 20:49:39.495410 Mocha akonadi_mailfilter_agent[1831]: Failed to register with host portal QDBusError("org.freedesktop.portal.Error.Failed", "Could not register app ID: App info not found for 'org.kde.akonadi_mailfilter_agent'")
mai 31 20:49:39.495560 Mocha akonadi_archivemail_agent[1823]: Failed to register with host portal QDBusError("org.freedesktop.portal.Error.Failed", "Could not register app ID: App info not found for 'org.kde.akonadi_archivemail_agent'")
mai 31 20:49:39.495754 Mocha org_kde_powerdevil[1357]: Failed to register with host portal QDBusError("org.freedesktop.portal.Error.Failed", "Could not register app ID: App info not found for 'org.kde.org_kde_powerdevil'")
mai 31 20:49:39.496039 Mocha kclockd[1957]: Failed to register with host portal QDBusError("org.freedesktop.portal.Error.Failed", "Could not register app ID: App info not found for 'org.kde.kclockd'")
mai 31 20:49:39.496901 Mocha akonadi_sendlater_agent[1835]: Failed to register with host portal QDBusError("org.freedesktop.portal.Error.Failed", "Could not register app ID: App info not found for 'org.kde.akonadi_sendlater_agent'")
mai 31 20:49:39.497019 Mocha akonadi_migration_agent[1833]: Failed to register with host portal QDBusError("org.freedesktop.portal.Error.Failed", "Could not register app ID: App info not found for 'org.kde.akonadi_migration_agent'")
mai 31 20:49:39.497079 Mocha kdeconnectd[1466]: Failed to register with host portal QDBusError("org.freedesktop.portal.Error.Failed", "Could not register app ID: Connection already associated with an application ID")
mai 31 20:49:39.497234 Mocha akonadi_mailmerge_agent[1832]: Failed to register with host portal QDBusError("org.freedesktop.portal.Error.Failed", "Could not register app ID: App info not found for 'org.kde.akonadi_mailmerge_agent'")
mai 31 20:49:39.497292 Mocha akonadi_maildispatcher_agent[1830]: Failed to register with host portal QDBusError("org.freedesktop.portal.Error.Failed", "Could not register app ID: App info not found for 'org.kde.akonadi_maildispatcher_agent'")
mai 31 20:49:39.497426 Mocha akonadi_newmailnotifier_agent[1834]: Failed to register with host portal QDBusError("org.freedesktop.portal.Error.Failed", "Could not register app ID: App info not found for 'org.kde.akonadi_newmailnotifier_agent'")
mai 31 20:49:39.497607 Mocha vivaldi-bin[1504]: Failed to register with host portal QDBusError("org.freedesktop.portal.Error.Failed", "Could not register app ID: App info not found for ''")
mai 31 20:49:39.497685 Mocha kwalletd6[1578]: Failed to register with host portal QDBusError("org.freedesktop.portal.Error.Failed", "Could not register app ID: App info not found for 'org.kde.kwalletd'")
mai 31 20:49:39.498000 Mocha akonadi_control[1807]: Failed to register with host portal QDBusError("org.freedesktop.portal.Error.Failed", "Could not register app ID: App info not found for 'org.kde.akonadi_control'")
mai 31 20:49:39.498114 Mocha polkit-kde-authentication-agent-1[1356]: Failed to register with host portal QDBusError("org.freedesktop.portal.Error.Failed", "Could not register app ID: Unable to open /proc/1356/root")
mai 31 20:49:39.498227 Mocha xembedsniproxy[1358]: Failed to register with host portal QDBusError("org.freedesktop.portal.Error.Failed", "Could not register app ID: App info not found for 'org.kde.xembedsniproxy'")
mai 31 20:49:39.498240 Mocha kaccess[1355]: Failed to register with host portal QDBusError("org.freedesktop.portal.Error.Failed", "Could not register app ID: Connection already associated with an application ID")
mai 31 20:49:39.498377 Mocha gmenudbusmenuproxy[1354]: Failed to register with host portal QDBusError("org.freedesktop.portal.Error.Failed", "Could not register app ID: App info not found for 'org.kde.gmenudbusmenuproxy'")
mai 31 20:49:39.498509 Mocha kactivitymanagerd[1316]: Failed to register with host portal QDBusError("org.freedesktop.portal.Error.Failed", "Could not register app ID: App info not found for 'org.kde.ActivityManager'")
mai 31 20:49:39.498635 Mocha ksmserver[1242]: Failed to register with host portal QDBusError("org.freedesktop.portal.Error.Failed", "Could not register app ID: App info not found for 'org.kde.ksmserver'")
mai 31 20:49:39.498648 Mocha org_kde_powerdevil[1357]: Failed to register with host portal QDBusError("org.freedesktop.portal.Error.Failed", "Could not register app ID: Connection already associated with an application ID")
mai 31 20:49:39.498696 Mocha ksecretd[1051]: Failed to register with host portal QDBusError("org.freedesktop.portal.Error.Failed", "Could not register app ID: Connection already associated with an application ID")
mai 31 20:49:39.498784 Mocha kwin_wayland[1118]: Failed to register with host portal QDBusError("org.freedesktop.portal.Error.Failed", "Could not register app ID: App info not found for 'org.kde.kwin'")
mai 31 20:49:39.498830 Mocha plasmashell[1264]: Failed to register with host portal QDBusError("org.freedesktop.portal.Error.Failed", "Could not register app ID: Connection already associated with an application ID")
mai 31 20:49:39.498835 Mocha xdg-desktop-portal-kde[2022]: Failed to register with host portal QDBusError("org.freedesktop.portal.Error.Failed", "Could not register app ID: Connection already associated with an application ID")
mai 31 20:49:39.499005 Mocha kded6[1244]: Failed to register with host portal QDBusError("org.freedesktop.portal.Error.Failed", "Could not register app ID: App info not found for 'org.kde.kded6'")
mai 31 20:49:39.499015 Mocha DiscoverNotifier[1983]: Failed to register with host portal QDBusError("org.freedesktop.portal.Error.Failed", "Could not register app ID: Connection already associated with an application ID")
mai 31 20:49:39.499136 Mocha akonadi_unifiedmailbox_agent[1836]: Failed to register with host portal QDBusError("org.freedesktop.portal.Error.Failed", "Could not register app ID: App info not found for 'org.kde.akonadi_unifiedmailbox_agent'")
mai 31 20:49:39.499264 Mocha kclockd[1957]: Failed to register with host portal QDBusError("org.freedesktop.portal.Error.Failed", "Could not register app ID: App info not found for 'org.kde.kclockd'")
mai 31 20:49:39.499400 Mocha akonadi_archivemail_agent[1823]: Failed to register with host portal QDBusError("org.freedesktop.portal.Error.Failed", "Could not register app ID: App info not found for 'org.kde.akonadi_archivemail_agent'")
mai 31 20:49:39.499516 Mocha akonadi_mailfilter_agent[1831]: Failed to register with host portal QDBusError("org.freedesktop.portal.Error.Failed", "Could not register app ID: App info not found for 'org.kde.akonadi_mailfilter_agent'")
mai 31 20:49:39.499672 Mocha akonadi_followupreminder_agent[1826]: Failed to register with host portal QDBusError("org.freedesktop.portal.Error.Failed", "Could not register app ID: App info not found for 'org.kde.akonadi_followupreminder_agent'")
mai 31 20:49:39.524914 Mocha kalendarac[1984]: Failed to register with host portal QDBusError("org.freedesktop.portal.Error.Failed", "Could not register app ID: App info not found for 'org.kde.kalendarac'")
mai 31 20:49:39.525134 Mocha kalendarac[1984]: Failed to register with host portal QDBusError("org.freedesktop.portal.Error.Failed", "Could not register app ID: App info not found for 'org.kde.kalendarac'")
mai 31 20:49:40.525497 Mocha vivaldi-stable[1512]: [1504:1535:0531/204940.525439:ERROR:chromium/google_apis/gcm/engine/registration_request.cc:291] Registration response error message: DEPRECATED_ENDPOINT
mai 31 20:49:45.372382 Mocha systemd[884]: Closed Disk Image Download Service Socket.
mai 31 20:49:45.386721 Mocha (sd-pam)[892]: pam_unix(systemd-user:session): session closed for user plasmalogin
mai 31 20:49:45.405720 Mocha systemd[1]: run-user-956.mount: Deactivated successfully.
mai 31 20:49:59.061189 Mocha accounts-daemon[2440]: couldn't list homed users: GDBus.Error:org.freedesktop.DBus.Error.NameHasNoOwner: Could not activate remote peer 'org.freedesktop.home1': activation request failed: unknown unit
mai 31 20:50:01.983417 Mocha vivaldi-stable[1512]: [1504:1535:0531/205001.983354:ERROR:chromium/google_apis/gcm/engine/registration_request.cc:291] Registration response error message: DEPRECATED_ENDPOINT
mai 31 20:50:07.015713 Mocha vivaldi-stable[1512]: [1504:1642:0531/205007.015678:ERROR:chromium/content/browser/browser_main_loop.cc:274] GLib: g_main_context_pop_thread_default: assertion 'stack != NULL' failed
mai 31 20:50:07.015713 Mocha vivaldi-stable[1512]: [1504:1644:0531/205007.015701:ERROR:chromium/content/browser/browser_main_loop.cc:274] GLib: g_main_context_pop_thread_default: assertion 'stack != NULL' failed
mai 31 20:50:07.015998 Mocha vivaldi-stable[1512]: [1504:1643:0531/205007.015738:ERROR:chromium/content/browser/browser_main_loop.cc:274] GLib: g_main_context_pop_thread_default: assertion 'stack != NULL' failed
mai 31 20:50:22.688381 Mocha vivaldi-stable[1512]: [1577:1583:0531/205022.688321:ERROR:chromium/net/socket/ssl_client_socket_impl.cc:924] handshake failed; returned -1, SSL error code 1, net_error -101
mai 31 20:50:24.654549 Mocha vivaldi-stable[1512]: [1577:1583:0531/205024.654507:ERROR:chromium/net/socket/ssl_client_socket_impl.cc:924] handshake failed; returned -1, SSL error code 1, net_error -101
mai 31 20:50:32.196588 Mocha drkonqi-coredump-launcher[2489]: Unable to find file for pid 2404 expected at "kcrash-metadata/vivaldi-bin.6324185062194732b2bc2120b855f362.2404.ini"
mai 31 20:50:34.893348 Mocha kernel: sd 6:0:0:0: [sdc] tag#21 CDB: ATA command pass through(12)/Blank a1 80 00 00 02 00 00 00 00 00 00 00
mai 31 20:50:34.893828 Mocha kernel: sd 6:0:0:0: [sdc] tag#20 CDB: ATA command pass through(12)/Blank a1 80 00 00 02 00 00 00 00 00 00 00

================================================================
[8/9] Boot anterior, se existir: erros críticos
================================================================

+ /usr/bin/sudo journalctl -b -1 -p 0..3 --no-pager --output=short-precise
mai 31 20:38:47.428331 Mocha kernel: 
mai 31 20:38:51.124545 Mocha bluetoothd[791]: Failed to set default system config for hci0
mai 31 20:39:05.534210 Mocha bluetoothd[791]: src/profile.c:record_cb() Unable to get Hands-Free Voice gateway SDP record: Host is down
mai 31 20:39:07.297609 Mocha org_kde_powerdevil[1355]: [  1355][  6.878747] Time since library initialized:   6.878746 seconds
mai 31 20:39:07.297611 Mocha org_kde_powerdevil[1355]: [  1355][  6.878750] Extra delay starting dw_start_watch_displays: 0 millisec
mai 31 20:39:07.886571 Mocha pulseaudio[1214]: Failed to open connection to session manager: None of the authentication protocols specified are supported
mai 31 20:39:07.886580 Mocha pulseaudio[1214]: Failed to load module "module-x11-xsmp" (argument: "display=:0 xauthority=/run/user/1000/xauth_CdjDDn session_manager=local/Mocha:@/tmp/.ICE-unix/1233,unix/Mocha:/tmp/.ICE-unix/1233"): initialization failed.
mai 31 20:48:51.437448 Mocha systemd-coredump[5440]: Failed to send coredump datagram: Connection reset by peer
mai 31 20:48:51.439008 Mocha systemd[1]: Failed unmounting /media/mochafast.
mai 31 20:48:51.444380 Mocha pulseaudio[1214]: org.bluez.BatteryProviderManager1.UnregisterBatteryProvider() Failed: org.freedesktop.DBus.Error.NoReply:Remote peer disconnected
mai 31 20:48:51.767224 Mocha kwin_wayland[1111]: Applying output configuration failed!
mai 31 20:48:51.959156 Mocha dbus-broker-launch[786]: Activation request for 'org.freedesktop.nm_dispatcher' failed.
mai 31 20:48:52.752584 Mocha kernel: watchdog: watchdog0: watchdog did not stop!

================================================================
[9/9] Cadeia crítica de inicialização
================================================================

+ systemd-analyze
Startup finished in 12.113s (firmware) + 4.108s (loader) + 3.597s (kernel) + 5.804s (userspace) = 25.624s 
graphical.target reached after 5.594s in userspace.

+ systemd-analyze critical-chain --no-pager
The time when unit became active or started is printed after the "@" character.
The time the unit took to start is printed after the "+" character.

graphical.target @5.594s
└─multi-user.target @5.594s
  └─tuned.service @5.400s +193ms
    └─polkit.service @5.563s +56ms
      └─basic.target @5.080s
        └─dbus-broker.service @5.003s +61ms
          └─dbus.socket @4.997s +34us
            └─sysinit.target @4.996s
              └─systemd-update-utmp.service @4.976s +19ms
                └─systemd-tmpfiles-setup.service @4.908s +66ms
                  └─local-fs.target @4.905s
                    └─boot-efi.mount @4.876s +28ms
                      └─systemd-fsck@dev-disk-by\x2duuid-CF08\x2d8F54.service @4.036s +90ms
                        └─dev-disk-by\x2duuid-CF08\x2d8F54.device @1.982s

+ systemd-analyze blame --no-pager
1.379s dev-nvme0n1p2.device
1.038s systemd-tmpfiles-setup-dev-early.service
 979ms systemd-userdbd.service
 317ms NetworkManager.service
 286ms media-vmstore.mount
 276ms systemd-modules-load.service
 232ms systemd-udev-trigger.service
 193ms tuned.service
 180ms user@1000.service
 176ms upower.service
 115ms lvm2-monitor.service
 110ms dev-zram0.swap
  96ms systemd-journald.service
  90ms systemd-fsck@dev-disk-by\x2duuid-CF08\x2d8F54.service
  77ms dev-disk-by\x2ddiskseq-4\x2dpart3.swap
  72ms udisks2.service
  66ms systemd-tmpfiles-setup.service
  62ms systemd-udevd.service
  61ms dbus-broker.service
  56ms systemd-vconsole-setup.service
  56ms polkit.service
  52ms plymouth-quit-wait.service
  52ms plymouth-quit.service
  47ms avahi-daemon.service
  46ms accounts-daemon.service
  46ms systemd-zram-setup@zram0.service
  45ms systemd-hostnamed.service
  39ms systemd-journal-flush.service
  38ms plymouth-start.service
  36ms systemd-logind.service
  36ms systemd-rfkill.service
  35ms tmp.mount
  29ms systemd-timesyncd.service
  28ms boot-efi.mount
  27ms plymouth-read-write.service
  26ms systemd-sysctl.service
  25ms rtkit-daemon.service
  24ms bluetooth.service
  23ms media-mochafast.mount
  22ms plasmalogin.service
  22ms alsa-restore.service
  20ms systemd-binfmt.service
  19ms user-runtime-dir@1000.service
  19ms systemd-update-utmp.service
  18ms systemd-tmpfiles-setup-dev.service
  18ms systemd-user-sessions.service
  17ms systemd-userdb-load-credentials.service
  15ms dev-hugepages.mount
  15ms dev-mqueue.mount
  14ms sys-kernel-debug.mount
  14ms sys-kernel-tracing.mount
  13ms mocha-cpu-performance.service
  13ms systemd-journalctl.socket
  12ms proc-sys-fs-binfmt_misc.mount
  12ms sys-kernel-config.mount
  12ms mocha-thp-madvise.service
  12ms systemd-random-seed.service
  11ms systemd-udev-load-credentials.service
  11ms nvidia-persistenced.service
  11ms sys-fs-fuse-connections.mount
  10ms kmod-static-nodes.service
   9ms systemd-remount-fs.service
   1ms systemd-coredump.socket
   1ms sshd-unix-local.socket
   1ms polkit-agent-helper.socket
 784us systemd-mute-console.socket
 743us systemd-bootctl.socket
 661us systemd-ask-password.socket
 627us systemd-factory-reset.socket
 573us systemd-sysext.socket
 520us dirmngr@etc-pacman.d-gnupg.socket
 489us systemd-repart.socket
 441us systemd-creds.socket
 222us gpg-agent@etc-pacman.d-gnupg.socket
 180us gpg-agent-browser@etc-pacman.d-gnupg.socket
  60us gpg-agent-ssh@etc-pacman.d-gnupg.socket
  59us gpg-agent-extra@etc-pacman.d-gnupg.socket
  45us systemd-journald-dev-log.socket
  45us keyboxd@etc-pacman.d-gnupg.socket
  40us avahi-daemon.socket
  40us systemd-machined.socket
  39us systemd-rfkill.socket
  34us systemd-journald.socket
  34us dbus.socket
  28us systemd-hostnamed.socket
  28us lvm2-lvmpolld.socket
  27us systemd-userdbd.socket
  26us systemd-importd.socket
  25us systemd-udevd-varlink.socket
  24us dm-event.socket
  24us systemd-logind-varlink.socket
  22us systemd-udevd-control.socket
  11us systemd-udevd-kernel.socket

================================================================
Resumo automático inicial
================================================================
Falhas systemd:
UNIT LOAD ACTIVE SUB DESCRIPTION

0 loaded units listed.

Top linhas suspeitas do boot atual:
2026-05-31T20:49:19-03:00 Mocha (udev-worker)[474]: event13: Process '/bin/input-remapper-control --command autoload --device /dev/input/event13' failed with exit code 1.
2026-05-31T20:49:19-03:00 Mocha (udev-worker)[506]: event20: Process '/bin/input-remapper-control --command autoload --device /dev/input/event20' failed with exit code 1.
2026-05-31T20:49:19-03:00 Mocha (udev-worker)[488]: event10: Process '/bin/input-remapper-control --command autoload --device /dev/input/event10' failed with exit code 1.
2026-05-31T20:49:20-03:00 Mocha systemd[1]: Mounting /boot/efi...
2026-05-31T20:49:20-03:00 Mocha systemd[1]: Mounted /boot/efi.
2026-05-31T20:49:20-03:00 Mocha systemd[1]: Save Transient machine-id to Disk skipped, unmet condition check ConditionPathIsMountPoint=/etc/machine-id
2026-05-31T20:49:20-03:00 Mocha systemd[1]: Starting NVIDIA Persistence Daemon...
2026-05-31T20:49:20-03:00 Mocha nvidia-persistenced[804]: Started (804)
2026-05-31T20:49:20-03:00 Mocha systemd[1]: Started NVIDIA Persistence Daemon.
2026-05-31T20:49:20-03:00 Mocha avahi-daemon[798]: Failed to parse address 'fe80::1%enp4s0', ignoring.
2026-05-31T20:49:20-03:00 Mocha bluetoothd[799]: Failed to set default system config for hci0
2026-05-31T20:49:21-03:00 Mocha dbus-broker-launch[794]: Activation request for 'org.freedesktop.home1' failed: The systemd unit 'dbus-org.freedesktop.home1.service' could not be found.
2026-05-31T20:49:21-03:00 Mocha kwin_wayland[934]: Failed to gain real time thread priority (See CAP_SYS_NICE in the capabilities(7) man page). error: Operation not permitted
2026-05-31T20:49:21-03:00 Mocha kwin_wayland[934]: No backend specified, automatically choosing drm
2026-05-31T20:49:21-03:00 Mocha kwin_wayland[934]: Failed to gain real time thread priority (See CAP_SYS_NICE in the capabilities(7) man page). error: Operação não permitida
2026-05-31T20:49:21-03:00 Mocha kwin_wayland[934]: Failed to gain real time thread priority (See CAP_SYS_NICE in the capabilities(7) man page). error: Operação não permitida
2026-05-31T20:49:22-03:00 Mocha wireplumber[959]: wp-node: failed to create node from factory 'spa-node-factory'
2026-05-31T20:49:22-03:00 Mocha wireplumber[959]: s-monitors: Failed to create BLE MIDI server.
2026-05-31T20:49:25-03:00 Mocha dbus-broker-launch[794]: Activation request for 'org.freedesktop.resolve1' failed: The systemd unit 'dbus-org.freedesktop.resolve1.service' could not be found.
2026-05-31T20:49:25-03:00 Mocha NetworkManager[796]: ((../NetworkManager/src/libnm-systemd-core/src/libsystemd/sd-event/sd-event.c:4458)): assertion '<dropped>' failed
2026-05-31T20:49:30-03:00 Mocha kwin_wayland[1118]: Failed to gain real time thread priority (See CAP_SYS_NICE in the capabilities(7) man page). error: Operation not permitted
2026-05-31T20:49:30-03:00 Mocha kwin_wayland[1118]: No backend specified, automatically choosing drm
2026-05-31T20:49:30-03:00 Mocha kwin_wayland[1118]: Failed to gain real time thread priority (See CAP_SYS_NICE in the capabilities(7) man page). error: Operação não permitida
2026-05-31T20:49:30-03:00 Mocha kwin_wayland[1118]: Failed to gain real time thread priority (See CAP_SYS_NICE in the capabilities(7) man page). error: Operação não permitida
2026-05-31T20:49:31-03:00 Mocha wireplumber[1178]: wp-node: failed to create node from factory 'spa-node-factory'
2026-05-31T20:49:31-03:00 Mocha wireplumber[1178]: s-monitors: Failed to create BLE MIDI server.
2026-05-31T20:49:31-03:00 Mocha kwin_wayland_wrapper[1207]: Errors from xkbcomp are not fatal to the X server
2026-05-31T20:49:31-03:00 Mocha kwin_wayland_wrapper[1214]: Errors from xkbcomp are not fatal to the X server
2026-05-31T20:49:31-03:00 Mocha kded6[1244]: Failed to connect to Bolt manager DBus interface: 
2026-05-31T20:49:32-03:00 Mocha dbus-broker-launch[794]: Activation request for 'org.freedesktop.ModemManager1' failed: The systemd unit 'dbus-org.freedesktop.ModemManager1.service' could not be found.
2026-05-31T20:49:32-03:00 Mocha kded6[1244]: Failed enumerating MM objects: "org.freedesktop.DBus.Error.NameHasNoOwner" 
                                              "Could not activate remote peer 'org.freedesktop.ModemManager1': activation request failed: unknown unit"
2026-05-31T20:49:32-03:00 Mocha kded6[1244]: PendingCall Error: "The name is not activatable"
2026-05-31T20:49:32-03:00 Mocha systemd[1]: media-mochafast.automount: Got automount request for /media/mochafast, triggered by 1264 (plasmashell)
2026-05-31T20:49:32-03:00 Mocha systemd[1]: Mounting /media/mochafast...
2026-05-31T20:49:32-03:00 Mocha kernel: BTRFS: device label MOCHAFAST devid 1 transid 2092 /dev/sda1 (8:1) scanned by mount (1439)
2026-05-31T20:49:32-03:00 Mocha kernel: BTRFS info (device sda1): first mount of filesystem 88e6aa16-110c-4b97-9ffb-85084c000198
2026-05-31T20:49:32-03:00 Mocha kernel: BTRFS info (device sda1): using crc32c checksum algorithm
2026-05-31T20:49:32-03:00 Mocha nfsrahead[1452]: skipping non-NFS device btrfs-1
2026-05-31T20:49:32-03:00 Mocha kernel: BTRFS info (device sda1): enabling ssd optimizations
2026-05-31T20:49:32-03:00 Mocha kernel: BTRFS info (device sda1): turning on async discard
2026-05-31T20:49:32-03:00 Mocha kernel: BTRFS info (device sda1): enabling free space tree
2026-05-31T20:49:32-03:00 Mocha kernel: BTRFS info (device sda1): use zstd compression, level 3
2026-05-31T20:49:32-03:00 Mocha systemd[1]: Mounted /media/mochafast.
2026-05-31T20:49:34-03:00 Mocha plasmashell[1264]: QWaylandDataOffer: error reading data for mimeType text/plain;charset=utf-8
2026-05-31T20:49:35-03:00 Mocha systemd[884]: plasma-login-kwin_wayland.service: Failed with result 'exit-code'.
2026-05-31T20:49:35-03:00 Mocha plasmashell[1264]: QWaylandDataOffer: error reading data for mimeType text/plain
2026-05-31T20:49:36-03:00 Mocha vivaldi-stable[1512]: [1571:1571:0531/204936.755751:ERROR:chromium/media/gpu/vaapi/vaapi_wrapper.cc:1658] vaInitialize failed: unknown libva error
2026-05-31T20:49:36-03:00 Mocha vivaldi-stable[1512]: [1571:1571:0531/204936.757422:ERROR:chromium/ui/ozone/platform/wayland/gpu/wayland_surface_factory.cc:252] '--ozone-platform=wayland' is not compatible with Vulkan. Consider switching to '--ozone-platform=x11' or disabling Vulkan
2026-05-31T20:49:36-03:00 Mocha kwalletd6[1578]: g_dbus_proxy_get_object_path: assertion 'G_IS_DBUS_PROXY (proxy)' failed
2026-05-31T20:49:37-03:00 Mocha vivaldi-stable[1512]: [1504:1504:0531/204937.339215:ERROR:chromium/ui/ozone/platform/wayland/host/wayland_wp_color_manager.cc:277] Unable to set image transfer function.
2026-05-31T20:49:37-03:00 Mocha vivaldi-stable[1512]: [1504:1504:0531/204937.339225:ERROR:chromium/ui/ozone/platform/wayland/host/wayland_wp_color_manager.cc:195] Failed to populate image description for color space {primaries:BT709, transfer:SRGB, matrix:RGB, range:FULL}
2026-05-31T20:49:37-03:00 Mocha vivaldi-stable[1512]: [1504:1504:0531/204937.909611:ERROR:CONSOLE:0] "Uncaught (in promise) Error: Services not available for profile.", source: chrome-extension://mpognobbkildjkofajifpdfhcoklimli/main.html (0)
2026-05-31T20:49:39-03:00 Mocha org_kde_powerdevil[1357]: org.kde.powerdevil.chargethresholdhelper.getthreshold failed "Charge thresholds are not supported by the kernel for this hardware"
2026-05-31T20:49:39-03:00 Mocha org_kde_powerdevil[1357]: org.kde.powerdevil.backlighthelper.brightness failed
2026-05-31T20:49:39-03:00 Mocha org_kde_powerdevil[1357]: org.kde.powerdevil.chargethresholdhelper.getthreshold failed "Charge thresholds are not supported by the kernel for this hardware"
2026-05-31T20:49:39-03:00 Mocha bash[1960]: ERROR: Service not running? g-dbus-error-quark: GDBus.Error:org.freedesktop.DBus.Error.ServiceUnknown: The name is not activatable (2)
2026-05-31T20:49:39-03:00 Mocha bash[1960]: ERROR: Daemon missing
2026-05-31T20:49:39-03:00 Mocha systemd[1035]: app-input\x2dremapper\x2dautoload@autostart.service: Failed with result 'exit-code'.
2026-05-31T20:49:39-03:00 Mocha kwin_wayland[1118]: Failed to register with host portal QDBusError("org.freedesktop.portal.Error.Failed", "Could not register app ID: App info not found for 'org.kde.kwin'")
2026-05-31T20:49:39-03:00 Mocha ksmserver[1242]: Failed to register with host portal QDBusError("org.freedesktop.portal.Error.Failed", "Could not register app ID: App info not found for 'org.kde.ksmserver'")
2026-05-31T20:49:39-03:00 Mocha kded6[1244]: Failed to register with host portal QDBusError("org.freedesktop.portal.Error.Failed", "Could not register app ID: App info not found for 'org.kde.kded6'")
2026-05-31T20:49:39-03:00 Mocha kactivitymanagerd[1316]: Failed to register with host portal QDBusError("org.freedesktop.portal.Error.Failed", "Could not register app ID: App info not found for 'org.kde.ActivityManager'")
2026-05-31T20:49:39-03:00 Mocha gmenudbusmenuproxy[1354]: Failed to register with host portal QDBusError("org.freedesktop.portal.Error.Failed", "Could not register app ID: App info not found for 'org.kde.gmenudbusmenuproxy'")
2026-05-31T20:49:39-03:00 Mocha xembedsniproxy[1358]: Failed to register with host portal QDBusError("org.freedesktop.portal.Error.Failed", "Could not register app ID: App info not found for 'org.kde.xembedsniproxy'")
2026-05-31T20:49:39-03:00 Mocha polkit-kde-authentication-agent-1[1356]: Failed to register with host portal QDBusError("org.freedesktop.portal.Error.Failed", "Could not register app ID: Unable to open /proc/1356/root")
2026-05-31T20:49:39-03:00 Mocha kwalletd6[1578]: Failed to register with host portal QDBusError("org.freedesktop.portal.Error.Failed", "Could not register app ID: App info not found for 'org.kde.kwalletd'")
2026-05-31T20:49:39-03:00 Mocha pulseaudio[1224]: Failed to open connection to session manager: None of the authentication protocols specified are supported
2026-05-31T20:49:39-03:00 Mocha pulseaudio[1224]: Failed to load module "module-x11-xsmp" (argument: "display=:0 xauthority=/run/user/1000/xauth_ecaAbk session_manager=local/Mocha:@/tmp/.ICE-unix/1242,unix/Mocha:/tmp/.ICE-unix/1242"): initialization failed.
2026-05-31T20:49:39-03:00 Mocha akonadi_control[1807]: Failed to register with host portal QDBusError("org.freedesktop.portal.Error.Failed", "Could not register app ID: App info not found for 'org.kde.akonadi_control'")
2026-05-31T20:49:39-03:00 Mocha akonadi_followupreminder_agent[1826]: Failed to register with host portal QDBusError("org.freedesktop.portal.Error.Failed", "Could not register app ID: App info not found for 'org.kde.akonadi_followupreminder_agent'")
2026-05-31T20:49:39-03:00 Mocha akonadi_maildispatcher_agent[1830]: Failed to register with host portal QDBusError("org.freedesktop.portal.Error.Failed", "Could not register app ID: App info not found for 'org.kde.akonadi_maildispatcher_agent'")
2026-05-31T20:49:39-03:00 Mocha akonadi_migration_agent[1833]: Failed to register with host portal QDBusError("org.freedesktop.portal.Error.Failed", "Could not register app ID: App info not found for 'org.kde.akonadi_migration_agent'")
2026-05-31T20:49:39-03:00 Mocha akonadi_newmailnotifier_agent[1834]: Failed to register with host portal QDBusError("org.freedesktop.portal.Error.Failed", "Could not register app ID: App info not found for 'org.kde.akonadi_newmailnotifier_agent'")
2026-05-31T20:49:39-03:00 Mocha akonadi_mailmerge_agent[1832]: Failed to register with host portal QDBusError("org.freedesktop.portal.Error.Failed", "Could not register app ID: App info not found for 'org.kde.akonadi_mailmerge_agent'")
2026-05-31T20:49:39-03:00 Mocha systemd[1035]: app-pulseaudio@autostart.service: Failed with result 'exit-code'.
2026-05-31T20:49:39-03:00 Mocha akonadi_unifiedmailbox_agent[1836]: Failed to register with host portal QDBusError("org.freedesktop.portal.Error.Failed", "Could not register app ID: App info not found for 'org.kde.akonadi_unifiedmailbox_agent'")
2026-05-31T20:49:39-03:00 Mocha akonadi_sendlater_agent[1835]: Failed to register with host portal QDBusError("org.freedesktop.portal.Error.Failed", "Could not register app ID: App info not found for 'org.kde.akonadi_sendlater_agent'")
2026-05-31T20:49:39-03:00 Mocha akonadi_mailfilter_agent[1831]: Failed to register with host portal QDBusError("org.freedesktop.portal.Error.Failed", "Could not register app ID: App info not found for 'org.kde.akonadi_mailfilter_agent'")
2026-05-31T20:49:39-03:00 Mocha akonadi_archivemail_agent[1823]: Failed to register with host portal QDBusError("org.freedesktop.portal.Error.Failed", "Could not register app ID: App info not found for 'org.kde.akonadi_archivemail_agent'")
2026-05-31T20:49:39-03:00 Mocha org_kde_powerdevil[1357]: Failed to register with host portal QDBusError("org.freedesktop.portal.Error.Failed", "Could not register app ID: App info not found for 'org.kde.org_kde_powerdevil'")
2026-05-31T20:49:39-03:00 Mocha kclockd[1957]: Failed to register with host portal QDBusError("org.freedesktop.portal.Error.Failed", "Could not register app ID: App info not found for 'org.kde.kclockd'")
2026-05-31T20:49:39-03:00 Mocha akonadi_sendlater_agent[1835]: Failed to register with host portal QDBusError("org.freedesktop.portal.Error.Failed", "Could not register app ID: App info not found for 'org.kde.akonadi_sendlater_agent'")
2026-05-31T20:49:39-03:00 Mocha akonadi_migration_agent[1833]: Failed to register with host portal QDBusError("org.freedesktop.portal.Error.Failed", "Could not register app ID: App info not found for 'org.kde.akonadi_migration_agent'")
2026-05-31T20:49:39-03:00 Mocha kdeconnectd[1466]: Failed to register with host portal QDBusError("org.freedesktop.portal.Error.Failed", "Could not register app ID: Connection already associated with an application ID")
2026-05-31T20:49:39-03:00 Mocha akonadi_mailmerge_agent[1832]: Failed to register with host portal QDBusError("org.freedesktop.portal.Error.Failed", "Could not register app ID: App info not found for 'org.kde.akonadi_mailmerge_agent'")
2026-05-31T20:49:39-03:00 Mocha akonadi_maildispatcher_agent[1830]: Failed to register with host portal QDBusError("org.freedesktop.portal.Error.Failed", "Could not register app ID: App info not found for 'org.kde.akonadi_maildispatcher_agent'")
2026-05-31T20:49:39-03:00 Mocha akonadi_newmailnotifier_agent[1834]: Failed to register with host portal QDBusError("org.freedesktop.portal.Error.Failed", "Could not register app ID: App info not found for 'org.kde.akonadi_newmailnotifier_agent'")
2026-05-31T20:49:39-03:00 Mocha vivaldi-bin[1504]: Failed to register with host portal QDBusError("org.freedesktop.portal.Error.Failed", "Could not register app ID: App info not found for ''")
2026-05-31T20:49:39-03:00 Mocha kwalletd6[1578]: Failed to register with host portal QDBusError("org.freedesktop.portal.Error.Failed", "Could not register app ID: App info not found for 'org.kde.kwalletd'")
2026-05-31T20:49:39-03:00 Mocha akonadi_control[1807]: Failed to register with host portal QDBusError("org.freedesktop.portal.Error.Failed", "Could not register app ID: App info not found for 'org.kde.akonadi_control'")
2026-05-31T20:49:39-03:00 Mocha polkit-kde-authentication-agent-1[1356]: Failed to register with host portal QDBusError("org.freedesktop.portal.Error.Failed", "Could not register app ID: Unable to open /proc/1356/root")
2026-05-31T20:49:39-03:00 Mocha xembedsniproxy[1358]: Failed to register with host portal QDBusError("org.freedesktop.portal.Error.Failed", "Could not register app ID: App info not found for 'org.kde.xembedsniproxy'")
2026-05-31T20:49:39-03:00 Mocha kaccess[1355]: Failed to register with host portal QDBusError("org.freedesktop.portal.Error.Failed", "Could not register app ID: Connection already associated with an application ID")
2026-05-31T20:49:39-03:00 Mocha gmenudbusmenuproxy[1354]: Failed to register with host portal QDBusError("org.freedesktop.portal.Error.Failed", "Could not register app ID: App info not found for 'org.kde.gmenudbusmenuproxy'")
2026-05-31T20:49:39-03:00 Mocha kactivitymanagerd[1316]: Failed to register with host portal QDBusError("org.freedesktop.portal.Error.Failed", "Could not register app ID: App info not found for 'org.kde.ActivityManager'")
2026-05-31T20:49:39-03:00 Mocha ksmserver[1242]: Failed to register with host portal QDBusError("org.freedesktop.portal.Error.Failed", "Could not register app ID: App info not found for 'org.kde.ksmserver'")
2026-05-31T20:49:39-03:00 Mocha org_kde_powerdevil[1357]: Failed to register with host portal QDBusError("org.freedesktop.portal.Error.Failed", "Could not register app ID: Connection already associated with an application ID")
2026-05-31T20:49:39-03:00 Mocha ksecretd[1051]: Failed to register with host portal QDBusError("org.freedesktop.portal.Error.Failed", "Could not register app ID: Connection already associated with an application ID")
2026-05-31T20:49:39-03:00 Mocha kwin_wayland[1118]: Failed to register with host portal QDBusError("org.freedesktop.portal.Error.Failed", "Could not register app ID: App info not found for 'org.kde.kwin'")
2026-05-31T20:49:39-03:00 Mocha plasmashell[1264]: Failed to register with host portal QDBusError("org.freedesktop.portal.Error.Failed", "Could not register app ID: Connection already associated with an application ID")
2026-05-31T20:49:39-03:00 Mocha xdg-desktop-portal-kde[2022]: Failed to register with host portal QDBusError("org.freedesktop.portal.Error.Failed", "Could not register app ID: Connection already associated with an application ID")
2026-05-31T20:49:39-03:00 Mocha kded6[1244]: Failed to register with host portal QDBusError("org.freedesktop.portal.Error.Failed", "Could not register app ID: App info not found for 'org.kde.kded6'")
2026-05-31T20:49:39-03:00 Mocha DiscoverNotifier[1983]: Failed to register with host portal QDBusError("org.freedesktop.portal.Error.Failed", "Could not register app ID: Connection already associated with an application ID")
2026-05-31T20:49:39-03:00 Mocha akonadi_unifiedmailbox_agent[1836]: Failed to register with host portal QDBusError("org.freedesktop.portal.Error.Failed", "Could not register app ID: App info not found for 'org.kde.akonadi_unifiedmailbox_agent'")
2026-05-31T20:49:39-03:00 Mocha kclockd[1957]: Failed to register with host portal QDBusError("org.freedesktop.portal.Error.Failed", "Could not register app ID: App info not found for 'org.kde.kclockd'")
2026-05-31T20:49:39-03:00 Mocha akonadi_archivemail_agent[1823]: Failed to register with host portal QDBusError("org.freedesktop.portal.Error.Failed", "Could not register app ID: App info not found for 'org.kde.akonadi_archivemail_agent'")
2026-05-31T20:49:39-03:00 Mocha akonadi_mailfilter_agent[1831]: Failed to register with host portal QDBusError("org.freedesktop.portal.Error.Failed", "Could not register app ID: App info not found for 'org.kde.akonadi_mailfilter_agent'")
2026-05-31T20:49:39-03:00 Mocha akonadi_followupreminder_agent[1826]: Failed to register with host portal QDBusError("org.freedesktop.portal.Error.Failed", "Could not register app ID: App info not found for 'org.kde.akonadi_followupreminder_agent'")
2026-05-31T20:49:39-03:00 Mocha kalendarac[1984]: Failed to register with host portal QDBusError("org.freedesktop.portal.Error.Failed", "Could not register app ID: App info not found for 'org.kde.kalendarac'")
2026-05-31T20:49:39-03:00 Mocha kalendarac[1984]: Failed to register with host portal QDBusError("org.freedesktop.portal.Error.Failed", "Could not register app ID: App info not found for 'org.kde.kalendarac'")
2026-05-31T20:49:40-03:00 Mocha vivaldi-stable[1512]: [1504:1535:0531/204940.525439:ERROR:chromium/google_apis/gcm/engine/registration_request.cc:291] Registration response error message: DEPRECATED_ENDPOINT
2026-05-31T20:49:45-03:00 Mocha systemd[1]: run-user-956.mount: Deactivated successfully.
2026-05-31T20:49:59-03:00 Mocha accounts-daemon[2440]: couldn't list homed users: GDBus.Error:org.freedesktop.DBus.Error.NameHasNoOwner: Could not activate remote peer 'org.freedesktop.home1': activation request failed: unknown unit
2026-05-31T20:50:01-03:00 Mocha vivaldi-stable[1512]: [1504:1535:0531/205001.983354:ERROR:chromium/google_apis/gcm/engine/registration_request.cc:291] Registration response error message: DEPRECATED_ENDPOINT
2026-05-31T20:50:07-03:00 Mocha vivaldi-stable[1512]: [1504:1642:0531/205007.015678:ERROR:chromium/content/browser/browser_main_loop.cc:274] GLib: g_main_context_pop_thread_default: assertion 'stack != NULL' failed
2026-05-31T20:50:07-03:00 Mocha vivaldi-stable[1512]: [1504:1644:0531/205007.015701:ERROR:chromium/content/browser/browser_main_loop.cc:274] GLib: g_main_context_pop_thread_default: assertion 'stack != NULL' failed
2026-05-31T20:50:07-03:00 Mocha vivaldi-stable[1512]: [1504:1643:0531/205007.015738:ERROR:chromium/content/browser/browser_main_loop.cc:274] GLib: g_main_context_pop_thread_default: assertion 'stack != NULL' failed
2026-05-31T20:50:22-03:00 Mocha vivaldi-stable[1512]: [1577:1583:0531/205022.688321:ERROR:chromium/net/socket/ssl_client_socket_impl.cc:924] handshake failed; returned -1, SSL error code 1, net_error -101
2026-05-31T20:50:24-03:00 Mocha vivaldi-stable[1512]: [1577:1583:0531/205024.654507:ERROR:chromium/net/socket/ssl_client_socket_impl.cc:924] handshake failed; returned -1, SSL error code 1, net_error -101

== FIM DA AUDITORIA ==
Relatório salvo em:
/media/mochafast/MochaArch/ativo/relatorios/20260531-205037-auditoria-erro-ultimo-boot.log
