
============================================================
 Mocha — remover LFS indevido dos 5 commits locais e push
============================================================
Base: /media/mochafast/MochaArch
Log:  /media/mochafast/MochaArch/ativo/logs/20260629-034742-remove-lfs-dos-5-commits-e-push.log

============================================================
 1) Estado inicial
============================================================
## main...origin/main [ahead 5]
?? ativo/auditorias/pre-rootfs/
?? ativo/docs/MANUAL-UNICO-VIVO-typechange-backup-20260629-033057.md
?? ativo/logs/20260627-172232-restaurar-barra-win11-mocha-aprovada.log
?? ativo/logs/20260627-173345-aplicar-tema-mocha-kde-sddm.log
?? ativo/logs/20260627-191115-fechar-calamares-pre-rootfs.log
?? ativo/logs/20260627-191607-fechar-calamares-pre-rootfs-v3.log
?? ativo/logs/20260627-192031-fixa-atualizador-kernel-driver-pre-rootfs.log
?? ativo/logs/20260627-192341-corrige-atualizador-kernel-driver-rust-v2.log
?? ativo/logs/20260627-192604-corrige-atualizador-kernel-driver-rust-v3.log
?? ativo/logs/20260627-193945-atualizador-rust-cachyos-transitorio-v7.log
?? ativo/logs/20260627-194513-atualizador-rust-gui-mocha-transitorio-v8.log
?? ativo/logs/20260627-194739-corrige-helper-cachyos-available-v81.log
?? ativo/logs/20260627-195015-corrige-helper-cachyos-downloaduser-v82.log
?? ativo/logs/20260627-195557-corrige-helper-cachyos-available-sem-sudo-v83.log
?? ativo/logs/20260627-195908-corrige-helper-cachyos-v84.log
?? ativo/logs/20260627-200250-kernel-driver-sudo-ao-abrir.log
?? ativo/logs/20260627-200443-corrige-sudo-ao-abrir-v2.log
?? ativo/logs/20260627-201018-fix-helper-available-root.log
?? ativo/logs/20260627-201335-helper-root-simples-v2.log
?? ativo/logs/20260627-202141-kernel-driver-desktop-canonico.log
?? ativo/logs/20260627-202803-refaz-kernel-driver-tema-mocha.log
?? ativo/logs/20260627-202924-fecha-kernel-driver-tema-mocha-v2.log
?? ativo/logs/20260627-203738-fechamento-rootfs-calamares-final.log
?? ativo/logs/20260627-204738-rootfs-estado-atual-calamares-gamer.log
?? ativo/logs/20260627-205342-preserva-rootfs-reserva.log
?? ativo/logs/20260627-205630-retoma-rootfs-aberto-gera-sfs-reserva.log
?? ativo/logs/20260627-205836-finaliza-rootfs-sem-chroot-user.log
?? ativo/logs/20260627-210052-finaliza-rootfs-corrige-gshadow-v2.log
?? ativo/logs/20260627-210208-corrige-usuario-live-rootfs-direto.log
?? ativo/logs/20260627-210425-confere-corrige-usuario-live-rootfs-v2.log
?? ativo/logs/20260627-210522-audita-rootfs-live-pre-repack-v1.log
?? ativo/logs/20260627-210756-quarentena-rootfs-remendado.log
?? ativo/logs/20260627-211416-gera-rootfs-copia-tal-qual.log
?? ativo/logs/20260627-222904-stack-gamer-agressivo.log
?? ativo/logs/20260627-223247-continua-agressividade-sem-flatpak.log
?? ativo/logs/20260627-224714-forca-mangohud-canonico.log
?? ativo/logs/20260627-225059-fix-mangohud-alt-tab-input.log
?? ativo/logs/20260627-225409-reaplica-mangohud-canonico-existente.log
?? ativo/logs/20260627-225718-pega-conf-canonico-mangohud.log
?? ativo/logs/20260627-230009-mangohud-canonico-real-v3.log
?? ativo/logs/20260627-230416-mangohud-somente-wrapper-conf.log
?? ativo/logs/20260627-230718-cria-mangohud-canonico-novo.log
?? ativo/logs/20260627-230958-mangohud-shim-canonico.log
?? ativo/logs/20260627-231303-mangohud-correto-final.log
?? ativo/logs/20260627-231507-mangohud-limpo-final.log
?? ativo/logs/20260627-231750-corrige-mangohud-canonico.log
?? ativo/logs/20260627-232221-reset-total-mangohud-canonico.log
?? ativo/logs/20260627-232618-reset-mangohud-linha-hora-minuto.log
?? ativo/logs/20260627-232843-diagnostico-origem-mangohud.log
?? ativo/logs/20260627-233523-fix-steam-launchoptions-fechada.log
?? ativo/logs/20260627-233920-fix-mangohud-sem-dupla-injecao.log
?? ativo/logs/20260627-234615-fix-wrapper-mangohud-userconf-final.log
?? ativo/logs/20260627-234734-fix-wrapper-sem-falso-positivo.log
?? ativo/logs/20260627-234919-final-mangohud-alt-tab.log
?? ativo/logs/20260627-235102-corrige-tudo-sem-kwin-sem-borderless.log
?? ativo/logs/20260627-235235-finaliza-wrapper-mangohud-input-v2.log
?? ativo/logs/20260627-235551-wrapper-runtime-trace-v1.log
?? ativo/logs/20260627-235931-apaga-e-puxa-wrapper-canonico-v1.log
?? ativo/logs/20260628-000307-remove-mangohud-do-wrapper-v1.log
?? ativo/logs/20260628-000956-restaura-wrapper-steam-alt-tab-canonico.log
?? ativo/logs/20260628-001805-tira-proton-errado-alt-tab-limpo-v2.log
?? ativo/logs/20260628-005821-restaura-wrapper-ultimo-bom-ou-minimo.log
?? ativo/logs/20260628-010116-restaura-wrapper-alt-tab-definitivo-20260611.log
?? ativo/logs/20260628-010955-fixa-wrapper-steam-canonico-alt-tab-multilocal.log
?? ativo/logs/20260628-011105-continua-fixa-wrapper-canonico-alt-tab-v3.log
?? ativo/logs/20260628-161841-atualiza-base-sem-kernel-driver.log
?? ativo/logs/20260628-162314-pacotes-explicitos-antes.txt
?? ativo/logs/20260628-162314-remove-apps-fora-stack-sem-sistema.log
?? ativo/logs/20260628-162550-candidatos-remocao.txt
?? ativo/logs/20260628-162550-limpeza-matriz-gamer-enxuta.log
?? ativo/logs/20260628-162550-pacotes-explicitos-antes.txt
?? ativo/logs/20260628-162915-candidatos-por-desktop.txt
?? ativo/logs/20260628-162915-candidatos-por-lista.txt
?? ativo/logs/20260628-162915-candidatos-remocao.txt
?? ativo/logs/20260628-162915-desktops-quarentenados.txt
?? ativo/logs/20260628-162915-flatpaks-removidos.txt
?? ativo/logs/20260628-162915-limpeza-menu-apps-fora-stack-v3.log
?? ativo/logs/20260628-162915-orfaos-detectados-nao-removidos.txt
?? ativo/logs/20260628-162915-pacotes-explicitos-antes.txt
?? ativo/logs/20260628-162915-pacotes-explicitos-depois.txt
?? ativo/logs/20260628-162915-pacotes-nao-removidos.txt
?? ativo/logs/20260628-162915-pacotes-removidos.txt
?? ativo/logs/20260628-163252-cachyos-v3-kernel-nvidia-casado.log
?? ativo/logs/20260628-163527-corrige-cachyos-v3-instala-casal.log
?? ativo/logs/20260628-164249-aplica-tema-mocha-barra-48.log
?? ativo/logs/20260628-164452-aplica-tema-instalado-barra-48.log
?? ativo/logs/20260628-164736-restaura-tema-mocha-canonico-manual.log
?? ativo/logs/20260628-164920-reinstala-spectacle-print.log
?? ativo/logs/20260628-170618-tema-completo-barra-cores-sddm.log
?? ativo/logs/20260628-171108-aplica-somente-cores-mocha.log
?? ativo/logs/20260628-171231-aplica-cores-mocha-fix-permissao.log
?? ativo/logs/20260628-171450-forca-cores-reais-kde-sddm.log
?? ativo/logs/20260628-171719-recupera-barra-aplica-cores-sem-tema-quebrado.log
?? ativo/logs/20260628-172134-aborta-tentativa-aplica-cores-direto.log
?? ativo/logs/20260628-172346-restaura-barra-do-backup-exato.log
?? ativo/logs/20260628-172534-recria-barra-visivel-48-sem-cores.log
?? ativo/logs/20260628-172752-restaura-barra-padrao-kde-factory.log
?? ativo/logs/20260628-173054-aplica-cores-mocha-somente-na-barra.log
?? ativo/logs/20260628-173454-corrige-barra-azul-wallpaper.log
?? ativo/logs/20260628-173945-append-manual-cor-barra-wallpaper-caixa-unica.log
?? ativo/logs/20260628-174040-append-manual-cor-barra-wallpaper-sudo-tee.log
?? ativo/logs/20260628-174554-instala-stack-gamer-mocha-canonico-alt-tab.log
?? ativo/logs/20260628-174835-continua-stack-gamer-sem-conflito-pulse.log
?? ativo/logs/20260629-032933-pre-commit-saneamento-auditoria.log
?? ativo/logs/20260629-033057-resolve-bloqueios-pre-commit.log
?? ativo/logs/20260629-033631-commits-fatiados.log
?? ativo/logs/20260629-033748-corrige-permissao-continua-commits.log
?? ativo/logs/20260629-033916-continua-commits-sem-aplicacoes.log
?? ativo/logs/20260629-034742-remove-lfs-dos-5-commits-e-push.log
?? ativo/tmp/
?? auditorias/audita-rust-firstboot-stack-20260624-121550/
?? auditorias/corrige-atalho-menu-stack-sem-executar-20260624-123227/
?? auditorias/dump-rust-firstboot-stack-fonte-20260624-121731/
?? auditorias/instala-somente-programa-rust-stack-20260624-122414/
?? auditorias/localiza-rust-atualizador-arch-20260624-120505/
9ed7f94 docs: registra canonicos do wrapper e plano da ISO
7ed696c stack: atualiza perfil gamer e ferramentas Mocha
b39ecb1 calamares: adiciona finalizador e ajustes do usuario instalado
c09248d steam: preserva wrapper canonico Alt-Tab input
769b4ec tema: consolida Mocha KDE, barra, cores e branding
6e7c65d ativo: adiciona ativo/iso/calamares-canonico.env
496aeb4 docs: atualiza manuais públicos do ativo
426c731 feat: adiciona receita agressividade FPS

Commits locais que serão regravados:
769b4ec tema: consolida Mocha KDE, barra, cores e branding
c09248d steam: preserva wrapper canonico Alt-Tab input
b39ecb1 calamares: adiciona finalizador e ajustes do usuario instalado
7ed696c stack: atualiza perfil gamer e ferramentas Mocha
9ed7f94 docs: registra canonicos do wrapper e plano da ISO

============================================================
 2) Backups de segurança
============================================================
[OK] Branch backup: backup/pre-remove-lfs-20260629-034742
[OK] Patch rastreados: /tmp/mocha-pre-remove-lfs-20260629-034742.patch
[OK] Não rastreados:   /tmp/mocha-pre-remove-lfs-untracked-20260629-034742.txt

============================================================
 3) Voltar os 5 commits para working tree
============================================================
Unstaged changes after reset:
M	ativo/assets/branding/avatar.png
M	ativo/assets/branding/avatar/avatar.png
M	ativo/assets/branding/wallpaper/Wall.png
M	ativo/assets/mocha-steam/bin/mocha-steam-game-run
M	ativo/etc/skel/.local/bin/mocha-steam-game-run
M	ativo/kde/barra-win11-aprovada/20260529-200013-mocha-reaplicar-barra-aprovada-atual.sh
M	ativo/kde/barra-win11-aprovada/plasma-org.kde.plasma.desktop-appletsrc-aprovado-atual
M	ativo/kde/esquemas-cores-aprovados/MochaDark.colors
M	ativo/kde/plasma-style-barra-mocha/MochaPanelSolidCanonico/dialogs/background.svgz
M	ativo/kde/plasma-style-barra-mocha/MochaPanelSolidCanonico/metadata.json
M	ativo/kde/plasma-style-barra-mocha/MochaPanelSolidCanonico/plasmarc
M	ativo/kde/plasma-style-barra-mocha/MochaPanelSolidCanonico/widgets/background.svgz
M	ativo/kde/plasma-style-barra-mocha/MochaPanelSolidCanonico/widgets/button.svgz
M	ativo/kde/plasma-style-barra-mocha/MochaPanelSolidCanonico/widgets/frame.svgz
M	ativo/kde/plasma-style-barra-mocha/MochaPanelSolidCanonico/widgets/lineedit.svgz
M	ativo/kde/plasma-style-barra-mocha/MochaPanelSolidCanonico/widgets/listitem.svgz
M	ativo/kde/plasma-style-barra-mocha/MochaPanelSolidCanonico/widgets/panel-background.svgz
M	ativo/kde/plasma-style-barra-mocha/MochaPanelSolidCanonico/widgets/tasks.svgz
M	ativo/kde/plasma-style-barra-mocha/MochaPanelSolidCanonico/widgets/viewitem.svgz
M	ativo/software/perfis/mocha-gamer-default.flatpaklist
M	ativo/software/perfis/mocha-gamer-default.pkglist
M	calamares/base-calam-arch-installer-2026-06/usr/share/calamares/modules/users.conf
M	calamares/base-calam-arch-installer-2026-06/usr/share/calamares/settings.conf
M	calamares/identidade/extracao-identidade-calamares-mocha-20260605-153953/origem-airootfs/etc-calamares/modules/users.conf
M	calamares/identidade/extracao-identidade-calamares-mocha-20260605-153953/origem-airootfs/etc-calamares/settings.conf
M	calamares/identidade/extracao-identidade-calamares-mocha-20260605-153953/origem-airootfs/usr-share-calamares/modules/users.conf
M	calamares/identidade/extracao-identidade-calamares-mocha-20260605-153953/origem-airootfs/usr-share-calamares/settings.conf
M	calamares/identidade/extracao-identidade-calamares-mocha-20260605-153953/textos/etc-calamares/modules/users.conf
M	calamares/identidade/extracao-identidade-calamares-mocha-20260605-153953/textos/etc-calamares/settings.conf
M	calamares/identidade/extracao-identidade-calamares-mocha-20260605-153953/textos/usr-share-calamares/modules/users.conf
M	calamares/identidade/extracao-identidade-calamares-mocha-20260605-153953/textos/usr-share-calamares/settings.conf
M	calamares/identidade/extracao-identidade-calamares-mocha-20260605-153953/yaml-configs/etc-calamares/settings.conf
M	calamares/identidade/extracao-identidade-calamares-mocha-20260605-153953/yaml-configs/usr-share-calamares/settings.conf
M	calamares/mocha-calamares/etc/calamares/modules/users.conf
M	calamares/mocha-calamares/etc/calamares/settings.conf
M	calamares/origem-calam-arch-installer-2026-06-20260605-112415/usr/share/calamares/modules/users.conf
M	calamares/origem-calam-arch-installer-2026-06-20260605-112415/usr/share/calamares/settings.conf
M	calamares/trabalho-mocha-calamares-20260605-112806/usr/share/calamares/modules/users.conf
M	calamares/trabalho-mocha-calamares-20260605-112806/usr/share/calamares/settings.conf

Status após reset mixed:
## main...origin/main
 M ativo/assets/branding/avatar.png
 M ativo/assets/branding/avatar/avatar.png
 M ativo/assets/branding/wallpaper/Wall.png
 M ativo/assets/mocha-steam/bin/mocha-steam-game-run
 M ativo/etc/skel/.local/bin/mocha-steam-game-run
 M ativo/kde/barra-win11-aprovada/20260529-200013-mocha-reaplicar-barra-aprovada-atual.sh
 M ativo/kde/barra-win11-aprovada/plasma-org.kde.plasma.desktop-appletsrc-aprovado-atual
 M ativo/kde/esquemas-cores-aprovados/MochaDark.colors
 M ativo/kde/plasma-style-barra-mocha/MochaPanelSolidCanonico/dialogs/background.svgz
 M ativo/kde/plasma-style-barra-mocha/MochaPanelSolidCanonico/metadata.json
 M ativo/kde/plasma-style-barra-mocha/MochaPanelSolidCanonico/plasmarc
 M ativo/kde/plasma-style-barra-mocha/MochaPanelSolidCanonico/widgets/background.svgz
 M ativo/kde/plasma-style-barra-mocha/MochaPanelSolidCanonico/widgets/button.svgz
 M ativo/kde/plasma-style-barra-mocha/MochaPanelSolidCanonico/widgets/frame.svgz
 M ativo/kde/plasma-style-barra-mocha/MochaPanelSolidCanonico/widgets/lineedit.svgz
 M ativo/kde/plasma-style-barra-mocha/MochaPanelSolidCanonico/widgets/listitem.svgz
 M ativo/kde/plasma-style-barra-mocha/MochaPanelSolidCanonico/widgets/panel-background.svgz
 M ativo/kde/plasma-style-barra-mocha/MochaPanelSolidCanonico/widgets/tasks.svgz
 M ativo/kde/plasma-style-barra-mocha/MochaPanelSolidCanonico/widgets/viewitem.svgz
 M ativo/software/perfis/mocha-gamer-default.flatpaklist
 M ativo/software/perfis/mocha-gamer-default.pkglist
 M calamares/base-calam-arch-installer-2026-06/usr/share/calamares/modules/users.conf
 M calamares/base-calam-arch-installer-2026-06/usr/share/calamares/settings.conf
 M calamares/identidade/extracao-identidade-calamares-mocha-20260605-153953/origem-airootfs/etc-calamares/modules/users.conf
 M calamares/identidade/extracao-identidade-calamares-mocha-20260605-153953/origem-airootfs/etc-calamares/settings.conf
 M calamares/identidade/extracao-identidade-calamares-mocha-20260605-153953/origem-airootfs/usr-share-calamares/modules/users.conf
 M calamares/identidade/extracao-identidade-calamares-mocha-20260605-153953/origem-airootfs/usr-share-calamares/settings.conf
 M calamares/identidade/extracao-identidade-calamares-mocha-20260605-153953/textos/etc-calamares/modules/users.conf
 M calamares/identidade/extracao-identidade-calamares-mocha-20260605-153953/textos/etc-calamares/settings.conf
 M calamares/identidade/extracao-identidade-calamares-mocha-20260605-153953/textos/usr-share-calamares/modules/users.conf
 M calamares/identidade/extracao-identidade-calamares-mocha-20260605-153953/textos/usr-share-calamares/settings.conf
 M calamares/identidade/extracao-identidade-calamares-mocha-20260605-153953/yaml-configs/etc-calamares/settings.conf
 M calamares/identidade/extracao-identidade-calamares-mocha-20260605-153953/yaml-configs/usr-share-calamares/settings.conf
 M calamares/mocha-calamares/etc/calamares/modules/users.conf
 M calamares/mocha-calamares/etc/calamares/settings.conf
 M calamares/origem-calam-arch-installer-2026-06-20260605-112415/usr/share/calamares/modules/users.conf
 M calamares/origem-calam-arch-installer-2026-06-20260605-112415/usr/share/calamares/settings.conf
 M calamares/trabalho-mocha-calamares-20260605-112806/usr/share/calamares/modules/users.conf
 M calamares/trabalho-mocha-calamares-20260605-112806/usr/share/calamares/settings.conf
?? ativo/PLANO-B-MATRIZ-CALAM-LIVE-ISO.md
?? ativo/apps/
?? ativo/auditorias/pre-rootfs/
?? ativo/calamares/
?? ativo/docs/20260628-010600-wrapper-alt-tab-input-definitivo.md
?? ativo/docs/20260628-010700-wrapper-alt-tab-input-definitivo.md
?? ativo/docs/20260628-011105-wrapper-steam-canonico-alt-tab-input.md
?? ativo/docs/MANUAL-UNICO-VIVO-typechange-backup-20260629-033057.md
?? ativo/ferramentas/mocha-kernel-driver-manager-rust-gui-mocha/
?? ativo/ferramentas/mocha-kernel-driver-manager-rust-hw-detect-transient/
?? ativo/kde/barra-win11-aprovada/plasma-org.kde.plasma.desktop-appletsrc-aprovado-atual-20260627-183751
?? ativo/kde/barra-win11-aprovada/plasma-org.kde.plasma.desktop-appletsrc-aprovado-atual-20260627-184000
?? ativo/kde/color-schemes/
?? ativo/kde/plasma-style-barra-mocha/MochaPanelSolidCanonico/colors
?? ativo/kde/plasma-style-barra-mocha/MochaPanelSolidCanonico/metadata.desktop
?? ativo/kde/plasma-style-barra-mocha/snapshots/
?? ativo/kde/plasma-style-barra-mocha/svgz-criticos-MochaPanelSolidCanonico-20260627-183751/
?? ativo/kde/plasma-style-barra-mocha/svgz-criticos-MochaPanelSolidCanonico-20260627-184000/
?? ativo/kde/plasma-style-barra-mocha/svgz-criticos-atuais/
?? ativo/logs/20260627-172232-restaurar-barra-win11-mocha-aprovada.log
?? ativo/logs/20260627-173345-aplicar-tema-mocha-kde-sddm.log
?? ativo/logs/20260627-191115-fechar-calamares-pre-rootfs.log
?? ativo/logs/20260627-191607-fechar-calamares-pre-rootfs-v3.log
?? ativo/logs/20260627-192031-fixa-atualizador-kernel-driver-pre-rootfs.log
?? ativo/logs/20260627-192341-corrige-atualizador-kernel-driver-rust-v2.log
?? ativo/logs/20260627-192604-corrige-atualizador-kernel-driver-rust-v3.log
?? ativo/logs/20260627-193945-atualizador-rust-cachyos-transitorio-v7.log
?? ativo/logs/20260627-194513-atualizador-rust-gui-mocha-transitorio-v8.log
?? ativo/logs/20260627-194739-corrige-helper-cachyos-available-v81.log
?? ativo/logs/20260627-195015-corrige-helper-cachyos-downloaduser-v82.log
?? ativo/logs/20260627-195557-corrige-helper-cachyos-available-sem-sudo-v83.log
?? ativo/logs/20260627-195908-corrige-helper-cachyos-v84.log
?? ativo/logs/20260627-200250-kernel-driver-sudo-ao-abrir.log
?? ativo/logs/20260627-200443-corrige-sudo-ao-abrir-v2.log
?? ativo/logs/20260627-201018-fix-helper-available-root.log
?? ativo/logs/20260627-201335-helper-root-simples-v2.log
?? ativo/logs/20260627-202141-kernel-driver-desktop-canonico.log
?? ativo/logs/20260627-202803-refaz-kernel-driver-tema-mocha.log
?? ativo/logs/20260627-202924-fecha-kernel-driver-tema-mocha-v2.log
?? ativo/logs/20260627-203738-fechamento-rootfs-calamares-final.log
?? ativo/logs/20260627-204738-rootfs-estado-atual-calamares-gamer.log
?? ativo/logs/20260627-205342-preserva-rootfs-reserva.log
?? ativo/logs/20260627-205630-retoma-rootfs-aberto-gera-sfs-reserva.log
?? ativo/logs/20260627-205836-finaliza-rootfs-sem-chroot-user.log
?? ativo/logs/20260627-210052-finaliza-rootfs-corrige-gshadow-v2.log
?? ativo/logs/20260627-210208-corrige-usuario-live-rootfs-direto.log
?? ativo/logs/20260627-210425-confere-corrige-usuario-live-rootfs-v2.log
?? ativo/logs/20260627-210522-audita-rootfs-live-pre-repack-v1.log
?? ativo/logs/20260627-210756-quarentena-rootfs-remendado.log
?? ativo/logs/20260627-211416-gera-rootfs-copia-tal-qual.log
?? ativo/logs/20260627-222904-stack-gamer-agressivo.log
?? ativo/logs/20260627-223247-continua-agressividade-sem-flatpak.log
?? ativo/logs/20260627-224714-forca-mangohud-canonico.log
?? ativo/logs/20260627-225059-fix-mangohud-alt-tab-input.log
?? ativo/logs/20260627-225409-reaplica-mangohud-canonico-existente.log
?? ativo/logs/20260627-225718-pega-conf-canonico-mangohud.log
?? ativo/logs/20260627-230009-mangohud-canonico-real-v3.log
?? ativo/logs/20260627-230416-mangohud-somente-wrapper-conf.log
?? ativo/logs/20260627-230718-cria-mangohud-canonico-novo.log
?? ativo/logs/20260627-230958-mangohud-shim-canonico.log
?? ativo/logs/20260627-231303-mangohud-correto-final.log
?? ativo/logs/20260627-231507-mangohud-limpo-final.log
?? ativo/logs/20260627-231750-corrige-mangohud-canonico.log
?? ativo/logs/20260627-232221-reset-total-mangohud-canonico.log
?? ativo/logs/20260627-232618-reset-mangohud-linha-hora-minuto.log
?? ativo/logs/20260627-232843-diagnostico-origem-mangohud.log
?? ativo/logs/20260627-233523-fix-steam-launchoptions-fechada.log
?? ativo/logs/20260627-233920-fix-mangohud-sem-dupla-injecao.log
?? ativo/logs/20260627-234615-fix-wrapper-mangohud-userconf-final.log
?? ativo/logs/20260627-234734-fix-wrapper-sem-falso-positivo.log
?? ativo/logs/20260627-234919-final-mangohud-alt-tab.log
?? ativo/logs/20260627-235102-corrige-tudo-sem-kwin-sem-borderless.log
?? ativo/logs/20260627-235235-finaliza-wrapper-mangohud-input-v2.log
?? ativo/logs/20260627-235551-wrapper-runtime-trace-v1.log
?? ativo/logs/20260627-235931-apaga-e-puxa-wrapper-canonico-v1.log
?? ativo/logs/20260628-000307-remove-mangohud-do-wrapper-v1.log
?? ativo/logs/20260628-000956-restaura-wrapper-steam-alt-tab-canonico.log
?? ativo/logs/20260628-001805-tira-proton-errado-alt-tab-limpo-v2.log
?? ativo/logs/20260628-005821-restaura-wrapper-ultimo-bom-ou-minimo.log
?? ativo/logs/20260628-010116-restaura-wrapper-alt-tab-definitivo-20260611.log
?? ativo/logs/20260628-010955-fixa-wrapper-steam-canonico-alt-tab-multilocal.log
?? ativo/logs/20260628-011105-continua-fixa-wrapper-canonico-alt-tab-v3.log
?? ativo/logs/20260628-161841-atualiza-base-sem-kernel-driver.log
?? ativo/logs/20260628-162314-pacotes-explicitos-antes.txt
?? ativo/logs/20260628-162314-remove-apps-fora-stack-sem-sistema.log
?? ativo/logs/20260628-162550-candidatos-remocao.txt
?? ativo/logs/20260628-162550-limpeza-matriz-gamer-enxuta.log
?? ativo/logs/20260628-162550-pacotes-explicitos-antes.txt
?? ativo/logs/20260628-162915-candidatos-por-desktop.txt
?? ativo/logs/20260628-162915-candidatos-por-lista.txt
?? ativo/logs/20260628-162915-candidatos-remocao.txt
?? ativo/logs/20260628-162915-desktops-quarentenados.txt
?? ativo/logs/20260628-162915-flatpaks-removidos.txt
?? ativo/logs/20260628-162915-limpeza-menu-apps-fora-stack-v3.log
?? ativo/logs/20260628-162915-orfaos-detectados-nao-removidos.txt
?? ativo/logs/20260628-162915-pacotes-explicitos-antes.txt
?? ativo/logs/20260628-162915-pacotes-explicitos-depois.txt
?? ativo/logs/20260628-162915-pacotes-nao-removidos.txt
?? ativo/logs/20260628-162915-pacotes-removidos.txt
?? ativo/logs/20260628-163252-cachyos-v3-kernel-nvidia-casado.log
?? ativo/logs/20260628-163527-corrige-cachyos-v3-instala-casal.log
?? ativo/logs/20260628-164249-aplica-tema-mocha-barra-48.log
?? ativo/logs/20260628-164452-aplica-tema-instalado-barra-48.log
?? ativo/logs/20260628-164736-restaura-tema-mocha-canonico-manual.log
?? ativo/logs/20260628-164920-reinstala-spectacle-print.log
?? ativo/logs/20260628-170618-tema-completo-barra-cores-sddm.log
?? ativo/logs/20260628-171108-aplica-somente-cores-mocha.log
?? ativo/logs/20260628-171231-aplica-cores-mocha-fix-permissao.log
?? ativo/logs/20260628-171450-forca-cores-reais-kde-sddm.log
?? ativo/logs/20260628-171719-recupera-barra-aplica-cores-sem-tema-quebrado.log
?? ativo/logs/20260628-172134-aborta-tentativa-aplica-cores-direto.log
?? ativo/logs/20260628-172346-restaura-barra-do-backup-exato.log
?? ativo/logs/20260628-172534-recria-barra-visivel-48-sem-cores.log
?? ativo/logs/20260628-172752-restaura-barra-padrao-kde-factory.log
?? ativo/logs/20260628-173054-aplica-cores-mocha-somente-na-barra.log
?? ativo/logs/20260628-173454-corrige-barra-azul-wallpaper.log
?? ativo/logs/20260628-173945-append-manual-cor-barra-wallpaper-caixa-unica.log
?? ativo/logs/20260628-174040-append-manual-cor-barra-wallpaper-sudo-tee.log
?? ativo/logs/20260628-174554-instala-stack-gamer-mocha-canonico-alt-tab.log
?? ativo/logs/20260628-174835-continua-stack-gamer-sem-conflito-pulse.log
?? ativo/logs/20260629-032933-pre-commit-saneamento-auditoria.log
?? ativo/logs/20260629-033057-resolve-bloqueios-pre-commit.log
?? ativo/logs/20260629-033631-commits-fatiados.log
?? ativo/logs/20260629-033748-corrige-permissao-continua-commits.log
?? ativo/logs/20260629-033916-continua-commits-sem-aplicacoes.log
?? ativo/logs/20260629-034742-remove-lfs-dos-5-commits-e-push.log
?? ativo/mocha-iso-canonico.env
?? ativo/scripts/20260529-200013-mocha-reaplicar-barra-aprovada-atual.sh
?? ativo/scripts/20260627-183751-mocha-reaplicar-tema-completo-usuarios.sh
?? ativo/scripts/20260627-184000-mocha-reaplicar-tema-completo-usuarios.sh
?? ativo/scripts/mocha-reaplicar-tema-completo-usuarios.sh
?? ativo/steam-mangohud-canonico/
?? ativo/steam-wrapper-canonico/
?? ativo/tmp/
?? ativo/usr/
?? ativo/wrapper-steam/WRAPPER-STEAM-CANONICO-ALT-TAB-INPUT.md
?? ativo/wrapper-steam/mocha-steam-game-run-canonico
?? ativo/wrapper-steam/mocha-steam-game-run-canonico-alt-tab-input-20260611
?? ativo/wrapper-steam/mocha-steam-game-run-canonico.sha256
?? ativo/wrappers/
?? auditorias/audita-rust-firstboot-stack-20260624-121550/
?? auditorias/corrige-atalho-menu-stack-sem-executar-20260624-123227/
?? auditorias/dump-rust-firstboot-stack-fonte-20260624-121731/
?? auditorias/instala-somente-programa-rust-stack-20260624-122414/
?? auditorias/localiza-rust-atualizador-arch-20260624-120505/
?? calamares/base-calam-arch-installer-2026-06/usr/lib/calamares/mocha/
?? calamares/base-calam-arch-installer-2026-06/usr/share/calamares/modules/shellprocess_mocha_finaliza_usuario.conf
?? calamares/base-calam-arch-installer-2026-06/usr/share/calamares/scripts/
?? calamares/identidade/extracao-identidade-calamares-mocha-20260605-153953/origem-airootfs/etc-calamares/modules/shellprocess_mocha_finaliza_usuario.conf
?? calamares/identidade/extracao-identidade-calamares-mocha-20260605-153953/origem-airootfs/etc-calamares/scripts/
?? calamares/identidade/extracao-identidade-calamares-mocha-20260605-153953/origem-airootfs/usr-share-calamares/modules/shellprocess_mocha_finaliza_usuario.conf
?? calamares/identidade/extracao-identidade-calamares-mocha-20260605-153953/origem-airootfs/usr-share-calamares/scripts/
?? calamares/identidade/extracao-identidade-calamares-mocha-20260605-153953/textos/etc-calamares/modules/shellprocess_mocha_finaliza_usuario.conf
?? calamares/identidade/extracao-identidade-calamares-mocha-20260605-153953/textos/etc-calamares/scripts/
?? calamares/identidade/extracao-identidade-calamares-mocha-20260605-153953/textos/usr-share-calamares/modules/shellprocess_mocha_finaliza_usuario.conf
?? calamares/identidade/extracao-identidade-calamares-mocha-20260605-153953/textos/usr-share-calamares/scripts/
?? calamares/identidade/extracao-identidade-calamares-mocha-20260605-153953/yaml-configs/etc-calamares/modules/shellprocess_mocha_finaliza_usuario.conf
?? calamares/identidade/extracao-identidade-calamares-mocha-20260605-153953/yaml-configs/etc-calamares/scripts/
?? calamares/identidade/extracao-identidade-calamares-mocha-20260605-153953/yaml-configs/usr-share-calamares/modules/shellprocess_mocha_finaliza_usuario.conf
?? calamares/identidade/extracao-identidade-calamares-mocha-20260605-153953/yaml-configs/usr-share-calamares/scripts/
?? calamares/mocha-calamares/etc/calamares/modules/shellprocess_mocha_finaliza_usuario.conf
?? calamares/mocha-calamares/etc/calamares/scripts/
?? calamares/mocha-calamares/etc/skel/
?? calamares/mocha-calamares/home/
?? calamares/mocha-calamares/usr/lib/
?? calamares/mocha-calamares/usr/local/
?? calamares/origem-calam-arch-installer-2026-06-20260605-112415/usr/lib/calamares/mocha/
?? calamares/origem-calam-arch-installer-2026-06-20260605-112415/usr/share/calamares/modules/shellprocess_mocha_finaliza_usuario.conf
?? calamares/origem-calam-arch-installer-2026-06-20260605-112415/usr/share/calamares/scripts/
?? calamares/trabalho-mocha-calamares-20260605-112806/usr/lib/calamares/mocha/
?? calamares/trabalho-mocha-calamares-20260605-112806/usr/share/calamares/modules/shellprocess_mocha_finaliza_usuario.conf
?? calamares/trabalho-mocha-calamares-20260605-112806/usr/share/calamares/scripts/
?? canonico/

============================================================
 4) Criar exceções anti-LFS para assets pequenos Mocha
============================================================

Trecho Mocha em .gitattributes:
# MOCHA-NO-LFS-SMALL-ASSETS-BEGIN
# Assets pequenos do tema/branding devem ficar no Git normal.
# Não usar LFS para svgz/png pequenos do KDE/Calamares/branding.
ativo/assets/branding/** -filter -diff -merge -text
ativo/kde/** -filter -diff -merge -text
ativo/calamares/payload/kde/** -filter -diff -merge -text
# MOCHA-NO-LFS-SMALL-ASSETS-END

============================================================
 5) Funções de commit
============================================================

============================================================
 6) Recriar commit 1 — tema sem LFS indevido
============================================================
Unstaged changes after reset:
M	.gitattributes
M	ativo/assets/mocha-steam/bin/mocha-steam-game-run
M	ativo/etc/skel/.local/bin/mocha-steam-game-run
M	ativo/kde/barra-win11-aprovada/20260529-200013-mocha-reaplicar-barra-aprovada-atual.sh
M	ativo/kde/barra-win11-aprovada/plasma-org.kde.plasma.desktop-appletsrc-aprovado-atual
M	ativo/kde/esquemas-cores-aprovados/MochaDark.colors
M	ativo/kde/plasma-style-barra-mocha/MochaPanelSolidCanonico/dialogs/background.svgz
M	ativo/kde/plasma-style-barra-mocha/MochaPanelSolidCanonico/metadata.json
M	ativo/kde/plasma-style-barra-mocha/MochaPanelSolidCanonico/plasmarc
M	ativo/kde/plasma-style-barra-mocha/MochaPanelSolidCanonico/widgets/background.svgz
M	ativo/kde/plasma-style-barra-mocha/MochaPanelSolidCanonico/widgets/button.svgz
M	ativo/kde/plasma-style-barra-mocha/MochaPanelSolidCanonico/widgets/frame.svgz
M	ativo/kde/plasma-style-barra-mocha/MochaPanelSolidCanonico/widgets/lineedit.svgz
M	ativo/kde/plasma-style-barra-mocha/MochaPanelSolidCanonico/widgets/listitem.svgz
M	ativo/kde/plasma-style-barra-mocha/MochaPanelSolidCanonico/widgets/panel-background.svgz
M	ativo/kde/plasma-style-barra-mocha/MochaPanelSolidCanonico/widgets/tasks.svgz
M	ativo/kde/plasma-style-barra-mocha/MochaPanelSolidCanonico/widgets/viewitem.svgz
M	ativo/software/perfis/mocha-gamer-default.flatpaklist
M	ativo/software/perfis/mocha-gamer-default.pkglist
M	calamares/base-calam-arch-installer-2026-06/usr/share/calamares/modules/users.conf
M	calamares/base-calam-arch-installer-2026-06/usr/share/calamares/settings.conf
M	calamares/identidade/extracao-identidade-calamares-mocha-20260605-153953/origem-airootfs/etc-calamares/modules/users.conf
M	calamares/identidade/extracao-identidade-calamares-mocha-20260605-153953/origem-airootfs/etc-calamares/settings.conf
M	calamares/identidade/extracao-identidade-calamares-mocha-20260605-153953/origem-airootfs/usr-share-calamares/modules/users.conf
M	calamares/identidade/extracao-identidade-calamares-mocha-20260605-153953/origem-airootfs/usr-share-calamares/settings.conf
M	calamares/identidade/extracao-identidade-calamares-mocha-20260605-153953/textos/etc-calamares/modules/users.conf
M	calamares/identidade/extracao-identidade-calamares-mocha-20260605-153953/textos/etc-calamares/settings.conf
M	calamares/identidade/extracao-identidade-calamares-mocha-20260605-153953/textos/usr-share-calamares/modules/users.conf
M	calamares/identidade/extracao-identidade-calamares-mocha-20260605-153953/textos/usr-share-calamares/settings.conf
M	calamares/identidade/extracao-identidade-calamares-mocha-20260605-153953/yaml-configs/etc-calamares/settings.conf
M	calamares/identidade/extracao-identidade-calamares-mocha-20260605-153953/yaml-configs/usr-share-calamares/settings.conf
M	calamares/mocha-calamares/etc/calamares/modules/users.conf
M	calamares/mocha-calamares/etc/calamares/settings.conf
M	calamares/origem-calam-arch-installer-2026-06-20260605-112415/usr/share/calamares/modules/users.conf
M	calamares/origem-calam-arch-installer-2026-06-20260605-112415/usr/share/calamares/settings.conf
M	calamares/trabalho-mocha-calamares-20260605-112806/usr/share/calamares/modules/users.conf
M	calamares/trabalho-mocha-calamares-20260605-112806/usr/share/calamares/settings.conf

------------------------------------------------------------
Commit:
tema: consolida Mocha KDE, barra, cores e branding
Arquivos staged:
M	.gitattributes
M	ativo/kde/barra-win11-aprovada/20260529-200013-mocha-reaplicar-barra-aprovada-atual.sh
M	ativo/kde/barra-win11-aprovada/plasma-org.kde.plasma.desktop-appletsrc-aprovado-atual
A	ativo/kde/barra-win11-aprovada/plasma-org.kde.plasma.desktop-appletsrc-aprovado-atual-20260627-183751
A	ativo/kde/barra-win11-aprovada/plasma-org.kde.plasma.desktop-appletsrc-aprovado-atual-20260627-184000
A	ativo/kde/color-schemes/MochaDark.colors
M	ativo/kde/esquemas-cores-aprovados/MochaDark.colors
A	ativo/kde/plasma-style-barra-mocha/MochaPanelSolidCanonico/colors
M	ativo/kde/plasma-style-barra-mocha/MochaPanelSolidCanonico/dialogs/background.svgz
A	ativo/kde/plasma-style-barra-mocha/MochaPanelSolidCanonico/metadata.desktop
M	ativo/kde/plasma-style-barra-mocha/MochaPanelSolidCanonico/metadata.json
M	ativo/kde/plasma-style-barra-mocha/MochaPanelSolidCanonico/plasmarc
M	ativo/kde/plasma-style-barra-mocha/MochaPanelSolidCanonico/widgets/background.svgz
M	ativo/kde/plasma-style-barra-mocha/MochaPanelSolidCanonico/widgets/button.svgz
M	ativo/kde/plasma-style-barra-mocha/MochaPanelSolidCanonico/widgets/frame.svgz
M	ativo/kde/plasma-style-barra-mocha/MochaPanelSolidCanonico/widgets/lineedit.svgz
M	ativo/kde/plasma-style-barra-mocha/MochaPanelSolidCanonico/widgets/listitem.svgz
M	ativo/kde/plasma-style-barra-mocha/MochaPanelSolidCanonico/widgets/panel-background.svgz
M	ativo/kde/plasma-style-barra-mocha/MochaPanelSolidCanonico/widgets/tasks.svgz
M	ativo/kde/plasma-style-barra-mocha/MochaPanelSolidCanonico/widgets/viewitem.svgz
A	ativo/kde/plasma-style-barra-mocha/snapshots/MochaPanelSolidCanonico-20260627-183751/colors
A	ativo/kde/plasma-style-barra-mocha/snapshots/MochaPanelSolidCanonico-20260627-183751/dialogs/background.svgz
A	ativo/kde/plasma-style-barra-mocha/snapshots/MochaPanelSolidCanonico-20260627-183751/icons/akonadi.svgz
A	ativo/kde/plasma-style-barra-mocha/snapshots/MochaPanelSolidCanonico-20260627-183751/icons/akregator.svgz
A	ativo/kde/plasma-style-barra-mocha/snapshots/MochaPanelSolidCanonico-20260627-183751/icons/amarok.svgz
A	ativo/kde/plasma-style-barra-mocha/snapshots/MochaPanelSolidCanonico-20260627-183751/icons/applications.svgz
A	ativo/kde/plasma-style-barra-mocha/snapshots/MochaPanelSolidCanonico-20260627-183751/icons/apport.svgz
A	ativo/kde/plasma-style-barra-mocha/snapshots/MochaPanelSolidCanonico-20260627-183751/icons/audio.svgz
A	ativo/kde/plasma-style-barra-mocha/snapshots/MochaPanelSolidCanonico-20260627-183751/icons/battery.svgz
A	ativo/kde/plasma-style-barra-mocha/snapshots/MochaPanelSolidCanonico-20260627-183751/icons/bookmarks.svgz
A	ativo/kde/plasma-style-barra-mocha/snapshots/MochaPanelSolidCanonico-20260627-183751/icons/cantata.svgz
A	ativo/kde/plasma-style-barra-mocha/snapshots/MochaPanelSolidCanonico-20260627-183751/icons/computer.svgz
A	ativo/kde/plasma-style-barra-mocha/snapshots/MochaPanelSolidCanonico-20260627-183751/icons/configure.svgz
A	ativo/kde/plasma-style-barra-mocha/snapshots/MochaPanelSolidCanonico-20260627-183751/icons/device.svgz
A	ativo/kde/plasma-style-barra-mocha/snapshots/MochaPanelSolidCanonico-20260627-183751/icons/disk.svgz
A	ativo/kde/plasma-style-barra-mocha/snapshots/MochaPanelSolidCanonico-20260627-183751/icons/distribute.svgz
A	ativo/kde/plasma-style-barra-mocha/snapshots/MochaPanelSolidCanonico-20260627-183751/icons/document.svgz
A	ativo/kde/plasma-style-barra-mocha/snapshots/MochaPanelSolidCanonico-20260627-183751/icons/drive.svgz
A	ativo/kde/plasma-style-barra-mocha/snapshots/MochaPanelSolidCanonico-20260627-183751/icons/edit.svgz
A	ativo/kde/plasma-style-barra-mocha/snapshots/MochaPanelSolidCanonico-20260627-183751/icons/fcitx.svgz
A	ativo/kde/plasma-style-barra-mocha/snapshots/MochaPanelSolidCanonico-20260627-183751/icons/go.svgz
A	ativo/kde/plasma-style-barra-mocha/snapshots/MochaPanelSolidCanonico-20260627-183751/icons/ime.svgz
A	ativo/kde/plasma-style-barra-mocha/snapshots/MochaPanelSolidCanonico-20260627-183751/icons/input.svgz
A	ativo/kde/plasma-style-barra-mocha/snapshots/MochaPanelSolidCanonico-20260627-183751/icons/kalarm.svgz
A	ativo/kde/plasma-style-barra-mocha/snapshots/MochaPanelSolidCanonico-20260627-183751/icons/kdeconnect.svgz
A	ativo/kde/plasma-style-barra-mocha/snapshots/MochaPanelSolidCanonico-20260627-183751/icons/keyboard.svgz
A	ativo/kde/plasma-style-barra-mocha/snapshots/MochaPanelSolidCanonico-20260627-183751/icons/kget.svgz
A	ativo/kde/plasma-style-barra-mocha/snapshots/MochaPanelSolidCanonico-20260627-183751/icons/kgpg.svgz
A	ativo/kde/plasma-style-barra-mocha/snapshots/MochaPanelSolidCanonico-20260627-183751/icons/kleopatra.svgz
A	ativo/kde/plasma-style-barra-mocha/snapshots/MochaPanelSolidCanonico-20260627-183751/icons/klipper.svgz
A	ativo/kde/plasma-style-barra-mocha/snapshots/MochaPanelSolidCanonico-20260627-183751/icons/kmail.svgz
A	ativo/kde/plasma-style-barra-mocha/snapshots/MochaPanelSolidCanonico-20260627-183751/icons/konv_message.svgz
A	ativo/kde/plasma-style-barra-mocha/snapshots/MochaPanelSolidCanonico-20260627-183751/icons/konversation.svgz
A	ativo/kde/plasma-style-barra-mocha/snapshots/MochaPanelSolidCanonico-20260627-183751/icons/kopete.svgz
A	ativo/kde/plasma-style-barra-mocha/snapshots/MochaPanelSolidCanonico-20260627-183751/icons/korgac.svgz
A	ativo/kde/plasma-style-barra-mocha/snapshots/MochaPanelSolidCanonico-20260627-183751/icons/kpackagekit.svgz
A	ativo/kde/plasma-style-barra-mocha/snapshots/MochaPanelSolidCanonico-20260627-183751/icons/kruler.svgz
A	ativo/kde/plasma-style-barra-mocha/snapshots/MochaPanelSolidCanonico-20260627-183751/icons/kteatime.svgz
A	ativo/kde/plasma-style-barra-mocha/snapshots/MochaPanelSolidCanonico-20260627-183751/icons/ktorrent.svgz
A	ativo/kde/plasma-style-barra-mocha/snapshots/MochaPanelSolidCanonico-20260627-183751/icons/kup.svgz
A	ativo/kde/plasma-style-barra-mocha/snapshots/MochaPanelSolidCanonico-20260627-183751/icons/list.svgz
A	ativo/kde/plasma-style-barra-mocha/snapshots/MochaPanelSolidCanonico-20260627-183751/icons/mail.svgz
A	ativo/kde/plasma-style-barra-mocha/snapshots/MochaPanelSolidCanonico-20260627-183751/icons/media.svgz
A	ativo/kde/plasma-style-barra-mocha/snapshots/MochaPanelSolidCanonico-20260627-183751/icons/mobile.svgz
A	ativo/kde/plasma-style-barra-mocha/snapshots/MochaPanelSolidCanonico-20260627-183751/icons/network.svgz
A	ativo/kde/plasma-style-barra-mocha/snapshots/MochaPanelSolidCanonico-20260627-183751/icons/notification.svgz
A	ativo/kde/plasma-style-barra-mocha/snapshots/MochaPanelSolidCanonico-20260627-183751/icons/osd.svgz
A	ativo/kde/plasma-style-barra-mocha/snapshots/MochaPanelSolidCanonico-20260627-183751/icons/phone.svgz
A	ativo/kde/plasma-style-barra-mocha/snapshots/MochaPanelSolidCanonico-20260627-183751/icons/plasmavault.svgz
A	ativo/kde/plasma-style-barra-mocha/snapshots/MochaPanelSolidCanonico-20260627-183751/icons/plasmavault_error.svgz
A	ativo/kde/plasma-style-barra-mocha/snapshots/MochaPanelSolidCanonico-20260627-183751/icons/preferences.svgz
A	ativo/kde/plasma-style-barra-mocha/snapshots/MochaPanelSolidCanonico-20260627-183751/icons/printer.svgz
A	ativo/kde/plasma-style-barra-mocha/snapshots/MochaPanelSolidCanonico-20260627-183751/icons/quassel.svgz
A	ativo/kde/plasma-style-barra-mocha/snapshots/MochaPanelSolidCanonico-20260627-183751/icons/search.svgz
A	ativo/kde/plasma-style-barra-mocha/snapshots/MochaPanelSolidCanonico-20260627-183751/icons/slc.svgz
A	ativo/kde/plasma-style-barra-mocha/snapshots/MochaPanelSolidCanonico-20260627-183751/icons/software.svgz
A	ativo/kde/plasma-style-barra-mocha/snapshots/MochaPanelSolidCanonico-20260627-183751/icons/start.svgz
A	ativo/kde/plasma-style-barra-mocha/snapshots/MochaPanelSolidCanonico-20260627-183751/icons/system.svgz
A	ativo/kde/plasma-style-barra-mocha/snapshots/MochaPanelSolidCanonico-20260627-183751/icons/touchpad.svgz
A	ativo/kde/plasma-style-barra-mocha/snapshots/MochaPanelSolidCanonico-20260627-183751/icons/user.svgz
A	ativo/kde/plasma-style-barra-mocha/snapshots/MochaPanelSolidCanonico-20260627-183751/icons/video-card.svgz
A	ativo/kde/plasma-style-barra-mocha/snapshots/MochaPanelSolidCanonico-20260627-183751/icons/video.svgz
A	ativo/kde/plasma-style-barra-mocha/snapshots/MochaPanelSolidCanonico-20260627-183751/icons/view.svgz
A	ativo/kde/plasma-style-barra-mocha/snapshots/MochaPanelSolidCanonico-20260627-183751/icons/vlc.svgz
A	ativo/kde/plasma-style-barra-mocha/snapshots/MochaPanelSolidCanonico-20260627-183751/icons/wallet.svgz
A	ativo/kde/plasma-style-barra-mocha/snapshots/MochaPanelSolidCanonico-20260627-183751/icons/window.svgz
A	ativo/kde/plasma-style-barra-mocha/snapshots/MochaPanelSolidCanonico-20260627-183751/icons/yakuake.svgz
A	ativo/kde/plasma-style-barra-mocha/snapshots/MochaPanelSolidCanonico-20260627-183751/icons/zoom.svgz
A	ativo/kde/plasma-style-barra-mocha/snapshots/MochaPanelSolidCanonico-20260627-183751/metadata.desktop
A	ativo/kde/plasma-style-barra-mocha/snapshots/MochaPanelSolidCanonico-20260627-183751/metadata.json
A	ativo/kde/plasma-style-barra-mocha/snapshots/MochaPanelSolidCanonico-20260627-183751/opaque/dialogs/background.svgz
A	ativo/kde/plasma-style-barra-mocha/snapshots/MochaPanelSolidCanonico-20260627-183751/opaque/widgets/panel-background.svgz
A	ativo/kde/plasma-style-barra-mocha/snapshots/MochaPanelSolidCanonico-20260627-183751/opaque/widgets/tooltip.svgz
A	ativo/kde/plasma-style-barra-mocha/snapshots/MochaPanelSolidCanonico-20260627-183751/plasmarc
A	ativo/kde/plasma-style-barra-mocha/snapshots/MochaPanelSolidCanonico-20260627-183751/solid/dialogs/background.svgz
A	ativo/kde/plasma-style-barra-mocha/snapshots/MochaPanelSolidCanonico-20260627-183751/solid/widgets/background.svgz
A	ativo/kde/plasma-style-barra-mocha/snapshots/MochaPanelSolidCanonico-20260627-183751/solid/widgets/panel-background.svgz
A	ativo/kde/plasma-style-barra-mocha/snapshots/MochaPanelSolidCanonico-20260627-183751/solid/widgets/tooltip.svgz
A	ativo/kde/plasma-style-barra-mocha/snapshots/MochaPanelSolidCanonico-20260627-183751/translucent/dialogs/background.svgz
A	ativo/kde/plasma-style-barra-mocha/snapshots/MochaPanelSolidCanonico-20260627-183751/translucent/widgets/background.svgz
A	ativo/kde/plasma-style-barra-mocha/snapshots/MochaPanelSolidCanonico-20260627-183751/translucent/widgets/panel-background.svgz
A	ativo/kde/plasma-style-barra-mocha/snapshots/MochaPanelSolidCanonico-20260627-183751/translucent/widgets/tooltip.svgz
A	ativo/kde/plasma-style-barra-mocha/snapshots/MochaPanelSolidCanonico-20260627-183751/widgets/action-overlays.svgz
A	ativo/kde/plasma-style-barra-mocha/snapshots/MochaPanelSolidCanonico-20260627-183751/widgets/actionbutton.svgz
A	ativo/kde/plasma-style-barra-mocha/snapshots/MochaPanelSolidCanonico-20260627-183751/widgets/analog_meter.svgz
A	ativo/kde/plasma-style-barra-mocha/snapshots/MochaPanelSolidCanonico-20260627-183751/widgets/arrows.svgz
A	ativo/kde/plasma-style-barra-mocha/snapshots/MochaPanelSolidCanonico-20260627-183751/widgets/background.svgz
A	ativo/kde/plasma-style-barra-mocha/snapshots/MochaPanelSolidCanonico-20260627-183751/widgets/bar_meter_horizontal.svgz
A	ativo/kde/plasma-style-barra-mocha/snapshots/MochaPanelSolidCanonico-20260627-183751/widgets/bar_meter_vertical.svgz
A	ativo/kde/plasma-style-barra-mocha/snapshots/MochaPanelSolidCanonico-20260627-183751/widgets/branding.svgz
A	ativo/kde/plasma-style-barra-mocha/snapshots/MochaPanelSolidCanonico-20260627-183751/widgets/busywidget.svgz
A	ativo/kde/plasma-style-barra-mocha/snapshots/MochaPanelSolidCanonico-20260627-183751/widgets/button.svgz
A	ativo/kde/plasma-style-barra-mocha/snapshots/MochaPanelSolidCanonico-20260627-183751/widgets/calendar.svgz
A	ativo/kde/plasma-style-barra-mocha/snapshots/MochaPanelSolidCanonico-20260627-183751/widgets/checkmarks.svgz
A	ativo/kde/plasma-style-barra-mocha/snapshots/MochaPanelSolidCanonico-20260627-183751/widgets/clock.svgz
A	ativo/kde/plasma-style-barra-mocha/snapshots/MochaPanelSolidCanonico-20260627-183751/widgets/configuration-icons.svgz
A	ativo/kde/plasma-style-barra-mocha/snapshots/MochaPanelSolidCanonico-20260627-183751/widgets/containment-controls.svgz
A	ativo/kde/plasma-style-barra-mocha/snapshots/MochaPanelSolidCanonico-20260627-183751/widgets/dragger.svgz
A	ativo/kde/plasma-style-barra-mocha/snapshots/MochaPanelSolidCanonico-20260627-183751/widgets/frame.svgz
A	ativo/kde/plasma-style-barra-mocha/snapshots/MochaPanelSolidCanonico-20260627-183751/widgets/glowbar.svgz
A	ativo/kde/plasma-style-barra-mocha/snapshots/MochaPanelSolidCanonico-20260627-183751/widgets/line.svgz
A	ativo/kde/plasma-style-barra-mocha/snapshots/MochaPanelSolidCanonico-20260627-183751/widgets/lineedit.svgz
A	ativo/kde/plasma-style-barra-mocha/snapshots/MochaPanelSolidCanonico-20260627-183751/widgets/listitem.svgz
A	ativo/kde/plasma-style-barra-mocha/snapshots/MochaPanelSolidCanonico-20260627-183751/widgets/margins-highlight.svgz
A	ativo/kde/plasma-style-barra-mocha/snapshots/MochaPanelSolidCanonico-20260627-183751/widgets/media-delegate.svgz
A	ativo/kde/plasma-style-barra-mocha/snapshots/MochaPanelSolidCanonico-20260627-183751/widgets/menubaritem.svgz
A	ativo/kde/plasma-style-barra-mocha/snapshots/MochaPanelSolidCanonico-20260627-183751/widgets/monitor.svgz
A	ativo/kde/plasma-style-barra-mocha/snapshots/MochaPanelSolidCanonico-20260627-183751/widgets/notes.svgz
A	ativo/kde/plasma-style-barra-mocha/snapshots/MochaPanelSolidCanonico-20260627-183751/widgets/pager.svgz
A	ativo/kde/plasma-style-barra-mocha/snapshots/MochaPanelSolidCanonico-20260627-183751/widgets/panel-background.svgz
A	ativo/kde/plasma-style-barra-mocha/snapshots/MochaPanelSolidCanonico-20260627-183751/widgets/picker.svgz
A	ativo/kde/plasma-style-barra-mocha/snapshots/MochaPanelSolidCanonico-20260627-183751/widgets/plasmoidheading.svgz
A	ativo/kde/plasma-style-barra-mocha/snapshots/MochaPanelSolidCanonico-20260627-183751/widgets/plot-background.svgz
A	ativo/kde/plasma-style-barra-mocha/snapshots/MochaPanelSolidCanonico-20260627-183751/widgets/radiobutton.svgz
A	ativo/kde/plasma-style-barra-mocha/snapshots/MochaPanelSolidCanonico-20260627-183751/widgets/scrollbar.svgz
A	ativo/kde/plasma-style-barra-mocha/snapshots/MochaPanelSolidCanonico-20260627-183751/widgets/scrollwidget.svgz
A	ativo/kde/plasma-style-barra-mocha/snapshots/MochaPanelSolidCanonico-20260627-183751/widgets/slider.svgz
A	ativo/kde/plasma-style-barra-mocha/snapshots/MochaPanelSolidCanonico-20260627-183751/widgets/switch.svgz
A	ativo/kde/plasma-style-barra-mocha/snapshots/MochaPanelSolidCanonico-20260627-183751/widgets/tabbar.svgz
A	ativo/kde/plasma-style-barra-mocha/snapshots/MochaPanelSolidCanonico-20260627-183751/widgets/tasks.svgz
A	ativo/kde/plasma-style-barra-mocha/snapshots/MochaPanelSolidCanonico-20260627-183751/widgets/toolbar.svgz
A	ativo/kde/plasma-style-barra-mocha/snapshots/MochaPanelSolidCanonico-20260627-183751/widgets/tooltip.svgz
A	ativo/kde/plasma-style-barra-mocha/snapshots/MochaPanelSolidCanonico-20260627-183751/widgets/translucentbackground.svgz
A	ativo/kde/plasma-style-barra-mocha/snapshots/MochaPanelSolidCanonico-20260627-183751/widgets/viewitem.svgz
A	ativo/kde/plasma-style-barra-mocha/snapshots/MochaPanelSolidCanonico-20260627-184000/colors
A	ativo/kde/plasma-style-barra-mocha/snapshots/MochaPanelSolidCanonico-20260627-184000/dialogs/background.svgz
A	ativo/kde/plasma-style-barra-mocha/snapshots/MochaPanelSolidCanonico-20260627-184000/icons/akonadi.svgz
A	ativo/kde/plasma-style-barra-mocha/snapshots/MochaPanelSolidCanonico-20260627-184000/icons/akregator.svgz
A	ativo/kde/plasma-style-barra-mocha/snapshots/MochaPanelSolidCanonico-20260627-184000/icons/amarok.svgz
A	ativo/kde/plasma-style-barra-mocha/snapshots/MochaPanelSolidCanonico-20260627-184000/icons/applications.svgz
A	ativo/kde/plasma-style-barra-mocha/snapshots/MochaPanelSolidCanonico-20260627-184000/icons/apport.svgz
A	ativo/kde/plasma-style-barra-mocha/snapshots/MochaPanelSolidCanonico-20260627-184000/icons/audio.svgz
A	ativo/kde/plasma-style-barra-mocha/snapshots/MochaPanelSolidCanonico-20260627-184000/icons/battery.svgz
A	ativo/kde/plasma-style-barra-mocha/snapshots/MochaPanelSolidCanonico-20260627-184000/icons/bookmarks.svgz
A	ativo/kde/plasma-style-barra-mocha/snapshots/MochaPanelSolidCanonico-20260627-184000/icons/cantata.svgz
A	ativo/kde/plasma-style-barra-mocha/snapshots/MochaPanelSolidCanonico-20260627-184000/icons/computer.svgz
A	ativo/kde/plasma-style-barra-mocha/snapshots/MochaPanelSolidCanonico-20260627-184000/icons/configure.svgz
A	ativo/kde/plasma-style-barra-mocha/snapshots/MochaPanelSolidCanonico-20260627-184000/icons/device.svgz
A	ativo/kde/plasma-style-barra-mocha/snapshots/MochaPanelSolidCanonico-20260627-184000/icons/disk.svgz
A	ativo/kde/plasma-style-barra-mocha/snapshots/MochaPanelSolidCanonico-20260627-184000/icons/distribute.svgz
A	ativo/kde/plasma-style-barra-mocha/snapshots/MochaPanelSolidCanonico-20260627-184000/icons/document.svgz
A	ativo/kde/plasma-style-barra-mocha/snapshots/MochaPanelSolidCanonico-20260627-184000/icons/drive.svgz
A	ativo/kde/plasma-style-barra-mocha/snapshots/MochaPanelSolidCanonico-20260627-184000/icons/edit.svgz
A	ativo/kde/plasma-style-barra-mocha/snapshots/MochaPanelSolidCanonico-20260627-184000/icons/fcitx.svgz
A	ativo/kde/plasma-style-barra-mocha/snapshots/MochaPanelSolidCanonico-20260627-184000/icons/go.svgz
A	ativo/kde/plasma-style-barra-mocha/snapshots/MochaPanelSolidCanonico-20260627-184000/icons/ime.svgz
A	ativo/kde/plasma-style-barra-mocha/snapshots/MochaPanelSolidCanonico-20260627-184000/icons/input.svgz
A	ativo/kde/plasma-style-barra-mocha/snapshots/MochaPanelSolidCanonico-20260627-184000/icons/kalarm.svgz
A	ativo/kde/plasma-style-barra-mocha/snapshots/MochaPanelSolidCanonico-20260627-184000/icons/kdeconnect.svgz
A	ativo/kde/plasma-style-barra-mocha/snapshots/MochaPanelSolidCanonico-20260627-184000/icons/keyboard.svgz
A	ativo/kde/plasma-style-barra-mocha/snapshots/MochaPanelSolidCanonico-20260627-184000/icons/kget.svgz
A	ativo/kde/plasma-style-barra-mocha/snapshots/MochaPanelSolidCanonico-20260627-184000/icons/kgpg.svgz
A	ativo/kde/plasma-style-barra-mocha/snapshots/MochaPanelSolidCanonico-20260627-184000/icons/kleopatra.svgz
A	ativo/kde/plasma-style-barra-mocha/snapshots/MochaPanelSolidCanonico-20260627-184000/icons/klipper.svgz
A	ativo/kde/plasma-style-barra-mocha/snapshots/MochaPanelSolidCanonico-20260627-184000/icons/kmail.svgz
A	ativo/kde/plasma-style-barra-mocha/snapshots/MochaPanelSolidCanonico-20260627-184000/icons/konv_message.svgz
A	ativo/kde/plasma-style-barra-mocha/snapshots/MochaPanelSolidCanonico-20260627-184000/icons/konversation.svgz
A	ativo/kde/plasma-style-barra-mocha/snapshots/MochaPanelSolidCanonico-20260627-184000/icons/kopete.svgz
A	ativo/kde/plasma-style-barra-mocha/snapshots/MochaPanelSolidCanonico-20260627-184000/icons/korgac.svgz
A	ativo/kde/plasma-style-barra-mocha/snapshots/MochaPanelSolidCanonico-20260627-184000/icons/kpackagekit.svgz
A	ativo/kde/plasma-style-barra-mocha/snapshots/MochaPanelSolidCanonico-20260627-184000/icons/kruler.svgz
A	ativo/kde/plasma-style-barra-mocha/snapshots/MochaPanelSolidCanonico-20260627-184000/icons/kteatime.svgz
A	ativo/kde/plasma-style-barra-mocha/snapshots/MochaPanelSolidCanonico-20260627-184000/icons/ktorrent.svgz
A	ativo/kde/plasma-style-barra-mocha/snapshots/MochaPanelSolidCanonico-20260627-184000/icons/kup.svgz
A	ativo/kde/plasma-style-barra-mocha/snapshots/MochaPanelSolidCanonico-20260627-184000/icons/list.svgz
A	ativo/kde/plasma-style-barra-mocha/snapshots/MochaPanelSolidCanonico-20260627-184000/icons/mail.svgz
A	ativo/kde/plasma-style-barra-mocha/snapshots/MochaPanelSolidCanonico-20260627-184000/icons/media.svgz
A	ativo/kde/plasma-style-barra-mocha/snapshots/MochaPanelSolidCanonico-20260627-184000/icons/mobile.svgz
A	ativo/kde/plasma-style-barra-mocha/snapshots/MochaPanelSolidCanonico-20260627-184000/icons/network.svgz
A	ativo/kde/plasma-style-barra-mocha/snapshots/MochaPanelSolidCanonico-20260627-184000/icons/notification.svgz
A	ativo/kde/plasma-style-barra-mocha/snapshots/MochaPanelSolidCanonico-20260627-184000/icons/osd.svgz
A	ativo/kde/plasma-style-barra-mocha/snapshots/MochaPanelSolidCanonico-20260627-184000/icons/phone.svgz
A	ativo/kde/plasma-style-barra-mocha/snapshots/MochaPanelSolidCanonico-20260627-184000/icons/plasmavault.svgz
A	ativo/kde/plasma-style-barra-mocha/snapshots/MochaPanelSolidCanonico-20260627-184000/icons/plasmavault_error.svgz
A	ativo/kde/plasma-style-barra-mocha/snapshots/MochaPanelSolidCanonico-20260627-184000/icons/preferences.svgz
A	ativo/kde/plasma-style-barra-mocha/snapshots/MochaPanelSolidCanonico-20260627-184000/icons/printer.svgz
A	ativo/kde/plasma-style-barra-mocha/snapshots/MochaPanelSolidCanonico-20260627-184000/icons/quassel.svgz
A	ativo/kde/plasma-style-barra-mocha/snapshots/MochaPanelSolidCanonico-20260627-184000/icons/search.svgz
A	ativo/kde/plasma-style-barra-mocha/snapshots/MochaPanelSolidCanonico-20260627-184000/icons/slc.svgz
A	ativo/kde/plasma-style-barra-mocha/snapshots/MochaPanelSolidCanonico-20260627-184000/icons/software.svgz
A	ativo/kde/plasma-style-barra-mocha/snapshots/MochaPanelSolidCanonico-20260627-184000/icons/start.svgz
A	ativo/kde/plasma-style-barra-mocha/snapshots/MochaPanelSolidCanonico-20260627-184000/icons/system.svgz
A	ativo/kde/plasma-style-barra-mocha/snapshots/MochaPanelSolidCanonico-20260627-184000/icons/touchpad.svgz
A	ativo/kde/plasma-style-barra-mocha/snapshots/MochaPanelSolidCanonico-20260627-184000/icons/user.svgz
A	ativo/kde/plasma-style-barra-mocha/snapshots/MochaPanelSolidCanonico-20260627-184000/icons/video-card.svgz
A	ativo/kde/plasma-style-barra-mocha/snapshots/MochaPanelSolidCanonico-20260627-184000/icons/video.svgz
A	ativo/kde/plasma-style-barra-mocha/snapshots/MochaPanelSolidCanonico-20260627-184000/icons/view.svgz
A	ativo/kde/plasma-style-barra-mocha/snapshots/MochaPanelSolidCanonico-20260627-184000/icons/vlc.svgz
A	ativo/kde/plasma-style-barra-mocha/snapshots/MochaPanelSolidCanonico-20260627-184000/icons/wallet.svgz
A	ativo/kde/plasma-style-barra-mocha/snapshots/MochaPanelSolidCanonico-20260627-184000/icons/window.svgz
A	ativo/kde/plasma-style-barra-mocha/snapshots/MochaPanelSolidCanonico-20260627-184000/icons/yakuake.svgz
A	ativo/kde/plasma-style-barra-mocha/snapshots/MochaPanelSolidCanonico-20260627-184000/icons/zoom.svgz
A	ativo/kde/plasma-style-barra-mocha/snapshots/MochaPanelSolidCanonico-20260627-184000/metadata.desktop
A	ativo/kde/plasma-style-barra-mocha/snapshots/MochaPanelSolidCanonico-20260627-184000/metadata.json
A	ativo/kde/plasma-style-barra-mocha/snapshots/MochaPanelSolidCanonico-20260627-184000/opaque/dialogs/background.svgz
A	ativo/kde/plasma-style-barra-mocha/snapshots/MochaPanelSolidCanonico-20260627-184000/opaque/widgets/panel-background.svgz
A	ativo/kde/plasma-style-barra-mocha/snapshots/MochaPanelSolidCanonico-20260627-184000/opaque/widgets/tooltip.svgz
A	ativo/kde/plasma-style-barra-mocha/snapshots/MochaPanelSolidCanonico-20260627-184000/plasmarc
A	ativo/kde/plasma-style-barra-mocha/snapshots/MochaPanelSolidCanonico-20260627-184000/solid/dialogs/background.svgz
A	ativo/kde/plasma-style-barra-mocha/snapshots/MochaPanelSolidCanonico-20260627-184000/solid/widgets/background.svgz
A	ativo/kde/plasma-style-barra-mocha/snapshots/MochaPanelSolidCanonico-20260627-184000/solid/widgets/panel-background.svgz
A	ativo/kde/plasma-style-barra-mocha/snapshots/MochaPanelSolidCanonico-20260627-184000/solid/widgets/tooltip.svgz
A	ativo/kde/plasma-style-barra-mocha/snapshots/MochaPanelSolidCanonico-20260627-184000/translucent/dialogs/background.svgz
A	ativo/kde/plasma-style-barra-mocha/snapshots/MochaPanelSolidCanonico-20260627-184000/translucent/widgets/background.svgz
A	ativo/kde/plasma-style-barra-mocha/snapshots/MochaPanelSolidCanonico-20260627-184000/translucent/widgets/panel-background.svgz
A	ativo/kde/plasma-style-barra-mocha/snapshots/MochaPanelSolidCanonico-20260627-184000/translucent/widgets/tooltip.svgz
A	ativo/kde/plasma-style-barra-mocha/snapshots/MochaPanelSolidCanonico-20260627-184000/widgets/action-overlays.svgz
A	ativo/kde/plasma-style-barra-mocha/snapshots/MochaPanelSolidCanonico-20260627-184000/widgets/actionbutton.svgz
A	ativo/kde/plasma-style-barra-mocha/snapshots/MochaPanelSolidCanonico-20260627-184000/widgets/analog_meter.svgz
A	ativo/kde/plasma-style-barra-mocha/snapshots/MochaPanelSolidCanonico-20260627-184000/widgets/arrows.svgz
A	ativo/kde/plasma-style-barra-mocha/snapshots/MochaPanelSolidCanonico-20260627-184000/widgets/background.svgz
A	ativo/kde/plasma-style-barra-mocha/snapshots/MochaPanelSolidCanonico-20260627-184000/widgets/bar_meter_horizontal.svgz
A	ativo/kde/plasma-style-barra-mocha/snapshots/MochaPanelSolidCanonico-20260627-184000/widgets/bar_meter_vertical.svgz
A	ativo/kde/plasma-style-barra-mocha/snapshots/MochaPanelSolidCanonico-20260627-184000/widgets/branding.svgz
A	ativo/kde/plasma-style-barra-mocha/snapshots/MochaPanelSolidCanonico-20260627-184000/widgets/busywidget.svgz
A	ativo/kde/plasma-style-barra-mocha/snapshots/MochaPanelSolidCanonico-20260627-184000/widgets/button.svgz
A	ativo/kde/plasma-style-barra-mocha/snapshots/MochaPanelSolidCanonico-20260627-184000/widgets/calendar.svgz
A	ativo/kde/plasma-style-barra-mocha/snapshots/MochaPanelSolidCanonico-20260627-184000/widgets/checkmarks.svgz
A	ativo/kde/plasma-style-barra-mocha/snapshots/MochaPanelSolidCanonico-20260627-184000/widgets/clock.svgz
A	ativo/kde/plasma-style-barra-mocha/snapshots/MochaPanelSolidCanonico-20260627-184000/widgets/configuration-icons.svgz
A	ativo/kde/plasma-style-barra-mocha/snapshots/MochaPanelSolidCanonico-20260627-184000/widgets/containment-controls.svgz
A	ativo/kde/plasma-style-barra-mocha/snapshots/MochaPanelSolidCanonico-20260627-184000/widgets/dragger.svgz
A	ativo/kde/plasma-style-barra-mocha/snapshots/MochaPanelSolidCanonico-20260627-184000/widgets/frame.svgz
A	ativo/kde/plasma-style-barra-mocha/snapshots/MochaPanelSolidCanonico-20260627-184000/widgets/glowbar.svgz
A	ativo/kde/plasma-style-barra-mocha/snapshots/MochaPanelSolidCanonico-20260627-184000/widgets/line.svgz
A	ativo/kde/plasma-style-barra-mocha/snapshots/MochaPanelSolidCanonico-20260627-184000/widgets/lineedit.svgz
A	ativo/kde/plasma-style-barra-mocha/snapshots/MochaPanelSolidCanonico-20260627-184000/widgets/listitem.svgz
A	ativo/kde/plasma-style-barra-mocha/snapshots/MochaPanelSolidCanonico-20260627-184000/widgets/margins-highlight.svgz
A	ativo/kde/plasma-style-barra-mocha/snapshots/MochaPanelSolidCanonico-20260627-184000/widgets/media-delegate.svgz
A	ativo/kde/plasma-style-barra-mocha/snapshots/MochaPanelSolidCanonico-20260627-184000/widgets/menubaritem.svgz
A	ativo/kde/plasma-style-barra-mocha/snapshots/MochaPanelSolidCanonico-20260627-184000/widgets/monitor.svgz
A	ativo/kde/plasma-style-barra-mocha/snapshots/MochaPanelSolidCanonico-20260627-184000/widgets/notes.svgz
A	ativo/kde/plasma-style-barra-mocha/snapshots/MochaPanelSolidCanonico-20260627-184000/widgets/pager.svgz
A	ativo/kde/plasma-style-barra-mocha/snapshots/MochaPanelSolidCanonico-20260627-184000/widgets/panel-background.svgz
A	ativo/kde/plasma-style-barra-mocha/snapshots/MochaPanelSolidCanonico-20260627-184000/widgets/picker.svgz
A	ativo/kde/plasma-style-barra-mocha/snapshots/MochaPanelSolidCanonico-20260627-184000/widgets/plasmoidheading.svgz
A	ativo/kde/plasma-style-barra-mocha/snapshots/MochaPanelSolidCanonico-20260627-184000/widgets/plot-background.svgz
A	ativo/kde/plasma-style-barra-mocha/snapshots/MochaPanelSolidCanonico-20260627-184000/widgets/radiobutton.svgz
A	ativo/kde/plasma-style-barra-mocha/snapshots/MochaPanelSolidCanonico-20260627-184000/widgets/scrollbar.svgz
A	ativo/kde/plasma-style-barra-mocha/snapshots/MochaPanelSolidCanonico-20260627-184000/widgets/scrollwidget.svgz
A	ativo/kde/plasma-style-barra-mocha/snapshots/MochaPanelSolidCanonico-20260627-184000/widgets/slider.svgz
A	ativo/kde/plasma-style-barra-mocha/snapshots/MochaPanelSolidCanonico-20260627-184000/widgets/switch.svgz
A	ativo/kde/plasma-style-barra-mocha/snapshots/MochaPanelSolidCanonico-20260627-184000/widgets/tabbar.svgz
A	ativo/kde/plasma-style-barra-mocha/snapshots/MochaPanelSolidCanonico-20260627-184000/widgets/tasks.svgz
A	ativo/kde/plasma-style-barra-mocha/snapshots/MochaPanelSolidCanonico-20260627-184000/widgets/toolbar.svgz
A	ativo/kde/plasma-style-barra-mocha/snapshots/MochaPanelSolidCanonico-20260627-184000/widgets/tooltip.svgz
A	ativo/kde/plasma-style-barra-mocha/snapshots/MochaPanelSolidCanonico-20260627-184000/widgets/translucentbackground.svgz
A	ativo/kde/plasma-style-barra-mocha/snapshots/MochaPanelSolidCanonico-20260627-184000/widgets/viewitem.svgz
A	ativo/kde/plasma-style-barra-mocha/svgz-criticos-MochaPanelSolidCanonico-20260627-183751/dialogs/background.svgz
A	ativo/kde/plasma-style-barra-mocha/svgz-criticos-MochaPanelSolidCanonico-20260627-183751/widgets/background.svgz
A	ativo/kde/plasma-style-barra-mocha/svgz-criticos-MochaPanelSolidCanonico-20260627-183751/widgets/button.svgz
A	ativo/kde/plasma-style-barra-mocha/svgz-criticos-MochaPanelSolidCanonico-20260627-183751/widgets/frame.svgz
A	ativo/kde/plasma-style-barra-mocha/svgz-criticos-MochaPanelSolidCanonico-20260627-183751/widgets/lineedit.svgz
A	ativo/kde/plasma-style-barra-mocha/svgz-criticos-MochaPanelSolidCanonico-20260627-183751/widgets/listitem.svgz
A	ativo/kde/plasma-style-barra-mocha/svgz-criticos-MochaPanelSolidCanonico-20260627-183751/widgets/panel-background.svgz
A	ativo/kde/plasma-style-barra-mocha/svgz-criticos-MochaPanelSolidCanonico-20260627-183751/widgets/tasks.svgz
A	ativo/kde/plasma-style-barra-mocha/svgz-criticos-MochaPanelSolidCanonico-20260627-183751/widgets/viewitem.svgz
A	ativo/kde/plasma-style-barra-mocha/svgz-criticos-MochaPanelSolidCanonico-20260627-184000/dialogs/background.svgz
A	ativo/kde/plasma-style-barra-mocha/svgz-criticos-MochaPanelSolidCanonico-20260627-184000/widgets/background.svgz
A	ativo/kde/plasma-style-barra-mocha/svgz-criticos-MochaPanelSolidCanonico-20260627-184000/widgets/button.svgz
A	ativo/kde/plasma-style-barra-mocha/svgz-criticos-MochaPanelSolidCanonico-20260627-184000/widgets/frame.svgz
A	ativo/kde/plasma-style-barra-mocha/svgz-criticos-MochaPanelSolidCanonico-20260627-184000/widgets/lineedit.svgz
A	ativo/kde/plasma-style-barra-mocha/svgz-criticos-MochaPanelSolidCanonico-20260627-184000/widgets/listitem.svgz
A	ativo/kde/plasma-style-barra-mocha/svgz-criticos-MochaPanelSolidCanonico-20260627-184000/widgets/panel-background.svgz
A	ativo/kde/plasma-style-barra-mocha/svgz-criticos-MochaPanelSolidCanonico-20260627-184000/widgets/tasks.svgz
A	ativo/kde/plasma-style-barra-mocha/svgz-criticos-MochaPanelSolidCanonico-20260627-184000/widgets/viewitem.svgz
A	ativo/kde/plasma-style-barra-mocha/svgz-criticos-atuais/dialogs/background.svgz
A	ativo/kde/plasma-style-barra-mocha/svgz-criticos-atuais/widgets/background.svgz
A	ativo/kde/plasma-style-barra-mocha/svgz-criticos-atuais/widgets/button.svgz
A	ativo/kde/plasma-style-barra-mocha/svgz-criticos-atuais/widgets/frame.svgz
A	ativo/kde/plasma-style-barra-mocha/svgz-criticos-atuais/widgets/lineedit.svgz
A	ativo/kde/plasma-style-barra-mocha/svgz-criticos-atuais/widgets/listitem.svgz
A	ativo/kde/plasma-style-barra-mocha/svgz-criticos-atuais/widgets/panel-background.svgz
A	ativo/kde/plasma-style-barra-mocha/svgz-criticos-atuais/widgets/tasks.svgz
A	ativo/kde/plasma-style-barra-mocha/svgz-criticos-atuais/widgets/viewitem.svgz
A	ativo/scripts/20260529-200013-mocha-reaplicar-barra-aprovada-atual.sh
A	ativo/scripts/20260627-183751-mocha-reaplicar-tema-completo-usuarios.sh
A	ativo/scripts/20260627-184000-mocha-reaplicar-tema-completo-usuarios.sh
A	ativo/scripts/mocha-reaplicar-tema-completo-usuarios.sh
[main 6db4d1d] tema: consolida Mocha KDE, barra, cores e branding
 299 files changed, 280 insertions(+)
 create mode 100644 ativo/kde/barra-win11-aprovada/plasma-org.kde.plasma.desktop-appletsrc-aprovado-atual-20260627-183751
 create mode 100644 ativo/kde/barra-win11-aprovada/plasma-org.kde.plasma.desktop-appletsrc-aprovado-atual-20260627-184000
 create mode 100644 ativo/kde/color-schemes/MochaDark.colors
 create mode 100644 ativo/kde/plasma-style-barra-mocha/MochaPanelSolidCanonico/colors
 create mode 100644 ativo/kde/plasma-style-barra-mocha/MochaPanelSolidCanonico/metadata.desktop
 create mode 100644 ativo/kde/plasma-style-barra-mocha/snapshots/MochaPanelSolidCanonico-20260627-183751/colors
 create mode 100644 ativo/kde/plasma-style-barra-mocha/snapshots/MochaPanelSolidCanonico-20260627-183751/dialogs/background.svgz
 create mode 100644 ativo/kde/plasma-style-barra-mocha/snapshots/MochaPanelSolidCanonico-20260627-183751/icons/akonadi.svgz
 create mode 100644 ativo/kde/plasma-style-barra-mocha/snapshots/MochaPanelSolidCanonico-20260627-183751/icons/akregator.svgz
 create mode 100644 ativo/kde/plasma-style-barra-mocha/snapshots/MochaPanelSolidCanonico-20260627-183751/icons/amarok.svgz
 create mode 100644 ativo/kde/plasma-style-barra-mocha/snapshots/MochaPanelSolidCanonico-20260627-183751/icons/applications.svgz
 create mode 100644 ativo/kde/plasma-style-barra-mocha/snapshots/MochaPanelSolidCanonico-20260627-183751/icons/apport.svgz
 create mode 100644 ativo/kde/plasma-style-barra-mocha/snapshots/MochaPanelSolidCanonico-20260627-183751/icons/audio.svgz
 create mode 100644 ativo/kde/plasma-style-barra-mocha/snapshots/MochaPanelSolidCanonico-20260627-183751/icons/battery.svgz
 create mode 100644 ativo/kde/plasma-style-barra-mocha/snapshots/MochaPanelSolidCanonico-20260627-183751/icons/bookmarks.svgz
 create mode 100644 ativo/kde/plasma-style-barra-mocha/snapshots/MochaPanelSolidCanonico-20260627-183751/icons/cantata.svgz
 create mode 100644 ativo/kde/plasma-style-barra-mocha/snapshots/MochaPanelSolidCanonico-20260627-183751/icons/computer.svgz
 create mode 100644 ativo/kde/plasma-style-barra-mocha/snapshots/MochaPanelSolidCanonico-20260627-183751/icons/configure.svgz
 create mode 100644 ativo/kde/plasma-style-barra-mocha/snapshots/MochaPanelSolidCanonico-20260627-183751/icons/device.svgz
 create mode 100644 ativo/kde/plasma-style-barra-mocha/snapshots/MochaPanelSolidCanonico-20260627-183751/icons/disk.svgz
 create mode 100644 ativo/kde/plasma-style-barra-mocha/snapshots/MochaPanelSolidCanonico-20260627-183751/icons/distribute.svgz
 create mode 100644 ativo/kde/plasma-style-barra-mocha/snapshots/MochaPanelSolidCanonico-20260627-183751/icons/document.svgz
 create mode 100644 ativo/kde/plasma-style-barra-mocha/snapshots/MochaPanelSolidCanonico-20260627-183751/icons/drive.svgz
 create mode 100644 ativo/kde/plasma-style-barra-mocha/snapshots/MochaPanelSolidCanonico-20260627-183751/icons/edit.svgz
 create mode 100644 ativo/kde/plasma-style-barra-mocha/snapshots/MochaPanelSolidCanonico-20260627-183751/icons/fcitx.svgz
 create mode 100644 ativo/kde/plasma-style-barra-mocha/snapshots/MochaPanelSolidCanonico-20260627-183751/icons/go.svgz
 create mode 100644 ativo/kde/plasma-style-barra-mocha/snapshots/MochaPanelSolidCanonico-20260627-183751/icons/ime.svgz
 create mode 100644 ativo/kde/plasma-style-barra-mocha/snapshots/MochaPanelSolidCanonico-20260627-183751/icons/input.svgz
 create mode 100644 ativo/kde/plasma-style-barra-mocha/snapshots/MochaPanelSolidCanonico-20260627-183751/icons/kalarm.svgz
 create mode 100644 ativo/kde/plasma-style-barra-mocha/snapshots/MochaPanelSolidCanonico-20260627-183751/icons/kdeconnect.svgz
 create mode 100644 ativo/kde/plasma-style-barra-mocha/snapshots/MochaPanelSolidCanonico-20260627-183751/icons/keyboard.svgz
 create mode 100644 ativo/kde/plasma-style-barra-mocha/snapshots/MochaPanelSolidCanonico-20260627-183751/icons/kget.svgz
 create mode 100644 ativo/kde/plasma-style-barra-mocha/snapshots/MochaPanelSolidCanonico-20260627-183751/icons/kgpg.svgz
 create mode 100644 ativo/kde/plasma-style-barra-mocha/snapshots/MochaPanelSolidCanonico-20260627-183751/icons/kleopatra.svgz
 create mode 100644 ativo/kde/plasma-style-barra-mocha/snapshots/MochaPanelSolidCanonico-20260627-183751/icons/klipper.svgz
 create mode 100644 ativo/kde/plasma-style-barra-mocha/snapshots/MochaPanelSolidCanonico-20260627-183751/icons/kmail.svgz
 create mode 100644 ativo/kde/plasma-style-barra-mocha/snapshots/MochaPanelSolidCanonico-20260627-183751/icons/konv_message.svgz
 create mode 100644 ativo/kde/plasma-style-barra-mocha/snapshots/MochaPanelSolidCanonico-20260627-183751/icons/konversation.svgz
 create mode 100644 ativo/kde/plasma-style-barra-mocha/snapshots/MochaPanelSolidCanonico-20260627-183751/icons/kopete.svgz
 create mode 100644 ativo/kde/plasma-style-barra-mocha/snapshots/MochaPanelSolidCanonico-20260627-183751/icons/korgac.svgz
 create mode 100644 ativo/kde/plasma-style-barra-mocha/snapshots/MochaPanelSolidCanonico-20260627-183751/icons/kpackagekit.svgz
 create mode 100644 ativo/kde/plasma-style-barra-mocha/snapshots/MochaPanelSolidCanonico-20260627-183751/icons/kruler.svgz
 create mode 100644 ativo/kde/plasma-style-barra-mocha/snapshots/MochaPanelSolidCanonico-20260627-183751/icons/kteatime.svgz
 create mode 100644 ativo/kde/plasma-style-barra-mocha/snapshots/MochaPanelSolidCanonico-20260627-183751/icons/ktorrent.svgz
 create mode 100644 ativo/kde/plasma-style-barra-mocha/snapshots/MochaPanelSolidCanonico-20260627-183751/icons/kup.svgz
 create mode 100644 ativo/kde/plasma-style-barra-mocha/snapshots/MochaPanelSolidCanonico-20260627-183751/icons/list.svgz
 create mode 100644 ativo/kde/plasma-style-barra-mocha/snapshots/MochaPanelSolidCanonico-20260627-183751/icons/mail.svgz
 create mode 100644 ativo/kde/plasma-style-barra-mocha/snapshots/MochaPanelSolidCanonico-20260627-183751/icons/media.svgz
 create mode 100644 ativo/kde/plasma-style-barra-mocha/snapshots/MochaPanelSolidCanonico-20260627-183751/icons/mobile.svgz
 create mode 100644 ativo/kde/plasma-style-barra-mocha/snapshots/MochaPanelSolidCanonico-20260627-183751/icons/network.svgz
 create mode 100644 ativo/kde/plasma-style-barra-mocha/snapshots/MochaPanelSolidCanonico-20260627-183751/icons/notification.svgz
 create mode 100644 ativo/kde/plasma-style-barra-mocha/snapshots/MochaPanelSolidCanonico-20260627-183751/icons/osd.svgz
 create mode 100644 ativo/kde/plasma-style-barra-mocha/snapshots/MochaPanelSolidCanonico-20260627-183751/icons/phone.svgz
 create mode 100644 ativo/kde/plasma-style-barra-mocha/snapshots/MochaPanelSolidCanonico-20260627-183751/icons/plasmavault.svgz
 create mode 100644 ativo/kde/plasma-style-barra-mocha/snapshots/MochaPanelSolidCanonico-20260627-183751/icons/plasmavault_error.svgz
 create mode 100644 ativo/kde/plasma-style-barra-mocha/snapshots/MochaPanelSolidCanonico-20260627-183751/icons/preferences.svgz
 create mode 100644 ativo/kde/plasma-style-barra-mocha/snapshots/MochaPanelSolidCanonico-20260627-183751/icons/printer.svgz
 create mode 100644 ativo/kde/plasma-style-barra-mocha/snapshots/MochaPanelSolidCanonico-20260627-183751/icons/quassel.svgz
 create mode 100644 ativo/kde/plasma-style-barra-mocha/snapshots/MochaPanelSolidCanonico-20260627-183751/icons/search.svgz
 create mode 100644 ativo/kde/plasma-style-barra-mocha/snapshots/MochaPanelSolidCanonico-20260627-183751/icons/slc.svgz
 create mode 100644 ativo/kde/plasma-style-barra-mocha/snapshots/MochaPanelSolidCanonico-20260627-183751/icons/software.svgz
 create mode 100644 ativo/kde/plasma-style-barra-mocha/snapshots/MochaPanelSolidCanonico-20260627-183751/icons/start.svgz
 create mode 100644 ativo/kde/plasma-style-barra-mocha/snapshots/MochaPanelSolidCanonico-20260627-183751/icons/system.svgz
 create mode 100644 ativo/kde/plasma-style-barra-mocha/snapshots/MochaPanelSolidCanonico-20260627-183751/icons/touchpad.svgz
 create mode 100644 ativo/kde/plasma-style-barra-mocha/snapshots/MochaPanelSolidCanonico-20260627-183751/icons/user.svgz
 create mode 100644 ativo/kde/plasma-style-barra-mocha/snapshots/MochaPanelSolidCanonico-20260627-183751/icons/video-card.svgz
 create mode 100644 ativo/kde/plasma-style-barra-mocha/snapshots/MochaPanelSolidCanonico-20260627-183751/icons/video.svgz
 create mode 100644 ativo/kde/plasma-style-barra-mocha/snapshots/MochaPanelSolidCanonico-20260627-183751/icons/view.svgz
 create mode 100644 ativo/kde/plasma-style-barra-mocha/snapshots/MochaPanelSolidCanonico-20260627-183751/icons/vlc.svgz
 create mode 100644 ativo/kde/plasma-style-barra-mocha/snapshots/MochaPanelSolidCanonico-20260627-183751/icons/wallet.svgz
 create mode 100644 ativo/kde/plasma-style-barra-mocha/snapshots/MochaPanelSolidCanonico-20260627-183751/icons/window.svgz
 create mode 100644 ativo/kde/plasma-style-barra-mocha/snapshots/MochaPanelSolidCanonico-20260627-183751/icons/yakuake.svgz
 create mode 100644 ativo/kde/plasma-style-barra-mocha/snapshots/MochaPanelSolidCanonico-20260627-183751/icons/zoom.svgz
 create mode 100644 ativo/kde/plasma-style-barra-mocha/snapshots/MochaPanelSolidCanonico-20260627-183751/metadata.desktop
 create mode 100644 ativo/kde/plasma-style-barra-mocha/snapshots/MochaPanelSolidCanonico-20260627-183751/metadata.json
 create mode 100644 ativo/kde/plasma-style-barra-mocha/snapshots/MochaPanelSolidCanonico-20260627-183751/opaque/dialogs/background.svgz
 create mode 100644 ativo/kde/plasma-style-barra-mocha/snapshots/MochaPanelSolidCanonico-20260627-183751/opaque/widgets/panel-background.svgz
 create mode 100644 ativo/kde/plasma-style-barra-mocha/snapshots/MochaPanelSolidCanonico-20260627-183751/opaque/widgets/tooltip.svgz
 create mode 100644 ativo/kde/plasma-style-barra-mocha/snapshots/MochaPanelSolidCanonico-20260627-183751/plasmarc
 create mode 100644 ativo/kde/plasma-style-barra-mocha/snapshots/MochaPanelSolidCanonico-20260627-183751/solid/dialogs/background.svgz
 create mode 100644 ativo/kde/plasma-style-barra-mocha/snapshots/MochaPanelSolidCanonico-20260627-183751/solid/widgets/background.svgz
 create mode 100644 ativo/kde/plasma-style-barra-mocha/snapshots/MochaPanelSolidCanonico-20260627-183751/solid/widgets/panel-background.svgz
 create mode 100644 ativo/kde/plasma-style-barra-mocha/snapshots/MochaPanelSolidCanonico-20260627-183751/solid/widgets/tooltip.svgz
 create mode 100644 ativo/kde/plasma-style-barra-mocha/snapshots/MochaPanelSolidCanonico-20260627-183751/translucent/dialogs/background.svgz
 create mode 100644 ativo/kde/plasma-style-barra-mocha/snapshots/MochaPanelSolidCanonico-20260627-183751/translucent/widgets/background.svgz
 create mode 100644 ativo/kde/plasma-style-barra-mocha/snapshots/MochaPanelSolidCanonico-20260627-183751/translucent/widgets/panel-background.svgz
 create mode 100644 ativo/kde/plasma-style-barra-mocha/snapshots/MochaPanelSolidCanonico-20260627-183751/translucent/widgets/tooltip.svgz
 create mode 100644 ativo/kde/plasma-style-barra-mocha/snapshots/MochaPanelSolidCanonico-20260627-183751/widgets/action-overlays.svgz
 create mode 100644 ativo/kde/plasma-style-barra-mocha/snapshots/MochaPanelSolidCanonico-20260627-183751/widgets/actionbutton.svgz
 create mode 100644 ativo/kde/plasma-style-barra-mocha/snapshots/MochaPanelSolidCanonico-20260627-183751/widgets/analog_meter.svgz
 create mode 100644 ativo/kde/plasma-style-barra-mocha/snapshots/MochaPanelSolidCanonico-20260627-183751/widgets/arrows.svgz
 create mode 100644 ativo/kde/plasma-style-barra-mocha/snapshots/MochaPanelSolidCanonico-20260627-183751/widgets/background.svgz
 create mode 100644 ativo/kde/plasma-style-barra-mocha/snapshots/MochaPanelSolidCanonico-20260627-183751/widgets/bar_meter_horizontal.svgz
 create mode 100644 ativo/kde/plasma-style-barra-mocha/snapshots/MochaPanelSolidCanonico-20260627-183751/widgets/bar_meter_vertical.svgz
 create mode 100644 ativo/kde/plasma-style-barra-mocha/snapshots/MochaPanelSolidCanonico-20260627-183751/widgets/branding.svgz
 create mode 100644 ativo/kde/plasma-style-barra-mocha/snapshots/MochaPanelSolidCanonico-20260627-183751/widgets/busywidget.svgz
 create mode 100644 ativo/kde/plasma-style-barra-mocha/snapshots/MochaPanelSolidCanonico-20260627-183751/widgets/button.svgz
 create mode 100644 ativo/kde/plasma-style-barra-mocha/snapshots/MochaPanelSolidCanonico-20260627-183751/widgets/calendar.svgz
 create mode 100644 ativo/kde/plasma-style-barra-mocha/snapshots/MochaPanelSolidCanonico-20260627-183751/widgets/checkmarks.svgz
 create mode 100644 ativo/kde/plasma-style-barra-mocha/snapshots/MochaPanelSolidCanonico-20260627-183751/widgets/clock.svgz
 create mode 100644 ativo/kde/plasma-style-barra-mocha/snapshots/MochaPanelSolidCanonico-20260627-183751/widgets/configuration-icons.svgz
 create mode 100644 ativo/kde/plasma-style-barra-mocha/snapshots/MochaPanelSolidCanonico-20260627-183751/widgets/containment-controls.svgz
 create mode 100644 ativo/kde/plasma-style-barra-mocha/snapshots/MochaPanelSolidCanonico-20260627-183751/widgets/dragger.svgz
 create mode 100644 ativo/kde/plasma-style-barra-mocha/snapshots/MochaPanelSolidCanonico-20260627-183751/widgets/frame.svgz
 create mode 100644 ativo/kde/plasma-style-barra-mocha/snapshots/MochaPanelSolidCanonico-20260627-183751/widgets/glowbar.svgz
 create mode 100644 ativo/kde/plasma-style-barra-mocha/snapshots/MochaPanelSolidCanonico-20260627-183751/widgets/line.svgz
 create mode 100644 ativo/kde/plasma-style-barra-mocha/snapshots/MochaPanelSolidCanonico-20260627-183751/widgets/lineedit.svgz
 create mode 100644 ativo/kde/plasma-style-barra-mocha/snapshots/MochaPanelSolidCanonico-20260627-183751/widgets/listitem.svgz
 create mode 100644 ativo/kde/plasma-style-barra-mocha/snapshots/MochaPanelSolidCanonico-20260627-183751/widgets/margins-highlight.svgz
 create mode 100644 ativo/kde/plasma-style-barra-mocha/snapshots/MochaPanelSolidCanonico-20260627-183751/widgets/media-delegate.svgz
 create mode 100644 ativo/kde/plasma-style-barra-mocha/snapshots/MochaPanelSolidCanonico-20260627-183751/widgets/menubaritem.svgz
 create mode 100644 ativo/kde/plasma-style-barra-mocha/snapshots/MochaPanelSolidCanonico-20260627-183751/widgets/monitor.svgz
 create mode 100644 ativo/kde/plasma-style-barra-mocha/snapshots/MochaPanelSolidCanonico-20260627-183751/widgets/notes.svgz
 create mode 100644 ativo/kde/plasma-style-barra-mocha/snapshots/MochaPanelSolidCanonico-20260627-183751/widgets/pager.svgz
 create mode 100644 ativo/kde/plasma-style-barra-mocha/snapshots/MochaPanelSolidCanonico-20260627-183751/widgets/panel-background.svgz
 create mode 100644 ativo/kde/plasma-style-barra-mocha/snapshots/MochaPanelSolidCanonico-20260627-183751/widgets/picker.svgz
 create mode 100644 ativo/kde/plasma-style-barra-mocha/snapshots/MochaPanelSolidCanonico-20260627-183751/widgets/plasmoidheading.svgz
 create mode 100644 ativo/kde/plasma-style-barra-mocha/snapshots/MochaPanelSolidCanonico-20260627-183751/widgets/plot-background.svgz
 create mode 100644 ativo/kde/plasma-style-barra-mocha/snapshots/MochaPanelSolidCanonico-20260627-183751/widgets/radiobutton.svgz
 create mode 100644 ativo/kde/plasma-style-barra-mocha/snapshots/MochaPanelSolidCanonico-20260627-183751/widgets/scrollbar.svgz
 create mode 100644 ativo/kde/plasma-style-barra-mocha/snapshots/MochaPanelSolidCanonico-20260627-183751/widgets/scrollwidget.svgz
 create mode 100644 ativo/kde/plasma-style-barra-mocha/snapshots/MochaPanelSolidCanonico-20260627-183751/widgets/slider.svgz
 create mode 100644 ativo/kde/plasma-style-barra-mocha/snapshots/MochaPanelSolidCanonico-20260627-183751/widgets/switch.svgz
 create mode 100644 ativo/kde/plasma-style-barra-mocha/snapshots/MochaPanelSolidCanonico-20260627-183751/widgets/tabbar.svgz
 create mode 100644 ativo/kde/plasma-style-barra-mocha/snapshots/MochaPanelSolidCanonico-20260627-183751/widgets/tasks.svgz
 create mode 100644 ativo/kde/plasma-style-barra-mocha/snapshots/MochaPanelSolidCanonico-20260627-183751/widgets/toolbar.svgz
 create mode 100644 ativo/kde/plasma-style-barra-mocha/snapshots/MochaPanelSolidCanonico-20260627-183751/widgets/tooltip.svgz
 create mode 100644 ativo/kde/plasma-style-barra-mocha/snapshots/MochaPanelSolidCanonico-20260627-183751/widgets/translucentbackground.svgz
 create mode 100644 ativo/kde/plasma-style-barra-mocha/snapshots/MochaPanelSolidCanonico-20260627-183751/widgets/viewitem.svgz
 create mode 100644 ativo/kde/plasma-style-barra-mocha/snapshots/MochaPanelSolidCanonico-20260627-184000/colors
 create mode 100644 ativo/kde/plasma-style-barra-mocha/snapshots/MochaPanelSolidCanonico-20260627-184000/dialogs/background.svgz
 create mode 100644 ativo/kde/plasma-style-barra-mocha/snapshots/MochaPanelSolidCanonico-20260627-184000/icons/akonadi.svgz
 create mode 100644 ativo/kde/plasma-style-barra-mocha/snapshots/MochaPanelSolidCanonico-20260627-184000/icons/akregator.svgz
 create mode 100644 ativo/kde/plasma-style-barra-mocha/snapshots/MochaPanelSolidCanonico-20260627-184000/icons/amarok.svgz
 create mode 100644 ativo/kde/plasma-style-barra-mocha/snapshots/MochaPanelSolidCanonico-20260627-184000/icons/applications.svgz
 create mode 100644 ativo/kde/plasma-style-barra-mocha/snapshots/MochaPanelSolidCanonico-20260627-184000/icons/apport.svgz
 create mode 100644 ativo/kde/plasma-style-barra-mocha/snapshots/MochaPanelSolidCanonico-20260627-184000/icons/audio.svgz
 create mode 100644 ativo/kde/plasma-style-barra-mocha/snapshots/MochaPanelSolidCanonico-20260627-184000/icons/battery.svgz
 create mode 100644 ativo/kde/plasma-style-barra-mocha/snapshots/MochaPanelSolidCanonico-20260627-184000/icons/bookmarks.svgz
 create mode 100644 ativo/kde/plasma-style-barra-mocha/snapshots/MochaPanelSolidCanonico-20260627-184000/icons/cantata.svgz
 create mode 100644 ativo/kde/plasma-style-barra-mocha/snapshots/MochaPanelSolidCanonico-20260627-184000/icons/computer.svgz
 create mode 100644 ativo/kde/plasma-style-barra-mocha/snapshots/MochaPanelSolidCanonico-20260627-184000/icons/configure.svgz
 create mode 100644 ativo/kde/plasma-style-barra-mocha/snapshots/MochaPanelSolidCanonico-20260627-184000/icons/device.svgz
 create mode 100644 ativo/kde/plasma-style-barra-mocha/snapshots/MochaPanelSolidCanonico-20260627-184000/icons/disk.svgz
 create mode 100644 ativo/kde/plasma-style-barra-mocha/snapshots/MochaPanelSolidCanonico-20260627-184000/icons/distribute.svgz
 create mode 100644 ativo/kde/plasma-style-barra-mocha/snapshots/MochaPanelSolidCanonico-20260627-184000/icons/document.svgz
 create mode 100644 ativo/kde/plasma-style-barra-mocha/snapshots/MochaPanelSolidCanonico-20260627-184000/icons/drive.svgz
 create mode 100644 ativo/kde/plasma-style-barra-mocha/snapshots/MochaPanelSolidCanonico-20260627-184000/icons/edit.svgz
 create mode 100644 ativo/kde/plasma-style-barra-mocha/snapshots/MochaPanelSolidCanonico-20260627-184000/icons/fcitx.svgz
 create mode 100644 ativo/kde/plasma-style-barra-mocha/snapshots/MochaPanelSolidCanonico-20260627-184000/icons/go.svgz
 create mode 100644 ativo/kde/plasma-style-barra-mocha/snapshots/MochaPanelSolidCanonico-20260627-184000/icons/ime.svgz
 create mode 100644 ativo/kde/plasma-style-barra-mocha/snapshots/MochaPanelSolidCanonico-20260627-184000/icons/input.svgz
 create mode 100644 ativo/kde/plasma-style-barra-mocha/snapshots/MochaPanelSolidCanonico-20260627-184000/icons/kalarm.svgz
 create mode 100644 ativo/kde/plasma-style-barra-mocha/snapshots/MochaPanelSolidCanonico-20260627-184000/icons/kdeconnect.svgz
 create mode 100644 ativo/kde/plasma-style-barra-mocha/snapshots/MochaPanelSolidCanonico-20260627-184000/icons/keyboard.svgz
 create mode 100644 ativo/kde/plasma-style-barra-mocha/snapshots/MochaPanelSolidCanonico-20260627-184000/icons/kget.svgz
 create mode 100644 ativo/kde/plasma-style-barra-mocha/snapshots/MochaPanelSolidCanonico-20260627-184000/icons/kgpg.svgz
 create mode 100644 ativo/kde/plasma-style-barra-mocha/snapshots/MochaPanelSolidCanonico-20260627-184000/icons/kleopatra.svgz
 create mode 100644 ativo/kde/plasma-style-barra-mocha/snapshots/MochaPanelSolidCanonico-20260627-184000/icons/klipper.svgz
 create mode 100644 ativo/kde/plasma-style-barra-mocha/snapshots/MochaPanelSolidCanonico-20260627-184000/icons/kmail.svgz
 create mode 100644 ativo/kde/plasma-style-barra-mocha/snapshots/MochaPanelSolidCanonico-20260627-184000/icons/konv_message.svgz
 create mode 100644 ativo/kde/plasma-style-barra-mocha/snapshots/MochaPanelSolidCanonico-20260627-184000/icons/konversation.svgz
 create mode 100644 ativo/kde/plasma-style-barra-mocha/snapshots/MochaPanelSolidCanonico-20260627-184000/icons/kopete.svgz
 create mode 100644 ativo/kde/plasma-style-barra-mocha/snapshots/MochaPanelSolidCanonico-20260627-184000/icons/korgac.svgz
 create mode 100644 ativo/kde/plasma-style-barra-mocha/snapshots/MochaPanelSolidCanonico-20260627-184000/icons/kpackagekit.svgz
 create mode 100644 ativo/kde/plasma-style-barra-mocha/snapshots/MochaPanelSolidCanonico-20260627-184000/icons/kruler.svgz
 create mode 100644 ativo/kde/plasma-style-barra-mocha/snapshots/MochaPanelSolidCanonico-20260627-184000/icons/kteatime.svgz
 create mode 100644 ativo/kde/plasma-style-barra-mocha/snapshots/MochaPanelSolidCanonico-20260627-184000/icons/ktorrent.svgz
 create mode 100644 ativo/kde/plasma-style-barra-mocha/snapshots/MochaPanelSolidCanonico-20260627-184000/icons/kup.svgz
 create mode 100644 ativo/kde/plasma-style-barra-mocha/snapshots/MochaPanelSolidCanonico-20260627-184000/icons/list.svgz
 create mode 100644 ativo/kde/plasma-style-barra-mocha/snapshots/MochaPanelSolidCanonico-20260627-184000/icons/mail.svgz
 create mode 100644 ativo/kde/plasma-style-barra-mocha/snapshots/MochaPanelSolidCanonico-20260627-184000/icons/media.svgz
 create mode 100644 ativo/kde/plasma-style-barra-mocha/snapshots/MochaPanelSolidCanonico-20260627-184000/icons/mobile.svgz
 create mode 100644 ativo/kde/plasma-style-barra-mocha/snapshots/MochaPanelSolidCanonico-20260627-184000/icons/network.svgz
 create mode 100644 ativo/kde/plasma-style-barra-mocha/snapshots/MochaPanelSolidCanonico-20260627-184000/icons/notification.svgz
 create mode 100644 ativo/kde/plasma-style-barra-mocha/snapshots/MochaPanelSolidCanonico-20260627-184000/icons/osd.svgz
 create mode 100644 ativo/kde/plasma-style-barra-mocha/snapshots/MochaPanelSolidCanonico-20260627-184000/icons/phone.svgz
 create mode 100644 ativo/kde/plasma-style-barra-mocha/snapshots/MochaPanelSolidCanonico-20260627-184000/icons/plasmavault.svgz
 create mode 100644 ativo/kde/plasma-style-barra-mocha/snapshots/MochaPanelSolidCanonico-20260627-184000/icons/plasmavault_error.svgz
 create mode 100644 ativo/kde/plasma-style-barra-mocha/snapshots/MochaPanelSolidCanonico-20260627-184000/icons/preferences.svgz
 create mode 100644 ativo/kde/plasma-style-barra-mocha/snapshots/MochaPanelSolidCanonico-20260627-184000/icons/printer.svgz
 create mode 100644 ativo/kde/plasma-style-barra-mocha/snapshots/MochaPanelSolidCanonico-20260627-184000/icons/quassel.svgz
 create mode 100644 ativo/kde/plasma-style-barra-mocha/snapshots/MochaPanelSolidCanonico-20260627-184000/icons/search.svgz
 create mode 100644 ativo/kde/plasma-style-barra-mocha/snapshots/MochaPanelSolidCanonico-20260627-184000/icons/slc.svgz
 create mode 100644 ativo/kde/plasma-style-barra-mocha/snapshots/MochaPanelSolidCanonico-20260627-184000/icons/software.svgz
 create mode 100644 ativo/kde/plasma-style-barra-mocha/snapshots/MochaPanelSolidCanonico-20260627-184000/icons/start.svgz
 create mode 100644 ativo/kde/plasma-style-barra-mocha/snapshots/MochaPanelSolidCanonico-20260627-184000/icons/system.svgz
 create mode 100644 ativo/kde/plasma-style-barra-mocha/snapshots/MochaPanelSolidCanonico-20260627-184000/icons/touchpad.svgz
 create mode 100644 ativo/kde/plasma-style-barra-mocha/snapshots/MochaPanelSolidCanonico-20260627-184000/icons/user.svgz
 create mode 100644 ativo/kde/plasma-style-barra-mocha/snapshots/MochaPanelSolidCanonico-20260627-184000/icons/video-card.svgz
 create mode 100644 ativo/kde/plasma-style-barra-mocha/snapshots/MochaPanelSolidCanonico-20260627-184000/icons/video.svgz
 create mode 100644 ativo/kde/plasma-style-barra-mocha/snapshots/MochaPanelSolidCanonico-20260627-184000/icons/view.svgz
 create mode 100644 ativo/kde/plasma-style-barra-mocha/snapshots/MochaPanelSolidCanonico-20260627-184000/icons/vlc.svgz
 create mode 100644 ativo/kde/plasma-style-barra-mocha/snapshots/MochaPanelSolidCanonico-20260627-184000/icons/wallet.svgz
 create mode 100644 ativo/kde/plasma-style-barra-mocha/snapshots/MochaPanelSolidCanonico-20260627-184000/icons/window.svgz
 create mode 100644 ativo/kde/plasma-style-barra-mocha/snapshots/MochaPanelSolidCanonico-20260627-184000/icons/yakuake.svgz
 create mode 100644 ativo/kde/plasma-style-barra-mocha/snapshots/MochaPanelSolidCanonico-20260627-184000/icons/zoom.svgz
 create mode 100644 ativo/kde/plasma-style-barra-mocha/snapshots/MochaPanelSolidCanonico-20260627-184000/metadata.desktop
 create mode 100644 ativo/kde/plasma-style-barra-mocha/snapshots/MochaPanelSolidCanonico-20260627-184000/metadata.json
 create mode 100644 ativo/kde/plasma-style-barra-mocha/snapshots/MochaPanelSolidCanonico-20260627-184000/opaque/dialogs/background.svgz
 create mode 100644 ativo/kde/plasma-style-barra-mocha/snapshots/MochaPanelSolidCanonico-20260627-184000/opaque/widgets/panel-background.svgz
 create mode 100644 ativo/kde/plasma-style-barra-mocha/snapshots/MochaPanelSolidCanonico-20260627-184000/opaque/widgets/tooltip.svgz
 create mode 100644 ativo/kde/plasma-style-barra-mocha/snapshots/MochaPanelSolidCanonico-20260627-184000/plasmarc
 create mode 100644 ativo/kde/plasma-style-barra-mocha/snapshots/MochaPanelSolidCanonico-20260627-184000/solid/dialogs/background.svgz
 create mode 100644 ativo/kde/plasma-style-barra-mocha/snapshots/MochaPanelSolidCanonico-20260627-184000/solid/widgets/background.svgz
 create mode 100644 ativo/kde/plasma-style-barra-mocha/snapshots/MochaPanelSolidCanonico-20260627-184000/solid/widgets/panel-background.svgz
 create mode 100644 ativo/kde/plasma-style-barra-mocha/snapshots/MochaPanelSolidCanonico-20260627-184000/solid/widgets/tooltip.svgz
 create mode 100644 ativo/kde/plasma-style-barra-mocha/snapshots/MochaPanelSolidCanonico-20260627-184000/translucent/dialogs/background.svgz
 create mode 100644 ativo/kde/plasma-style-barra-mocha/snapshots/MochaPanelSolidCanonico-20260627-184000/translucent/widgets/background.svgz
 create mode 100644 ativo/kde/plasma-style-barra-mocha/snapshots/MochaPanelSolidCanonico-20260627-184000/translucent/widgets/panel-background.svgz
 create mode 100644 ativo/kde/plasma-style-barra-mocha/snapshots/MochaPanelSolidCanonico-20260627-184000/translucent/widgets/tooltip.svgz
 create mode 100644 ativo/kde/plasma-style-barra-mocha/snapshots/MochaPanelSolidCanonico-20260627-184000/widgets/action-overlays.svgz
 create mode 100644 ativo/kde/plasma-style-barra-mocha/snapshots/MochaPanelSolidCanonico-20260627-184000/widgets/actionbutton.svgz
 create mode 100644 ativo/kde/plasma-style-barra-mocha/snapshots/MochaPanelSolidCanonico-20260627-184000/widgets/analog_meter.svgz
 create mode 100644 ativo/kde/plasma-style-barra-mocha/snapshots/MochaPanelSolidCanonico-20260627-184000/widgets/arrows.svgz
 create mode 100644 ativo/kde/plasma-style-barra-mocha/snapshots/MochaPanelSolidCanonico-20260627-184000/widgets/background.svgz
 create mode 100644 ativo/kde/plasma-style-barra-mocha/snapshots/MochaPanelSolidCanonico-20260627-184000/widgets/bar_meter_horizontal.svgz
 create mode 100644 ativo/kde/plasma-style-barra-mocha/snapshots/MochaPanelSolidCanonico-20260627-184000/widgets/bar_meter_vertical.svgz
 create mode 100644 ativo/kde/plasma-style-barra-mocha/snapshots/MochaPanelSolidCanonico-20260627-184000/widgets/branding.svgz
 create mode 100644 ativo/kde/plasma-style-barra-mocha/snapshots/MochaPanelSolidCanonico-20260627-184000/widgets/busywidget.svgz
 create mode 100644 ativo/kde/plasma-style-barra-mocha/snapshots/MochaPanelSolidCanonico-20260627-184000/widgets/button.svgz
 create mode 100644 ativo/kde/plasma-style-barra-mocha/snapshots/MochaPanelSolidCanonico-20260627-184000/widgets/calendar.svgz
 create mode 100644 ativo/kde/plasma-style-barra-mocha/snapshots/MochaPanelSolidCanonico-20260627-184000/widgets/checkmarks.svgz
 create mode 100644 ativo/kde/plasma-style-barra-mocha/snapshots/MochaPanelSolidCanonico-20260627-184000/widgets/clock.svgz
 create mode 100644 ativo/kde/plasma-style-barra-mocha/snapshots/MochaPanelSolidCanonico-20260627-184000/widgets/configuration-icons.svgz
 create mode 100644 ativo/kde/plasma-style-barra-mocha/snapshots/MochaPanelSolidCanonico-20260627-184000/widgets/containment-controls.svgz
 create mode 100644 ativo/kde/plasma-style-barra-mocha/snapshots/MochaPanelSolidCanonico-20260627-184000/widgets/dragger.svgz
 create mode 100644 ativo/kde/plasma-style-barra-mocha/snapshots/MochaPanelSolidCanonico-20260627-184000/widgets/frame.svgz
 create mode 100644 ativo/kde/plasma-style-barra-mocha/snapshots/MochaPanelSolidCanonico-20260627-184000/widgets/glowbar.svgz
 create mode 100644 ativo/kde/plasma-style-barra-mocha/snapshots/MochaPanelSolidCanonico-20260627-184000/widgets/line.svgz
 create mode 100644 ativo/kde/plasma-style-barra-mocha/snapshots/MochaPanelSolidCanonico-20260627-184000/widgets/lineedit.svgz
 create mode 100644 ativo/kde/plasma-style-barra-mocha/snapshots/MochaPanelSolidCanonico-20260627-184000/widgets/listitem.svgz
 create mode 100644 ativo/kde/plasma-style-barra-mocha/snapshots/MochaPanelSolidCanonico-20260627-184000/widgets/margins-highlight.svgz
 create mode 100644 ativo/kde/plasma-style-barra-mocha/snapshots/MochaPanelSolidCanonico-20260627-184000/widgets/media-delegate.svgz
 create mode 100644 ativo/kde/plasma-style-barra-mocha/snapshots/MochaPanelSolidCanonico-20260627-184000/widgets/menubaritem.svgz
 create mode 100644 ativo/kde/plasma-style-barra-mocha/snapshots/MochaPanelSolidCanonico-20260627-184000/widgets/monitor.svgz
 create mode 100644 ativo/kde/plasma-style-barra-mocha/snapshots/MochaPanelSolidCanonico-20260627-184000/widgets/notes.svgz
 create mode 100644 ativo/kde/plasma-style-barra-mocha/snapshots/MochaPanelSolidCanonico-20260627-184000/widgets/pager.svgz
 create mode 100644 ativo/kde/plasma-style-barra-mocha/snapshots/MochaPanelSolidCanonico-20260627-184000/widgets/panel-background.svgz
 create mode 100644 ativo/kde/plasma-style-barra-mocha/snapshots/MochaPanelSolidCanonico-20260627-184000/widgets/picker.svgz
 create mode 100644 ativo/kde/plasma-style-barra-mocha/snapshots/MochaPanelSolidCanonico-20260627-184000/widgets/plasmoidheading.svgz
 create mode 100644 ativo/kde/plasma-style-barra-mocha/snapshots/MochaPanelSolidCanonico-20260627-184000/widgets/plot-background.svgz
 create mode 100644 ativo/kde/plasma-style-barra-mocha/snapshots/MochaPanelSolidCanonico-20260627-184000/widgets/radiobutton.svgz
 create mode 100644 ativo/kde/plasma-style-barra-mocha/snapshots/MochaPanelSolidCanonico-20260627-184000/widgets/scrollbar.svgz
 create mode 100644 ativo/kde/plasma-style-barra-mocha/snapshots/MochaPanelSolidCanonico-20260627-184000/widgets/scrollwidget.svgz
 create mode 100644 ativo/kde/plasma-style-barra-mocha/snapshots/MochaPanelSolidCanonico-20260627-184000/widgets/slider.svgz
 create mode 100644 ativo/kde/plasma-style-barra-mocha/snapshots/MochaPanelSolidCanonico-20260627-184000/widgets/switch.svgz
 create mode 100644 ativo/kde/plasma-style-barra-mocha/snapshots/MochaPanelSolidCanonico-20260627-184000/widgets/tabbar.svgz
 create mode 100644 ativo/kde/plasma-style-barra-mocha/snapshots/MochaPanelSolidCanonico-20260627-184000/widgets/tasks.svgz
 create mode 100644 ativo/kde/plasma-style-barra-mocha/snapshots/MochaPanelSolidCanonico-20260627-184000/widgets/toolbar.svgz
 create mode 100644 ativo/kde/plasma-style-barra-mocha/snapshots/MochaPanelSolidCanonico-20260627-184000/widgets/tooltip.svgz
 create mode 100644 ativo/kde/plasma-style-barra-mocha/snapshots/MochaPanelSolidCanonico-20260627-184000/widgets/translucentbackground.svgz
 create mode 100644 ativo/kde/plasma-style-barra-mocha/snapshots/MochaPanelSolidCanonico-20260627-184000/widgets/viewitem.svgz
 create mode 100644 ativo/kde/plasma-style-barra-mocha/svgz-criticos-MochaPanelSolidCanonico-20260627-183751/dialogs/background.svgz
 create mode 100644 ativo/kde/plasma-style-barra-mocha/svgz-criticos-MochaPanelSolidCanonico-20260627-183751/widgets/background.svgz
 create mode 100644 ativo/kde/plasma-style-barra-mocha/svgz-criticos-MochaPanelSolidCanonico-20260627-183751/widgets/button.svgz
 create mode 100644 ativo/kde/plasma-style-barra-mocha/svgz-criticos-MochaPanelSolidCanonico-20260627-183751/widgets/frame.svgz
 create mode 100644 ativo/kde/plasma-style-barra-mocha/svgz-criticos-MochaPanelSolidCanonico-20260627-183751/widgets/lineedit.svgz
 create mode 100644 ativo/kde/plasma-style-barra-mocha/svgz-criticos-MochaPanelSolidCanonico-20260627-183751/widgets/listitem.svgz
 create mode 100644 ativo/kde/plasma-style-barra-mocha/svgz-criticos-MochaPanelSolidCanonico-20260627-183751/widgets/panel-background.svgz
 create mode 100644 ativo/kde/plasma-style-barra-mocha/svgz-criticos-MochaPanelSolidCanonico-20260627-183751/widgets/tasks.svgz
 create mode 100644 ativo/kde/plasma-style-barra-mocha/svgz-criticos-MochaPanelSolidCanonico-20260627-183751/widgets/viewitem.svgz
 create mode 100644 ativo/kde/plasma-style-barra-mocha/svgz-criticos-MochaPanelSolidCanonico-20260627-184000/dialogs/background.svgz
 create mode 100644 ativo/kde/plasma-style-barra-mocha/svgz-criticos-MochaPanelSolidCanonico-20260627-184000/widgets/background.svgz
 create mode 100644 ativo/kde/plasma-style-barra-mocha/svgz-criticos-MochaPanelSolidCanonico-20260627-184000/widgets/button.svgz
 create mode 100644 ativo/kde/plasma-style-barra-mocha/svgz-criticos-MochaPanelSolidCanonico-20260627-184000/widgets/frame.svgz
 create mode 100644 ativo/kde/plasma-style-barra-mocha/svgz-criticos-MochaPanelSolidCanonico-20260627-184000/widgets/lineedit.svgz
 create mode 100644 ativo/kde/plasma-style-barra-mocha/svgz-criticos-MochaPanelSolidCanonico-20260627-184000/widgets/listitem.svgz
 create mode 100644 ativo/kde/plasma-style-barra-mocha/svgz-criticos-MochaPanelSolidCanonico-20260627-184000/widgets/panel-background.svgz
 create mode 100644 ativo/kde/plasma-style-barra-mocha/svgz-criticos-MochaPanelSolidCanonico-20260627-184000/widgets/tasks.svgz
 create mode 100644 ativo/kde/plasma-style-barra-mocha/svgz-criticos-MochaPanelSolidCanonico-20260627-184000/widgets/viewitem.svgz
 create mode 100644 ativo/kde/plasma-style-barra-mocha/svgz-criticos-atuais/dialogs/background.svgz
 create mode 100644 ativo/kde/plasma-style-barra-mocha/svgz-criticos-atuais/widgets/background.svgz
 create mode 100644 ativo/kde/plasma-style-barra-mocha/svgz-criticos-atuais/widgets/button.svgz
 create mode 100644 ativo/kde/plasma-style-barra-mocha/svgz-criticos-atuais/widgets/frame.svgz
 create mode 100644 ativo/kde/plasma-style-barra-mocha/svgz-criticos-atuais/widgets/lineedit.svgz
 create mode 100644 ativo/kde/plasma-style-barra-mocha/svgz-criticos-atuais/widgets/listitem.svgz
 create mode 100644 ativo/kde/plasma-style-barra-mocha/svgz-criticos-atuais/widgets/panel-background.svgz
 create mode 100644 ativo/kde/plasma-style-barra-mocha/svgz-criticos-atuais/widgets/tasks.svgz
 create mode 100644 ativo/kde/plasma-style-barra-mocha/svgz-criticos-atuais/widgets/viewitem.svgz
 create mode 100755 ativo/scripts/20260529-200013-mocha-reaplicar-barra-aprovada-atual.sh
 create mode 100755 ativo/scripts/20260627-183751-mocha-reaplicar-tema-completo-usuarios.sh
 create mode 100755 ativo/scripts/20260627-184000-mocha-reaplicar-tema-completo-usuarios.sh
 create mode 100755 ativo/scripts/mocha-reaplicar-tema-completo-usuarios.sh

============================================================
 7) Recriar commit 2 — wrapper
============================================================
Unstaged changes after reset:
M	ativo/assets/mocha-steam/bin/mocha-steam-game-run
M	ativo/etc/skel/.local/bin/mocha-steam-game-run
M	ativo/software/perfis/mocha-gamer-default.flatpaklist
M	ativo/software/perfis/mocha-gamer-default.pkglist
M	calamares/base-calam-arch-installer-2026-06/usr/share/calamares/modules/users.conf
M	calamares/base-calam-arch-installer-2026-06/usr/share/calamares/settings.conf
M	calamares/identidade/extracao-identidade-calamares-mocha-20260605-153953/origem-airootfs/etc-calamares/modules/users.conf
M	calamares/identidade/extracao-identidade-calamares-mocha-20260605-153953/origem-airootfs/etc-calamares/settings.conf
M	calamares/identidade/extracao-identidade-calamares-mocha-20260605-153953/origem-airootfs/usr-share-calamares/modules/users.conf
M	calamares/identidade/extracao-identidade-calamares-mocha-20260605-153953/origem-airootfs/usr-share-calamares/settings.conf
M	calamares/identidade/extracao-identidade-calamares-mocha-20260605-153953/textos/etc-calamares/modules/users.conf
M	calamares/identidade/extracao-identidade-calamares-mocha-20260605-153953/textos/etc-calamares/settings.conf
M	calamares/identidade/extracao-identidade-calamares-mocha-20260605-153953/textos/usr-share-calamares/modules/users.conf
M	calamares/identidade/extracao-identidade-calamares-mocha-20260605-153953/textos/usr-share-calamares/settings.conf
M	calamares/identidade/extracao-identidade-calamares-mocha-20260605-153953/yaml-configs/etc-calamares/settings.conf
M	calamares/identidade/extracao-identidade-calamares-mocha-20260605-153953/yaml-configs/usr-share-calamares/settings.conf
M	calamares/mocha-calamares/etc/calamares/modules/users.conf
M	calamares/mocha-calamares/etc/calamares/settings.conf
M	calamares/origem-calam-arch-installer-2026-06-20260605-112415/usr/share/calamares/modules/users.conf
M	calamares/origem-calam-arch-installer-2026-06-20260605-112415/usr/share/calamares/settings.conf
M	calamares/trabalho-mocha-calamares-20260605-112806/usr/share/calamares/modules/users.conf
M	calamares/trabalho-mocha-calamares-20260605-112806/usr/share/calamares/settings.conf

------------------------------------------------------------
Commit:
steam: preserva wrapper canonico Alt-Tab input
Arquivos staged:
M	ativo/assets/mocha-steam/bin/mocha-steam-game-run
M	ativo/etc/skel/.local/bin/mocha-steam-game-run
A	ativo/steam-mangohud-canonico/usr/local/bin/mocha-steam-game-run
A	ativo/steam-wrapper-canonico/usr/local/bin/mocha-steam-game-run
A	ativo/wrapper-steam/WRAPPER-STEAM-CANONICO-ALT-TAB-INPUT.md
A	ativo/wrapper-steam/mocha-steam-game-run-canonico
A	ativo/wrapper-steam/mocha-steam-game-run-canonico-alt-tab-input-20260611
A	ativo/wrapper-steam/mocha-steam-game-run-canonico.sha256
A	ativo/wrappers/mocha-steam-game-run
[main 0d6c203] steam: preserva wrapper canonico Alt-Tab input
 9 files changed, 947 insertions(+), 170 deletions(-)
 create mode 100755 ativo/steam-mangohud-canonico/usr/local/bin/mocha-steam-game-run
 create mode 100755 ativo/steam-wrapper-canonico/usr/local/bin/mocha-steam-game-run
 create mode 100644 ativo/wrapper-steam/WRAPPER-STEAM-CANONICO-ALT-TAB-INPUT.md
 create mode 100755 ativo/wrapper-steam/mocha-steam-game-run-canonico
 create mode 100755 ativo/wrapper-steam/mocha-steam-game-run-canonico-alt-tab-input-20260611
 create mode 100644 ativo/wrapper-steam/mocha-steam-game-run-canonico.sha256
 create mode 100755 ativo/wrappers/mocha-steam-game-run

============================================================
 8) Recriar commit 3 — Calamares
============================================================
Unstaged changes after reset:
M	ativo/software/perfis/mocha-gamer-default.flatpaklist
M	ativo/software/perfis/mocha-gamer-default.pkglist
M	calamares/base-calam-arch-installer-2026-06/usr/share/calamares/modules/users.conf
M	calamares/base-calam-arch-installer-2026-06/usr/share/calamares/settings.conf
M	calamares/identidade/extracao-identidade-calamares-mocha-20260605-153953/origem-airootfs/etc-calamares/modules/users.conf
M	calamares/identidade/extracao-identidade-calamares-mocha-20260605-153953/origem-airootfs/etc-calamares/settings.conf
M	calamares/identidade/extracao-identidade-calamares-mocha-20260605-153953/origem-airootfs/usr-share-calamares/modules/users.conf
M	calamares/identidade/extracao-identidade-calamares-mocha-20260605-153953/origem-airootfs/usr-share-calamares/settings.conf
M	calamares/identidade/extracao-identidade-calamares-mocha-20260605-153953/textos/etc-calamares/modules/users.conf
M	calamares/identidade/extracao-identidade-calamares-mocha-20260605-153953/textos/etc-calamares/settings.conf
M	calamares/identidade/extracao-identidade-calamares-mocha-20260605-153953/textos/usr-share-calamares/modules/users.conf
M	calamares/identidade/extracao-identidade-calamares-mocha-20260605-153953/textos/usr-share-calamares/settings.conf
M	calamares/identidade/extracao-identidade-calamares-mocha-20260605-153953/yaml-configs/etc-calamares/settings.conf
M	calamares/identidade/extracao-identidade-calamares-mocha-20260605-153953/yaml-configs/usr-share-calamares/settings.conf
M	calamares/mocha-calamares/etc/calamares/modules/users.conf
M	calamares/mocha-calamares/etc/calamares/settings.conf
M	calamares/origem-calam-arch-installer-2026-06-20260605-112415/usr/share/calamares/modules/users.conf
M	calamares/origem-calam-arch-installer-2026-06-20260605-112415/usr/share/calamares/settings.conf
M	calamares/trabalho-mocha-calamares-20260605-112806/usr/share/calamares/modules/users.conf
M	calamares/trabalho-mocha-calamares-20260605-112806/usr/share/calamares/settings.conf

------------------------------------------------------------
Commit:
calamares: adiciona finalizador e ajustes do usuario instalado
Arquivos staged:
A	ativo/calamares/MANUAL-CALAMARES-MOCHA.md
A	ativo/calamares/payload/etc/skel/.local/bin/mocha-steam-game-run
A	ativo/calamares/payload/gamer/flatpak-packages.txt
A	ativo/calamares/payload/gamer/pacman-packages.txt
A	ativo/calamares/payload/kde/skel/.config/dolphinrc
A	ativo/calamares/payload/kde/skel/.config/gtkrc
A	ativo/calamares/payload/kde/skel/.config/gtkrc-2.0
A	ativo/calamares/payload/kde/skel/.config/kdeglobals
A	ativo/calamares/payload/kde/skel/.config/konsolerc
A	ativo/calamares/payload/kde/skel/.config/kscreenlockerrc
A	ativo/calamares/payload/kde/skel/.config/ksmserverrc
A	ativo/calamares/payload/kde/skel/.config/kwinrc
A	ativo/calamares/payload/kde/skel/.config/plasma-localerc
A	ativo/calamares/payload/kde/skel/.config/plasma-org.kde.plasma.desktop-appletsrc
A	ativo/calamares/payload/kde/skel/.config/plasmarc
A	ativo/calamares/payload/kde/skel/.local/share/color-schemes/color-schemes/Mocha-Windows11.colors
A	ativo/calamares/payload/kde/skel/.local/share/color-schemes/color-schemes/MochaDark.colors
A	ativo/calamares/payload/kde/skel/.local/share/color-schemes/color-schemes/MochaKDE.colors
A	ativo/calamares/payload/kde/skel/.local/share/color-schemes/color-schemes/MochaSolidCanonico.colors
A	ativo/calamares/payload/kde/skel/.local/share/plasma/plasma/desktoptheme/Mocha-Solid-Canonico/colors
A	ativo/calamares/payload/kde/skel/.local/share/plasma/plasma/desktoptheme/Mocha-Solid-Canonico/dialogs/background.svgz
A	ativo/calamares/payload/kde/skel/.local/share/plasma/plasma/desktoptheme/Mocha-Solid-Canonico/icons/akonadi.svgz
A	ativo/calamares/payload/kde/skel/.local/share/plasma/plasma/desktoptheme/Mocha-Solid-Canonico/icons/akregator.svgz
A	ativo/calamares/payload/kde/skel/.local/share/plasma/plasma/desktoptheme/Mocha-Solid-Canonico/icons/amarok.svgz
A	ativo/calamares/payload/kde/skel/.local/share/plasma/plasma/desktoptheme/Mocha-Solid-Canonico/icons/applications.svgz
A	ativo/calamares/payload/kde/skel/.local/share/plasma/plasma/desktoptheme/Mocha-Solid-Canonico/icons/apport.svgz
A	ativo/calamares/payload/kde/skel/.local/share/plasma/plasma/desktoptheme/Mocha-Solid-Canonico/icons/audio.svgz
A	ativo/calamares/payload/kde/skel/.local/share/plasma/plasma/desktoptheme/Mocha-Solid-Canonico/icons/battery.svgz
A	ativo/calamares/payload/kde/skel/.local/share/plasma/plasma/desktoptheme/Mocha-Solid-Canonico/icons/bookmarks.svgz
A	ativo/calamares/payload/kde/skel/.local/share/plasma/plasma/desktoptheme/Mocha-Solid-Canonico/icons/cantata.svgz
A	ativo/calamares/payload/kde/skel/.local/share/plasma/plasma/desktoptheme/Mocha-Solid-Canonico/icons/computer.svgz
A	ativo/calamares/payload/kde/skel/.local/share/plasma/plasma/desktoptheme/Mocha-Solid-Canonico/icons/configure.svgz
A	ativo/calamares/payload/kde/skel/.local/share/plasma/plasma/desktoptheme/Mocha-Solid-Canonico/icons/device.svgz
A	ativo/calamares/payload/kde/skel/.local/share/plasma/plasma/desktoptheme/Mocha-Solid-Canonico/icons/disk.svgz
A	ativo/calamares/payload/kde/skel/.local/share/plasma/plasma/desktoptheme/Mocha-Solid-Canonico/icons/distribute.svgz
A	ativo/calamares/payload/kde/skel/.local/share/plasma/plasma/desktoptheme/Mocha-Solid-Canonico/icons/document.svgz
A	ativo/calamares/payload/kde/skel/.local/share/plasma/plasma/desktoptheme/Mocha-Solid-Canonico/icons/drive.svgz
A	ativo/calamares/payload/kde/skel/.local/share/plasma/plasma/desktoptheme/Mocha-Solid-Canonico/icons/edit.svgz
A	ativo/calamares/payload/kde/skel/.local/share/plasma/plasma/desktoptheme/Mocha-Solid-Canonico/icons/fcitx.svgz
A	ativo/calamares/payload/kde/skel/.local/share/plasma/plasma/desktoptheme/Mocha-Solid-Canonico/icons/go.svgz
A	ativo/calamares/payload/kde/skel/.local/share/plasma/plasma/desktoptheme/Mocha-Solid-Canonico/icons/ime.svgz
A	ativo/calamares/payload/kde/skel/.local/share/plasma/plasma/desktoptheme/Mocha-Solid-Canonico/icons/input.svgz
A	ativo/calamares/payload/kde/skel/.local/share/plasma/plasma/desktoptheme/Mocha-Solid-Canonico/icons/kalarm.svgz
A	ativo/calamares/payload/kde/skel/.local/share/plasma/plasma/desktoptheme/Mocha-Solid-Canonico/icons/kdeconnect.svgz
A	ativo/calamares/payload/kde/skel/.local/share/plasma/plasma/desktoptheme/Mocha-Solid-Canonico/icons/keyboard.svgz
A	ativo/calamares/payload/kde/skel/.local/share/plasma/plasma/desktoptheme/Mocha-Solid-Canonico/icons/kget.svgz
A	ativo/calamares/payload/kde/skel/.local/share/plasma/plasma/desktoptheme/Mocha-Solid-Canonico/icons/kgpg.svgz
A	ativo/calamares/payload/kde/skel/.local/share/plasma/plasma/desktoptheme/Mocha-Solid-Canonico/icons/kleopatra.svgz
A	ativo/calamares/payload/kde/skel/.local/share/plasma/plasma/desktoptheme/Mocha-Solid-Canonico/icons/klipper.svgz
A	ativo/calamares/payload/kde/skel/.local/share/plasma/plasma/desktoptheme/Mocha-Solid-Canonico/icons/kmail.svgz
A	ativo/calamares/payload/kde/skel/.local/share/plasma/plasma/desktoptheme/Mocha-Solid-Canonico/icons/konv_message.svgz
A	ativo/calamares/payload/kde/skel/.local/share/plasma/plasma/desktoptheme/Mocha-Solid-Canonico/icons/konversation.svgz
A	ativo/calamares/payload/kde/skel/.local/share/plasma/plasma/desktoptheme/Mocha-Solid-Canonico/icons/kopete.svgz
A	ativo/calamares/payload/kde/skel/.local/share/plasma/plasma/desktoptheme/Mocha-Solid-Canonico/icons/korgac.svgz
A	ativo/calamares/payload/kde/skel/.local/share/plasma/plasma/desktoptheme/Mocha-Solid-Canonico/icons/kpackagekit.svgz
A	ativo/calamares/payload/kde/skel/.local/share/plasma/plasma/desktoptheme/Mocha-Solid-Canonico/icons/kruler.svgz
A	ativo/calamares/payload/kde/skel/.local/share/plasma/plasma/desktoptheme/Mocha-Solid-Canonico/icons/kteatime.svgz
A	ativo/calamares/payload/kde/skel/.local/share/plasma/plasma/desktoptheme/Mocha-Solid-Canonico/icons/ktorrent.svgz
A	ativo/calamares/payload/kde/skel/.local/share/plasma/plasma/desktoptheme/Mocha-Solid-Canonico/icons/kup.svgz
A	ativo/calamares/payload/kde/skel/.local/share/plasma/plasma/desktoptheme/Mocha-Solid-Canonico/icons/list.svgz
A	ativo/calamares/payload/kde/skel/.local/share/plasma/plasma/desktoptheme/Mocha-Solid-Canonico/icons/mail.svgz
A	ativo/calamares/payload/kde/skel/.local/share/plasma/plasma/desktoptheme/Mocha-Solid-Canonico/icons/media.svgz
A	ativo/calamares/payload/kde/skel/.local/share/plasma/plasma/desktoptheme/Mocha-Solid-Canonico/icons/mobile.svgz
A	ativo/calamares/payload/kde/skel/.local/share/plasma/plasma/desktoptheme/Mocha-Solid-Canonico/icons/network.svgz
A	ativo/calamares/payload/kde/skel/.local/share/plasma/plasma/desktoptheme/Mocha-Solid-Canonico/icons/notification.svgz
A	ativo/calamares/payload/kde/skel/.local/share/plasma/plasma/desktoptheme/Mocha-Solid-Canonico/icons/osd.svgz
A	ativo/calamares/payload/kde/skel/.local/share/plasma/plasma/desktoptheme/Mocha-Solid-Canonico/icons/phone.svgz
A	ativo/calamares/payload/kde/skel/.local/share/plasma/plasma/desktoptheme/Mocha-Solid-Canonico/icons/plasmavault.svgz
A	ativo/calamares/payload/kde/skel/.local/share/plasma/plasma/desktoptheme/Mocha-Solid-Canonico/icons/plasmavault_error.svgz
A	ativo/calamares/payload/kde/skel/.local/share/plasma/plasma/desktoptheme/Mocha-Solid-Canonico/icons/preferences.svgz
A	ativo/calamares/payload/kde/skel/.local/share/plasma/plasma/desktoptheme/Mocha-Solid-Canonico/icons/printer.svgz
A	ativo/calamares/payload/kde/skel/.local/share/plasma/plasma/desktoptheme/Mocha-Solid-Canonico/icons/quassel.svgz
A	ativo/calamares/payload/kde/skel/.local/share/plasma/plasma/desktoptheme/Mocha-Solid-Canonico/icons/search.svgz
A	ativo/calamares/payload/kde/skel/.local/share/plasma/plasma/desktoptheme/Mocha-Solid-Canonico/icons/slc.svgz
A	ativo/calamares/payload/kde/skel/.local/share/plasma/plasma/desktoptheme/Mocha-Solid-Canonico/icons/software.svgz
A	ativo/calamares/payload/kde/skel/.local/share/plasma/plasma/desktoptheme/Mocha-Solid-Canonico/icons/start.svgz
A	ativo/calamares/payload/kde/skel/.local/share/plasma/plasma/desktoptheme/Mocha-Solid-Canonico/icons/system.svgz
A	ativo/calamares/payload/kde/skel/.local/share/plasma/plasma/desktoptheme/Mocha-Solid-Canonico/icons/touchpad.svgz
A	ativo/calamares/payload/kde/skel/.local/share/plasma/plasma/desktoptheme/Mocha-Solid-Canonico/icons/user.svgz
A	ativo/calamares/payload/kde/skel/.local/share/plasma/plasma/desktoptheme/Mocha-Solid-Canonico/icons/video-card.svgz
A	ativo/calamares/payload/kde/skel/.local/share/plasma/plasma/desktoptheme/Mocha-Solid-Canonico/icons/video.svgz
A	ativo/calamares/payload/kde/skel/.local/share/plasma/plasma/desktoptheme/Mocha-Solid-Canonico/icons/view.svgz
A	ativo/calamares/payload/kde/skel/.local/share/plasma/plasma/desktoptheme/Mocha-Solid-Canonico/icons/vlc.svgz
A	ativo/calamares/payload/kde/skel/.local/share/plasma/plasma/desktoptheme/Mocha-Solid-Canonico/icons/wallet.svgz
A	ativo/calamares/payload/kde/skel/.local/share/plasma/plasma/desktoptheme/Mocha-Solid-Canonico/icons/window.svgz
A	ativo/calamares/payload/kde/skel/.local/share/plasma/plasma/desktoptheme/Mocha-Solid-Canonico/icons/yakuake.svgz
A	ativo/calamares/payload/kde/skel/.local/share/plasma/plasma/desktoptheme/Mocha-Solid-Canonico/icons/zoom.svgz
A	ativo/calamares/payload/kde/skel/.local/share/plasma/plasma/desktoptheme/Mocha-Solid-Canonico/metadata.desktop
A	ativo/calamares/payload/kde/skel/.local/share/plasma/plasma/desktoptheme/Mocha-Solid-Canonico/metadata.json
A	ativo/calamares/payload/kde/skel/.local/share/plasma/plasma/desktoptheme/Mocha-Solid-Canonico/opaque/dialogs/background.svgz
A	ativo/calamares/payload/kde/skel/.local/share/plasma/plasma/desktoptheme/Mocha-Solid-Canonico/opaque/widgets/panel-background.svgz
A	ativo/calamares/payload/kde/skel/.local/share/plasma/plasma/desktoptheme/Mocha-Solid-Canonico/opaque/widgets/tooltip.svgz
A	ativo/calamares/payload/kde/skel/.local/share/plasma/plasma/desktoptheme/Mocha-Solid-Canonico/plasmarc
A	ativo/calamares/payload/kde/skel/.local/share/plasma/plasma/desktoptheme/Mocha-Solid-Canonico/solid/dialogs/background.svgz
A	ativo/calamares/payload/kde/skel/.local/share/plasma/plasma/desktoptheme/Mocha-Solid-Canonico/solid/widgets/background.svgz
A	ativo/calamares/payload/kde/skel/.local/share/plasma/plasma/desktoptheme/Mocha-Solid-Canonico/solid/widgets/panel-background.svgz
A	ativo/calamares/payload/kde/skel/.local/share/plasma/plasma/desktoptheme/Mocha-Solid-Canonico/solid/widgets/tooltip.svgz
A	ativo/calamares/payload/kde/skel/.local/share/plasma/plasma/desktoptheme/Mocha-Solid-Canonico/translucent/dialogs/background.svgz
A	ativo/calamares/payload/kde/skel/.local/share/plasma/plasma/desktoptheme/Mocha-Solid-Canonico/translucent/widgets/background.svgz
A	ativo/calamares/payload/kde/skel/.local/share/plasma/plasma/desktoptheme/Mocha-Solid-Canonico/translucent/widgets/panel-background.svgz
A	ativo/calamares/payload/kde/skel/.local/share/plasma/plasma/desktoptheme/Mocha-Solid-Canonico/translucent/widgets/tooltip.svgz
A	ativo/calamares/payload/kde/skel/.local/share/plasma/plasma/desktoptheme/Mocha-Solid-Canonico/weather/wind-arrows.svgz
A	ativo/calamares/payload/kde/skel/.local/share/plasma/plasma/desktoptheme/Mocha-Solid-Canonico/widgets/action-overlays.svgz
A	ativo/calamares/payload/kde/skel/.local/share/plasma/plasma/desktoptheme/Mocha-Solid-Canonico/widgets/actionbutton.svgz
A	ativo/calamares/payload/kde/skel/.local/share/plasma/plasma/desktoptheme/Mocha-Solid-Canonico/widgets/analog_meter.svgz
A	ativo/calamares/payload/kde/skel/.local/share/plasma/plasma/desktoptheme/Mocha-Solid-Canonico/widgets/arrows.svgz
A	ativo/calamares/payload/kde/skel/.local/share/plasma/plasma/desktoptheme/Mocha-Solid-Canonico/widgets/background.svgz
A	ativo/calamares/payload/kde/skel/.local/share/plasma/plasma/desktoptheme/Mocha-Solid-Canonico/widgets/bar_meter_horizontal.svgz
A	ativo/calamares/payload/kde/skel/.local/share/plasma/plasma/desktoptheme/Mocha-Solid-Canonico/widgets/bar_meter_vertical.svgz
A	ativo/calamares/payload/kde/skel/.local/share/plasma/plasma/desktoptheme/Mocha-Solid-Canonico/widgets/branding.svgz
A	ativo/calamares/payload/kde/skel/.local/share/plasma/plasma/desktoptheme/Mocha-Solid-Canonico/widgets/busywidget.svgz
A	ativo/calamares/payload/kde/skel/.local/share/plasma/plasma/desktoptheme/Mocha-Solid-Canonico/widgets/button.svgz
A	ativo/calamares/payload/kde/skel/.local/share/plasma/plasma/desktoptheme/Mocha-Solid-Canonico/widgets/calendar.svgz
A	ativo/calamares/payload/kde/skel/.local/share/plasma/plasma/desktoptheme/Mocha-Solid-Canonico/widgets/checkmarks.svgz
A	ativo/calamares/payload/kde/skel/.local/share/plasma/plasma/desktoptheme/Mocha-Solid-Canonico/widgets/clock.svgz
A	ativo/calamares/payload/kde/skel/.local/share/plasma/plasma/desktoptheme/Mocha-Solid-Canonico/widgets/configuration-icons.svgz
A	ativo/calamares/payload/kde/skel/.local/share/plasma/plasma/desktoptheme/Mocha-Solid-Canonico/widgets/containment-controls.svgz
A	ativo/calamares/payload/kde/skel/.local/share/plasma/plasma/desktoptheme/Mocha-Solid-Canonico/widgets/dragger.svgz
A	ativo/calamares/payload/kde/skel/.local/share/plasma/plasma/desktoptheme/Mocha-Solid-Canonico/widgets/frame.svgz
A	ativo/calamares/payload/kde/skel/.local/share/plasma/plasma/desktoptheme/Mocha-Solid-Canonico/widgets/glowbar.svgz
A	ativo/calamares/payload/kde/skel/.local/share/plasma/plasma/desktoptheme/Mocha-Solid-Canonico/widgets/line.svgz
A	ativo/calamares/payload/kde/skel/.local/share/plasma/plasma/desktoptheme/Mocha-Solid-Canonico/widgets/lineedit.svgz
A	ativo/calamares/payload/kde/skel/.local/share/plasma/plasma/desktoptheme/Mocha-Solid-Canonico/widgets/listitem.svgz
A	ativo/calamares/payload/kde/skel/.local/share/plasma/plasma/desktoptheme/Mocha-Solid-Canonico/widgets/margins-highlight.svgz
A	ativo/calamares/payload/kde/skel/.local/share/plasma/plasma/desktoptheme/Mocha-Solid-Canonico/widgets/media-delegate.svgz
A	ativo/calamares/payload/kde/skel/.local/share/plasma/plasma/desktoptheme/Mocha-Solid-Canonico/widgets/menubaritem.svgz
A	ativo/calamares/payload/kde/skel/.local/share/plasma/plasma/desktoptheme/Mocha-Solid-Canonico/widgets/monitor.svgz
A	ativo/calamares/payload/kde/skel/.local/share/plasma/plasma/desktoptheme/Mocha-Solid-Canonico/widgets/notes.svgz
A	ativo/calamares/payload/kde/skel/.local/share/plasma/plasma/desktoptheme/Mocha-Solid-Canonico/widgets/pager.svgz
A	ativo/calamares/payload/kde/skel/.local/share/plasma/plasma/desktoptheme/Mocha-Solid-Canonico/widgets/panel-background.svgz
A	ativo/calamares/payload/kde/skel/.local/share/plasma/plasma/desktoptheme/Mocha-Solid-Canonico/widgets/picker.svgz
A	ativo/calamares/payload/kde/skel/.local/share/plasma/plasma/desktoptheme/Mocha-Solid-Canonico/widgets/plasmoidheading.svgz
A	ativo/calamares/payload/kde/skel/.local/share/plasma/plasma/desktoptheme/Mocha-Solid-Canonico/widgets/plot-background.svgz
A	ativo/calamares/payload/kde/skel/.local/share/plasma/plasma/desktoptheme/Mocha-Solid-Canonico/widgets/radiobutton.svgz
A	ativo/calamares/payload/kde/skel/.local/share/plasma/plasma/desktoptheme/Mocha-Solid-Canonico/widgets/scrollbar.svgz
A	ativo/calamares/payload/kde/skel/.local/share/plasma/plasma/desktoptheme/Mocha-Solid-Canonico/widgets/scrollwidget.svgz
A	ativo/calamares/payload/kde/skel/.local/share/plasma/plasma/desktoptheme/Mocha-Solid-Canonico/widgets/slider.svgz
A	ativo/calamares/payload/kde/skel/.local/share/plasma/plasma/desktoptheme/Mocha-Solid-Canonico/widgets/switch.svgz
A	ativo/calamares/payload/kde/skel/.local/share/plasma/plasma/desktoptheme/Mocha-Solid-Canonico/widgets/tabbar.svgz
A	ativo/calamares/payload/kde/skel/.local/share/plasma/plasma/desktoptheme/Mocha-Solid-Canonico/widgets/tasks.svgz
A	ativo/calamares/payload/kde/skel/.local/share/plasma/plasma/desktoptheme/Mocha-Solid-Canonico/widgets/timer.svgz
A	ativo/calamares/payload/kde/skel/.local/share/plasma/plasma/desktoptheme/Mocha-Solid-Canonico/widgets/toolbar.svgz
A	ativo/calamares/payload/kde/skel/.local/share/plasma/plasma/desktoptheme/Mocha-Solid-Canonico/widgets/tooltip.svgz
A	ativo/calamares/payload/kde/skel/.local/share/plasma/plasma/desktoptheme/Mocha-Solid-Canonico/widgets/translucentbackground.svgz
A	ativo/calamares/payload/kde/skel/.local/share/plasma/plasma/desktoptheme/Mocha-Solid-Canonico/widgets/viewitem.svgz
A	ativo/calamares/payload/kde/skel/.local/share/plasma/plasma/desktoptheme/MochaPanelSolidCanonico/colors
A	ativo/calamares/payload/kde/skel/.local/share/plasma/plasma/desktoptheme/MochaPanelSolidCanonico/dialogs/background.svgz
A	ativo/calamares/payload/kde/skel/.local/share/plasma/plasma/desktoptheme/MochaPanelSolidCanonico/icons/akonadi.svgz
A	ativo/calamares/payload/kde/skel/.local/share/plasma/plasma/desktoptheme/MochaPanelSolidCanonico/icons/akregator.svgz
A	ativo/calamares/payload/kde/skel/.local/share/plasma/plasma/desktoptheme/MochaPanelSolidCanonico/icons/amarok.svgz
A	ativo/calamares/payload/kde/skel/.local/share/plasma/plasma/desktoptheme/MochaPanelSolidCanonico/icons/applications.svgz
A	ativo/calamares/payload/kde/skel/.local/share/plasma/plasma/desktoptheme/MochaPanelSolidCanonico/icons/apport.svgz
A	ativo/calamares/payload/kde/skel/.local/share/plasma/plasma/desktoptheme/MochaPanelSolidCanonico/icons/audio.svgz
A	ativo/calamares/payload/kde/skel/.local/share/plasma/plasma/desktoptheme/MochaPanelSolidCanonico/icons/battery.svgz
A	ativo/calamares/payload/kde/skel/.local/share/plasma/plasma/desktoptheme/MochaPanelSolidCanonico/icons/bookmarks.svgz
A	ativo/calamares/payload/kde/skel/.local/share/plasma/plasma/desktoptheme/MochaPanelSolidCanonico/icons/cantata.svgz
A	ativo/calamares/payload/kde/skel/.local/share/plasma/plasma/desktoptheme/MochaPanelSolidCanonico/icons/computer.svgz
A	ativo/calamares/payload/kde/skel/.local/share/plasma/plasma/desktoptheme/MochaPanelSolidCanonico/icons/configure.svgz
A	ativo/calamares/payload/kde/skel/.local/share/plasma/plasma/desktoptheme/MochaPanelSolidCanonico/icons/device.svgz
A	ativo/calamares/payload/kde/skel/.local/share/plasma/plasma/desktoptheme/MochaPanelSolidCanonico/icons/disk.svgz
A	ativo/calamares/payload/kde/skel/.local/share/plasma/plasma/desktoptheme/MochaPanelSolidCanonico/icons/distribute.svgz
A	ativo/calamares/payload/kde/skel/.local/share/plasma/plasma/desktoptheme/MochaPanelSolidCanonico/icons/document.svgz
A	ativo/calamares/payload/kde/skel/.local/share/plasma/plasma/desktoptheme/MochaPanelSolidCanonico/icons/drive.svgz
A	ativo/calamares/payload/kde/skel/.local/share/plasma/plasma/desktoptheme/MochaPanelSolidCanonico/icons/edit.svgz
A	ativo/calamares/payload/kde/skel/.local/share/plasma/plasma/desktoptheme/MochaPanelSolidCanonico/icons/fcitx.svgz
A	ativo/calamares/payload/kde/skel/.local/share/plasma/plasma/desktoptheme/MochaPanelSolidCanonico/icons/go.svgz
A	ativo/calamares/payload/kde/skel/.local/share/plasma/plasma/desktoptheme/MochaPanelSolidCanonico/icons/ime.svgz
A	ativo/calamares/payload/kde/skel/.local/share/plasma/plasma/desktoptheme/MochaPanelSolidCanonico/icons/input.svgz
A	ativo/calamares/payload/kde/skel/.local/share/plasma/plasma/desktoptheme/MochaPanelSolidCanonico/icons/kalarm.svgz
A	ativo/calamares/payload/kde/skel/.local/share/plasma/plasma/desktoptheme/MochaPanelSolidCanonico/icons/kdeconnect.svgz
A	ativo/calamares/payload/kde/skel/.local/share/plasma/plasma/desktoptheme/MochaPanelSolidCanonico/icons/keyboard.svgz
A	ativo/calamares/payload/kde/skel/.local/share/plasma/plasma/desktoptheme/MochaPanelSolidCanonico/icons/kget.svgz
A	ativo/calamares/payload/kde/skel/.local/share/plasma/plasma/desktoptheme/MochaPanelSolidCanonico/icons/kgpg.svgz
A	ativo/calamares/payload/kde/skel/.local/share/plasma/plasma/desktoptheme/MochaPanelSolidCanonico/icons/kleopatra.svgz
A	ativo/calamares/payload/kde/skel/.local/share/plasma/plasma/desktoptheme/MochaPanelSolidCanonico/icons/klipper.svgz
A	ativo/calamares/payload/kde/skel/.local/share/plasma/plasma/desktoptheme/MochaPanelSolidCanonico/icons/kmail.svgz
A	ativo/calamares/payload/kde/skel/.local/share/plasma/plasma/desktoptheme/MochaPanelSolidCanonico/icons/konv_message.svgz
A	ativo/calamares/payload/kde/skel/.local/share/plasma/plasma/desktoptheme/MochaPanelSolidCanonico/icons/konversation.svgz
A	ativo/calamares/payload/kde/skel/.local/share/plasma/plasma/desktoptheme/MochaPanelSolidCanonico/icons/kopete.svgz
A	ativo/calamares/payload/kde/skel/.local/share/plasma/plasma/desktoptheme/MochaPanelSolidCanonico/icons/korgac.svgz
A	ativo/calamares/payload/kde/skel/.local/share/plasma/plasma/desktoptheme/MochaPanelSolidCanonico/icons/kpackagekit.svgz
A	ativo/calamares/payload/kde/skel/.local/share/plasma/plasma/desktoptheme/MochaPanelSolidCanonico/icons/kruler.svgz
A	ativo/calamares/payload/kde/skel/.local/share/plasma/plasma/desktoptheme/MochaPanelSolidCanonico/icons/kteatime.svgz
A	ativo/calamares/payload/kde/skel/.local/share/plasma/plasma/desktoptheme/MochaPanelSolidCanonico/icons/ktorrent.svgz
A	ativo/calamares/payload/kde/skel/.local/share/plasma/plasma/desktoptheme/MochaPanelSolidCanonico/icons/kup.svgz
A	ativo/calamares/payload/kde/skel/.local/share/plasma/plasma/desktoptheme/MochaPanelSolidCanonico/icons/list.svgz
A	ativo/calamares/payload/kde/skel/.local/share/plasma/plasma/desktoptheme/MochaPanelSolidCanonico/icons/mail.svgz
A	ativo/calamares/payload/kde/skel/.local/share/plasma/plasma/desktoptheme/MochaPanelSolidCanonico/icons/media.svgz
A	ativo/calamares/payload/kde/skel/.local/share/plasma/plasma/desktoptheme/MochaPanelSolidCanonico/icons/mobile.svgz
A	ativo/calamares/payload/kde/skel/.local/share/plasma/plasma/desktoptheme/MochaPanelSolidCanonico/icons/network.svgz
A	ativo/calamares/payload/kde/skel/.local/share/plasma/plasma/desktoptheme/MochaPanelSolidCanonico/icons/notification.svgz
A	ativo/calamares/payload/kde/skel/.local/share/plasma/plasma/desktoptheme/MochaPanelSolidCanonico/icons/osd.svgz
A	ativo/calamares/payload/kde/skel/.local/share/plasma/plasma/desktoptheme/MochaPanelSolidCanonico/icons/phone.svgz
A	ativo/calamares/payload/kde/skel/.local/share/plasma/plasma/desktoptheme/MochaPanelSolidCanonico/icons/plasmavault.svgz
A	ativo/calamares/payload/kde/skel/.local/share/plasma/plasma/desktoptheme/MochaPanelSolidCanonico/icons/plasmavault_error.svgz
A	ativo/calamares/payload/kde/skel/.local/share/plasma/plasma/desktoptheme/MochaPanelSolidCanonico/icons/preferences.svgz
A	ativo/calamares/payload/kde/skel/.local/share/plasma/plasma/desktoptheme/MochaPanelSolidCanonico/icons/printer.svgz
A	ativo/calamares/payload/kde/skel/.local/share/plasma/plasma/desktoptheme/MochaPanelSolidCanonico/icons/quassel.svgz
A	ativo/calamares/payload/kde/skel/.local/share/plasma/plasma/desktoptheme/MochaPanelSolidCanonico/icons/search.svgz
A	ativo/calamares/payload/kde/skel/.local/share/plasma/plasma/desktoptheme/MochaPanelSolidCanonico/icons/slc.svgz
A	ativo/calamares/payload/kde/skel/.local/share/plasma/plasma/desktoptheme/MochaPanelSolidCanonico/icons/software.svgz
A	ativo/calamares/payload/kde/skel/.local/share/plasma/plasma/desktoptheme/MochaPanelSolidCanonico/icons/start.svgz
A	ativo/calamares/payload/kde/skel/.local/share/plasma/plasma/desktoptheme/MochaPanelSolidCanonico/icons/system.svgz
A	ativo/calamares/payload/kde/skel/.local/share/plasma/plasma/desktoptheme/MochaPanelSolidCanonico/icons/touchpad.svgz
A	ativo/calamares/payload/kde/skel/.local/share/plasma/plasma/desktoptheme/MochaPanelSolidCanonico/icons/user.svgz
A	ativo/calamares/payload/kde/skel/.local/share/plasma/plasma/desktoptheme/MochaPanelSolidCanonico/icons/video-card.svgz
A	ativo/calamares/payload/kde/skel/.local/share/plasma/plasma/desktoptheme/MochaPanelSolidCanonico/icons/video.svgz
A	ativo/calamares/payload/kde/skel/.local/share/plasma/plasma/desktoptheme/MochaPanelSolidCanonico/icons/view.svgz
A	ativo/calamares/payload/kde/skel/.local/share/plasma/plasma/desktoptheme/MochaPanelSolidCanonico/icons/vlc.svgz
A	ativo/calamares/payload/kde/skel/.local/share/plasma/plasma/desktoptheme/MochaPanelSolidCanonico/icons/wallet.svgz
A	ativo/calamares/payload/kde/skel/.local/share/plasma/plasma/desktoptheme/MochaPanelSolidCanonico/icons/window.svgz
A	ativo/calamares/payload/kde/skel/.local/share/plasma/plasma/desktoptheme/MochaPanelSolidCanonico/icons/yakuake.svgz
A	ativo/calamares/payload/kde/skel/.local/share/plasma/plasma/desktoptheme/MochaPanelSolidCanonico/icons/zoom.svgz
A	ativo/calamares/payload/kde/skel/.local/share/plasma/plasma/desktoptheme/MochaPanelSolidCanonico/metadata.desktop
A	ativo/calamares/payload/kde/skel/.local/share/plasma/plasma/desktoptheme/MochaPanelSolidCanonico/metadata.json
A	ativo/calamares/payload/kde/skel/.local/share/plasma/plasma/desktoptheme/MochaPanelSolidCanonico/opaque/dialogs/background.svgz
A	ativo/calamares/payload/kde/skel/.local/share/plasma/plasma/desktoptheme/MochaPanelSolidCanonico/opaque/widgets/panel-background.svgz
A	ativo/calamares/payload/kde/skel/.local/share/plasma/plasma/desktoptheme/MochaPanelSolidCanonico/opaque/widgets/tooltip.svgz
A	ativo/calamares/payload/kde/skel/.local/share/plasma/plasma/desktoptheme/MochaPanelSolidCanonico/plasmarc
A	ativo/calamares/payload/kde/skel/.local/share/plasma/plasma/desktoptheme/MochaPanelSolidCanonico/solid/dialogs/background.svgz
A	ativo/calamares/payload/kde/skel/.local/share/plasma/plasma/desktoptheme/MochaPanelSolidCanonico/solid/widgets/background.svgz
A	ativo/calamares/payload/kde/skel/.local/share/plasma/plasma/desktoptheme/MochaPanelSolidCanonico/solid/widgets/panel-background.svgz
A	ativo/calamares/payload/kde/skel/.local/share/plasma/plasma/desktoptheme/MochaPanelSolidCanonico/solid/widgets/tooltip.svgz
A	ativo/calamares/payload/kde/skel/.local/share/plasma/plasma/desktoptheme/MochaPanelSolidCanonico/translucent/dialogs/background.svgz
A	ativo/calamares/payload/kde/skel/.local/share/plasma/plasma/desktoptheme/MochaPanelSolidCanonico/translucent/widgets/background.svgz
A	ativo/calamares/payload/kde/skel/.local/share/plasma/plasma/desktoptheme/MochaPanelSolidCanonico/translucent/widgets/panel-background.svgz
A	ativo/calamares/payload/kde/skel/.local/share/plasma/plasma/desktoptheme/MochaPanelSolidCanonico/translucent/widgets/tooltip.svgz
A	ativo/calamares/payload/kde/skel/.local/share/plasma/plasma/desktoptheme/MochaPanelSolidCanonico/widgets/action-overlays.svgz
A	ativo/calamares/payload/kde/skel/.local/share/plasma/plasma/desktoptheme/MochaPanelSolidCanonico/widgets/actionbutton.svgz
A	ativo/calamares/payload/kde/skel/.local/share/plasma/plasma/desktoptheme/MochaPanelSolidCanonico/widgets/analog_meter.svgz
A	ativo/calamares/payload/kde/skel/.local/share/plasma/plasma/desktoptheme/MochaPanelSolidCanonico/widgets/arrows.svgz
A	ativo/calamares/payload/kde/skel/.local/share/plasma/plasma/desktoptheme/MochaPanelSolidCanonico/widgets/background.svgz
A	ativo/calamares/payload/kde/skel/.local/share/plasma/plasma/desktoptheme/MochaPanelSolidCanonico/widgets/bar_meter_horizontal.svgz
A	ativo/calamares/payload/kde/skel/.local/share/plasma/plasma/desktoptheme/MochaPanelSolidCanonico/widgets/bar_meter_vertical.svgz
A	ativo/calamares/payload/kde/skel/.local/share/plasma/plasma/desktoptheme/MochaPanelSolidCanonico/widgets/branding.svgz
A	ativo/calamares/payload/kde/skel/.local/share/plasma/plasma/desktoptheme/MochaPanelSolidCanonico/widgets/busywidget.svgz
A	ativo/calamares/payload/kde/skel/.local/share/plasma/plasma/desktoptheme/MochaPanelSolidCanonico/widgets/button.svgz
A	ativo/calamares/payload/kde/skel/.local/share/plasma/plasma/desktoptheme/MochaPanelSolidCanonico/widgets/calendar.svgz
A	ativo/calamares/payload/kde/skel/.local/share/plasma/plasma/desktoptheme/MochaPanelSolidCanonico/widgets/checkmarks.svgz
A	ativo/calamares/payload/kde/skel/.local/share/plasma/plasma/desktoptheme/MochaPanelSolidCanonico/widgets/clock.svgz
A	ativo/calamares/payload/kde/skel/.local/share/plasma/plasma/desktoptheme/MochaPanelSolidCanonico/widgets/configuration-icons.svgz
A	ativo/calamares/payload/kde/skel/.local/share/plasma/plasma/desktoptheme/MochaPanelSolidCanonico/widgets/containment-controls.svgz
A	ativo/calamares/payload/kde/skel/.local/share/plasma/plasma/desktoptheme/MochaPanelSolidCanonico/widgets/dragger.svgz
A	ativo/calamares/payload/kde/skel/.local/share/plasma/plasma/desktoptheme/MochaPanelSolidCanonico/widgets/frame.svgz
A	ativo/calamares/payload/kde/skel/.local/share/plasma/plasma/desktoptheme/MochaPanelSolidCanonico/widgets/glowbar.svgz
A	ativo/calamares/payload/kde/skel/.local/share/plasma/plasma/desktoptheme/MochaPanelSolidCanonico/widgets/line.svgz
A	ativo/calamares/payload/kde/skel/.local/share/plasma/plasma/desktoptheme/MochaPanelSolidCanonico/widgets/lineedit.svgz
A	ativo/calamares/payload/kde/skel/.local/share/plasma/plasma/desktoptheme/MochaPanelSolidCanonico/widgets/listitem.svgz
A	ativo/calamares/payload/kde/skel/.local/share/plasma/plasma/desktoptheme/MochaPanelSolidCanonico/widgets/margins-highlight.svgz
A	ativo/calamares/payload/kde/skel/.local/share/plasma/plasma/desktoptheme/MochaPanelSolidCanonico/widgets/media-delegate.svgz
A	ativo/calamares/payload/kde/skel/.local/share/plasma/plasma/desktoptheme/MochaPanelSolidCanonico/widgets/menubaritem.svgz
A	ativo/calamares/payload/kde/skel/.local/share/plasma/plasma/desktoptheme/MochaPanelSolidCanonico/widgets/monitor.svgz
A	ativo/calamares/payload/kde/skel/.local/share/plasma/plasma/desktoptheme/MochaPanelSolidCanonico/widgets/notes.svgz
A	ativo/calamares/payload/kde/skel/.local/share/plasma/plasma/desktoptheme/MochaPanelSolidCanonico/widgets/pager.svgz
A	ativo/calamares/payload/kde/skel/.local/share/plasma/plasma/desktoptheme/MochaPanelSolidCanonico/widgets/panel-background.svgz
A	ativo/calamares/payload/kde/skel/.local/share/plasma/plasma/desktoptheme/MochaPanelSolidCanonico/widgets/picker.svgz
A	ativo/calamares/payload/kde/skel/.local/share/plasma/plasma/desktoptheme/MochaPanelSolidCanonico/widgets/plasmoidheading.svgz
A	ativo/calamares/payload/kde/skel/.local/share/plasma/plasma/desktoptheme/MochaPanelSolidCanonico/widgets/plot-background.svgz
A	ativo/calamares/payload/kde/skel/.local/share/plasma/plasma/desktoptheme/MochaPanelSolidCanonico/widgets/radiobutton.svgz
A	ativo/calamares/payload/kde/skel/.local/share/plasma/plasma/desktoptheme/MochaPanelSolidCanonico/widgets/scrollbar.svgz
A	ativo/calamares/payload/kde/skel/.local/share/plasma/plasma/desktoptheme/MochaPanelSolidCanonico/widgets/scrollwidget.svgz
A	ativo/calamares/payload/kde/skel/.local/share/plasma/plasma/desktoptheme/MochaPanelSolidCanonico/widgets/slider.svgz
A	ativo/calamares/payload/kde/skel/.local/share/plasma/plasma/desktoptheme/MochaPanelSolidCanonico/widgets/switch.svgz
A	ativo/calamares/payload/kde/skel/.local/share/plasma/plasma/desktoptheme/MochaPanelSolidCanonico/widgets/tabbar.svgz
A	ativo/calamares/payload/kde/skel/.local/share/plasma/plasma/desktoptheme/MochaPanelSolidCanonico/widgets/tasks.svgz
A	ativo/calamares/payload/kde/skel/.local/share/plasma/plasma/desktoptheme/MochaPanelSolidCanonico/widgets/toolbar.svgz
A	ativo/calamares/payload/kde/skel/.local/share/plasma/plasma/desktoptheme/MochaPanelSolidCanonico/widgets/tooltip.svgz
A	ativo/calamares/payload/kde/skel/.local/share/plasma/plasma/desktoptheme/MochaPanelSolidCanonico/widgets/translucentbackground.svgz
A	ativo/calamares/payload/kde/skel/.local/share/plasma/plasma/desktoptheme/MochaPanelSolidCanonico/widgets/viewitem.svgz
A	ativo/calamares/payload/mocha-kernel-driver-manager/etc/skel/Desktop/mocha-kernel-driver-manager.desktop
A	ativo/calamares/payload/mocha-kernel-driver-manager/etc/xdg/autostart/mocha-kernel-driver-firstboot.desktop
A	ativo/calamares/payload/mocha-kernel-driver-manager/usr/local/bin/mocha-kernel-driver
A	ativo/calamares/payload/mocha-kernel-driver-manager/usr/local/bin/mocha-kernel-driver-firstboot
A	ativo/calamares/payload/mocha-kernel-driver-manager/usr/local/bin/mocha-kernel-driver-manager
A	ativo/calamares/payload/mocha-kernel-driver-manager/usr/local/bin/mocha-kernel-driver-manager-root
A	ativo/calamares/payload/mocha-kernel-driver-manager/usr/local/bin/mocha-kernel-driver-reinstaller
A	ativo/calamares/payload/mocha-kernel-driver-manager/usr/local/bin/mocha-kernel-driver-updater
A	ativo/calamares/payload/mocha-kernel-driver-manager/usr/local/lib/mocha/mocha-cachyos-transient-install
A	ativo/calamares/payload/mocha-kernel-driver-manager/usr/local/lib/mocha/mocha-kernel-driver-manager-pkexec
A	ativo/calamares/payload/mocha-kernel-driver-manager/usr/local/lib/mocha/mocha-kernel-driver-manager-root-exec
A	ativo/calamares/payload/mocha-kernel-driver-manager/usr/share/applications/mocha-kernel-driver-manager.desktop
A	ativo/calamares/payload/mocha-kernel-driver-manager/usr/share/polkit-1/actions/org.mocha.kernel-driver-manager.policy
A	ativo/calamares/payload/mocha-kernel-driver/mocha-kernel-driver
A	ativo/calamares/payload/mocha-kernel-driver/mocha-kernel-driver-action.sh
A	ativo/calamares/payload/mocha-kernel-driver/mocha-kernel-driver-gui
A	ativo/calamares/payload/mocha-kernel-driver/mocha-kernel-driver-launch-action.sh
A	ativo/calamares/payload/mocha-kernel-driver/mocha-kernel-driver.desktop
A	ativo/calamares/payload/mocha-kernel-driver/mocha-kernel-driver.svg
A	ativo/calamares/payload/tema-completo/color-schemes/MochaDark.colors
A	ativo/calamares/payload/tema-completo/color-schemes/MochaSolidCanonico.colors
A	ativo/calamares/payload/tema-completo/config/kdeglobals
A	ativo/calamares/payload/tema-completo/config/kscreenlockerrc
A	ativo/calamares/payload/tema-completo/config/ksplashrc
A	ativo/calamares/payload/tema-completo/config/plasma-org.kde.plasma.desktop-appletsrc
A	ativo/calamares/payload/tema-completo/config/plasmarc
A	ativo/calamares/payload/tema-completo/etc/skel/.config/kscreenlockerrc
A	ativo/calamares/payload/tema-completo/etc/skel/.local/bin/mocha-steam-game-run
A	ativo/calamares/payload/tema-completo/etc/skel/.local/share/applications/steam-mocha.desktop
A	ativo/calamares/payload/tema-completo/etc/skel/.local/share/applications/steam.desktop
A	ativo/calamares/payload/tema-completo/etc/xdg/kscreenlockerrc
A	ativo/calamares/payload/tema-completo/plasma/desktoptheme/MochaPanelSolidCanonico/colors
A	ativo/calamares/payload/tema-completo/plasma/desktoptheme/MochaPanelSolidCanonico/dialogs/background.svgz
A	ativo/calamares/payload/tema-completo/plasma/desktoptheme/MochaPanelSolidCanonico/icons/akonadi.svgz
A	ativo/calamares/payload/tema-completo/plasma/desktoptheme/MochaPanelSolidCanonico/icons/akregator.svgz
A	ativo/calamares/payload/tema-completo/plasma/desktoptheme/MochaPanelSolidCanonico/icons/amarok.svgz
A	ativo/calamares/payload/tema-completo/plasma/desktoptheme/MochaPanelSolidCanonico/icons/applications.svgz
A	ativo/calamares/payload/tema-completo/plasma/desktoptheme/MochaPanelSolidCanonico/icons/apport.svgz
A	ativo/calamares/payload/tema-completo/plasma/desktoptheme/MochaPanelSolidCanonico/icons/audio.svgz
A	ativo/calamares/payload/tema-completo/plasma/desktoptheme/MochaPanelSolidCanonico/icons/battery.svgz
A	ativo/calamares/payload/tema-completo/plasma/desktoptheme/MochaPanelSolidCanonico/icons/bookmarks.svgz
A	ativo/calamares/payload/tema-completo/plasma/desktoptheme/MochaPanelSolidCanonico/icons/cantata.svgz
A	ativo/calamares/payload/tema-completo/plasma/desktoptheme/MochaPanelSolidCanonico/icons/computer.svgz
A	ativo/calamares/payload/tema-completo/plasma/desktoptheme/MochaPanelSolidCanonico/icons/configure.svgz
A	ativo/calamares/payload/tema-completo/plasma/desktoptheme/MochaPanelSolidCanonico/icons/device.svgz
A	ativo/calamares/payload/tema-completo/plasma/desktoptheme/MochaPanelSolidCanonico/icons/disk.svgz
A	ativo/calamares/payload/tema-completo/plasma/desktoptheme/MochaPanelSolidCanonico/icons/distribute.svgz
A	ativo/calamares/payload/tema-completo/plasma/desktoptheme/MochaPanelSolidCanonico/icons/document.svgz
A	ativo/calamares/payload/tema-completo/plasma/desktoptheme/MochaPanelSolidCanonico/icons/drive.svgz
A	ativo/calamares/payload/tema-completo/plasma/desktoptheme/MochaPanelSolidCanonico/icons/edit.svgz
A	ativo/calamares/payload/tema-completo/plasma/desktoptheme/MochaPanelSolidCanonico/icons/fcitx.svgz
A	ativo/calamares/payload/tema-completo/plasma/desktoptheme/MochaPanelSolidCanonico/icons/go.svgz
A	ativo/calamares/payload/tema-completo/plasma/desktoptheme/MochaPanelSolidCanonico/icons/ime.svgz
A	ativo/calamares/payload/tema-completo/plasma/desktoptheme/MochaPanelSolidCanonico/icons/input.svgz
A	ativo/calamares/payload/tema-completo/plasma/desktoptheme/MochaPanelSolidCanonico/icons/kalarm.svgz
A	ativo/calamares/payload/tema-completo/plasma/desktoptheme/MochaPanelSolidCanonico/icons/kdeconnect.svgz
A	ativo/calamares/payload/tema-completo/plasma/desktoptheme/MochaPanelSolidCanonico/icons/keyboard.svgz
A	ativo/calamares/payload/tema-completo/plasma/desktoptheme/MochaPanelSolidCanonico/icons/kget.svgz
A	ativo/calamares/payload/tema-completo/plasma/desktoptheme/MochaPanelSolidCanonico/icons/kgpg.svgz
A	ativo/calamares/payload/tema-completo/plasma/desktoptheme/MochaPanelSolidCanonico/icons/kleopatra.svgz
A	ativo/calamares/payload/tema-completo/plasma/desktoptheme/MochaPanelSolidCanonico/icons/klipper.svgz
A	ativo/calamares/payload/tema-completo/plasma/desktoptheme/MochaPanelSolidCanonico/icons/kmail.svgz
A	ativo/calamares/payload/tema-completo/plasma/desktoptheme/MochaPanelSolidCanonico/icons/konv_message.svgz
A	ativo/calamares/payload/tema-completo/plasma/desktoptheme/MochaPanelSolidCanonico/icons/konversation.svgz
A	ativo/calamares/payload/tema-completo/plasma/desktoptheme/MochaPanelSolidCanonico/icons/kopete.svgz
A	ativo/calamares/payload/tema-completo/plasma/desktoptheme/MochaPanelSolidCanonico/icons/korgac.svgz
A	ativo/calamares/payload/tema-completo/plasma/desktoptheme/MochaPanelSolidCanonico/icons/kpackagekit.svgz
A	ativo/calamares/payload/tema-completo/plasma/desktoptheme/MochaPanelSolidCanonico/icons/kruler.svgz
A	ativo/calamares/payload/tema-completo/plasma/desktoptheme/MochaPanelSolidCanonico/icons/kteatime.svgz
A	ativo/calamares/payload/tema-completo/plasma/desktoptheme/MochaPanelSolidCanonico/icons/ktorrent.svgz
A	ativo/calamares/payload/tema-completo/plasma/desktoptheme/MochaPanelSolidCanonico/icons/kup.svgz
A	ativo/calamares/payload/tema-completo/plasma/desktoptheme/MochaPanelSolidCanonico/icons/list.svgz
A	ativo/calamares/payload/tema-completo/plasma/desktoptheme/MochaPanelSolidCanonico/icons/mail.svgz
A	ativo/calamares/payload/tema-completo/plasma/desktoptheme/MochaPanelSolidCanonico/icons/media.svgz
A	ativo/calamares/payload/tema-completo/plasma/desktoptheme/MochaPanelSolidCanonico/icons/mobile.svgz
A	ativo/calamares/payload/tema-completo/plasma/desktoptheme/MochaPanelSolidCanonico/icons/network.svgz
A	ativo/calamares/payload/tema-completo/plasma/desktoptheme/MochaPanelSolidCanonico/icons/notification.svgz
A	ativo/calamares/payload/tema-completo/plasma/desktoptheme/MochaPanelSolidCanonico/icons/osd.svgz
A	ativo/calamares/payload/tema-completo/plasma/desktoptheme/MochaPanelSolidCanonico/icons/phone.svgz
A	ativo/calamares/payload/tema-completo/plasma/desktoptheme/MochaPanelSolidCanonico/icons/plasmavault.svgz
A	ativo/calamares/payload/tema-completo/plasma/desktoptheme/MochaPanelSolidCanonico/icons/plasmavault_error.svgz
A	ativo/calamares/payload/tema-completo/plasma/desktoptheme/MochaPanelSolidCanonico/icons/preferences.svgz
A	ativo/calamares/payload/tema-completo/plasma/desktoptheme/MochaPanelSolidCanonico/icons/printer.svgz
A	ativo/calamares/payload/tema-completo/plasma/desktoptheme/MochaPanelSolidCanonico/icons/quassel.svgz
A	ativo/calamares/payload/tema-completo/plasma/desktoptheme/MochaPanelSolidCanonico/icons/search.svgz
A	ativo/calamares/payload/tema-completo/plasma/desktoptheme/MochaPanelSolidCanonico/icons/slc.svgz
A	ativo/calamares/payload/tema-completo/plasma/desktoptheme/MochaPanelSolidCanonico/icons/software.svgz
A	ativo/calamares/payload/tema-completo/plasma/desktoptheme/MochaPanelSolidCanonico/icons/start.svgz
A	ativo/calamares/payload/tema-completo/plasma/desktoptheme/MochaPanelSolidCanonico/icons/system.svgz
A	ativo/calamares/payload/tema-completo/plasma/desktoptheme/MochaPanelSolidCanonico/icons/touchpad.svgz
A	ativo/calamares/payload/tema-completo/plasma/desktoptheme/MochaPanelSolidCanonico/icons/user.svgz
A	ativo/calamares/payload/tema-completo/plasma/desktoptheme/MochaPanelSolidCanonico/icons/video-card.svgz
A	ativo/calamares/payload/tema-completo/plasma/desktoptheme/MochaPanelSolidCanonico/icons/video.svgz
A	ativo/calamares/payload/tema-completo/plasma/desktoptheme/MochaPanelSolidCanonico/icons/view.svgz
A	ativo/calamares/payload/tema-completo/plasma/desktoptheme/MochaPanelSolidCanonico/icons/vlc.svgz
A	ativo/calamares/payload/tema-completo/plasma/desktoptheme/MochaPanelSolidCanonico/icons/wallet.svgz
A	ativo/calamares/payload/tema-completo/plasma/desktoptheme/MochaPanelSolidCanonico/icons/window.svgz
A	ativo/calamares/payload/tema-completo/plasma/desktoptheme/MochaPanelSolidCanonico/icons/yakuake.svgz
A	ativo/calamares/payload/tema-completo/plasma/desktoptheme/MochaPanelSolidCanonico/icons/zoom.svgz
A	ativo/calamares/payload/tema-completo/plasma/desktoptheme/MochaPanelSolidCanonico/metadata.desktop
A	ativo/calamares/payload/tema-completo/plasma/desktoptheme/MochaPanelSolidCanonico/metadata.json
A	ativo/calamares/payload/tema-completo/plasma/desktoptheme/MochaPanelSolidCanonico/opaque/dialogs/background.svgz
A	ativo/calamares/payload/tema-completo/plasma/desktoptheme/MochaPanelSolidCanonico/opaque/widgets/panel-background.svgz
A	ativo/calamares/payload/tema-completo/plasma/desktoptheme/MochaPanelSolidCanonico/opaque/widgets/tooltip.svgz
A	ativo/calamares/payload/tema-completo/plasma/desktoptheme/MochaPanelSolidCanonico/plasmarc
A	ativo/calamares/payload/tema-completo/plasma/desktoptheme/MochaPanelSolidCanonico/solid/dialogs/background.svgz
A	ativo/calamares/payload/tema-completo/plasma/desktoptheme/MochaPanelSolidCanonico/solid/widgets/background.svgz
A	ativo/calamares/payload/tema-completo/plasma/desktoptheme/MochaPanelSolidCanonico/solid/widgets/panel-background.svgz
A	ativo/calamares/payload/tema-completo/plasma/desktoptheme/MochaPanelSolidCanonico/solid/widgets/tooltip.svgz
A	ativo/calamares/payload/tema-completo/plasma/desktoptheme/MochaPanelSolidCanonico/translucent/dialogs/background.svgz
A	ativo/calamares/payload/tema-completo/plasma/desktoptheme/MochaPanelSolidCanonico/translucent/widgets/background.svgz
A	ativo/calamares/payload/tema-completo/plasma/desktoptheme/MochaPanelSolidCanonico/translucent/widgets/panel-background.svgz
A	ativo/calamares/payload/tema-completo/plasma/desktoptheme/MochaPanelSolidCanonico/translucent/widgets/tooltip.svgz
A	ativo/calamares/payload/tema-completo/plasma/desktoptheme/MochaPanelSolidCanonico/widgets/action-overlays.svgz
A	ativo/calamares/payload/tema-completo/plasma/desktoptheme/MochaPanelSolidCanonico/widgets/actionbutton.svgz
A	ativo/calamares/payload/tema-completo/plasma/desktoptheme/MochaPanelSolidCanonico/widgets/analog_meter.svgz
A	ativo/calamares/payload/tema-completo/plasma/desktoptheme/MochaPanelSolidCanonico/widgets/arrows.svgz
A	ativo/calamares/payload/tema-completo/plasma/desktoptheme/MochaPanelSolidCanonico/widgets/background.svgz
A	ativo/calamares/payload/tema-completo/plasma/desktoptheme/MochaPanelSolidCanonico/widgets/bar_meter_horizontal.svgz
A	ativo/calamares/payload/tema-completo/plasma/desktoptheme/MochaPanelSolidCanonico/widgets/bar_meter_vertical.svgz
A	ativo/calamares/payload/tema-completo/plasma/desktoptheme/MochaPanelSolidCanonico/widgets/branding.svgz
A	ativo/calamares/payload/tema-completo/plasma/desktoptheme/MochaPanelSolidCanonico/widgets/busywidget.svgz
A	ativo/calamares/payload/tema-completo/plasma/desktoptheme/MochaPanelSolidCanonico/widgets/button.svgz
A	ativo/calamares/payload/tema-completo/plasma/desktoptheme/MochaPanelSolidCanonico/widgets/calendar.svgz
A	ativo/calamares/payload/tema-completo/plasma/desktoptheme/MochaPanelSolidCanonico/widgets/checkmarks.svgz
A	ativo/calamares/payload/tema-completo/plasma/desktoptheme/MochaPanelSolidCanonico/widgets/clock.svgz
A	ativo/calamares/payload/tema-completo/plasma/desktoptheme/MochaPanelSolidCanonico/widgets/configuration-icons.svgz
A	ativo/calamares/payload/tema-completo/plasma/desktoptheme/MochaPanelSolidCanonico/widgets/containment-controls.svgz
A	ativo/calamares/payload/tema-completo/plasma/desktoptheme/MochaPanelSolidCanonico/widgets/dragger.svgz
A	ativo/calamares/payload/tema-completo/plasma/desktoptheme/MochaPanelSolidCanonico/widgets/frame.svgz
A	ativo/calamares/payload/tema-completo/plasma/desktoptheme/MochaPanelSolidCanonico/widgets/glowbar.svgz
A	ativo/calamares/payload/tema-completo/plasma/desktoptheme/MochaPanelSolidCanonico/widgets/line.svgz
A	ativo/calamares/payload/tema-completo/plasma/desktoptheme/MochaPanelSolidCanonico/widgets/lineedit.svgz
A	ativo/calamares/payload/tema-completo/plasma/desktoptheme/MochaPanelSolidCanonico/widgets/listitem.svgz
A	ativo/calamares/payload/tema-completo/plasma/desktoptheme/MochaPanelSolidCanonico/widgets/margins-highlight.svgz
A	ativo/calamares/payload/tema-completo/plasma/desktoptheme/MochaPanelSolidCanonico/widgets/media-delegate.svgz
A	ativo/calamares/payload/tema-completo/plasma/desktoptheme/MochaPanelSolidCanonico/widgets/menubaritem.svgz
A	ativo/calamares/payload/tema-completo/plasma/desktoptheme/MochaPanelSolidCanonico/widgets/monitor.svgz
A	ativo/calamares/payload/tema-completo/plasma/desktoptheme/MochaPanelSolidCanonico/widgets/notes.svgz
A	ativo/calamares/payload/tema-completo/plasma/desktoptheme/MochaPanelSolidCanonico/widgets/pager.svgz
A	ativo/calamares/payload/tema-completo/plasma/desktoptheme/MochaPanelSolidCanonico/widgets/panel-background.svgz
A	ativo/calamares/payload/tema-completo/plasma/desktoptheme/MochaPanelSolidCanonico/widgets/picker.svgz
A	ativo/calamares/payload/tema-completo/plasma/desktoptheme/MochaPanelSolidCanonico/widgets/plasmoidheading.svgz
A	ativo/calamares/payload/tema-completo/plasma/desktoptheme/MochaPanelSolidCanonico/widgets/plot-background.svgz
A	ativo/calamares/payload/tema-completo/plasma/desktoptheme/MochaPanelSolidCanonico/widgets/radiobutton.svgz
A	ativo/calamares/payload/tema-completo/plasma/desktoptheme/MochaPanelSolidCanonico/widgets/scrollbar.svgz
A	ativo/calamares/payload/tema-completo/plasma/desktoptheme/MochaPanelSolidCanonico/widgets/scrollwidget.svgz
A	ativo/calamares/payload/tema-completo/plasma/desktoptheme/MochaPanelSolidCanonico/widgets/slider.svgz
A	ativo/calamares/payload/tema-completo/plasma/desktoptheme/MochaPanelSolidCanonico/widgets/switch.svgz
A	ativo/calamares/payload/tema-completo/plasma/desktoptheme/MochaPanelSolidCanonico/widgets/tabbar.svgz
A	ativo/calamares/payload/tema-completo/plasma/desktoptheme/MochaPanelSolidCanonico/widgets/tasks.svgz
A	ativo/calamares/payload/tema-completo/plasma/desktoptheme/MochaPanelSolidCanonico/widgets/toolbar.svgz
A	ativo/calamares/payload/tema-completo/plasma/desktoptheme/MochaPanelSolidCanonico/widgets/tooltip.svgz
A	ativo/calamares/payload/tema-completo/plasma/desktoptheme/MochaPanelSolidCanonico/widgets/translucentbackground.svgz
A	ativo/calamares/payload/tema-completo/plasma/desktoptheme/MochaPanelSolidCanonico/widgets/viewitem.svgz
A	ativo/calamares/payload/tema-completo/usr/local/bin/mocha-steam-client-tcp
A	ativo/calamares/payload/tema-completo/usr/local/bin/mocha-steam-game-run
A	ativo/calamares/payload/tema-completo/usr/share/backgrounds/mocha/mocha-lockscreen-20260628-194520.png
A	ativo/calamares/payload/tema-completo/wallpaper/mocha-wallpaper-canonico.png
A	ativo/calamares/payload/usr/local/bin/mocha-steam-game-run
A	ativo/calamares/payload/wallpaper/Wall.png
A	ativo/calamares/scripts/mocha-finaliza-tema-completo-usuarios.sh
A	calamares/base-calam-arch-installer-2026-06/usr/lib/calamares/mocha/mocha-calamares-finalize-target.sh
A	calamares/base-calam-arch-installer-2026-06/usr/share/calamares/modules/shellprocess_mocha_finaliza_usuario.conf
M	calamares/base-calam-arch-installer-2026-06/usr/share/calamares/modules/users.conf
A	calamares/base-calam-arch-installer-2026-06/usr/share/calamares/scripts/mocha-finaliza-usuario-instalado.sh
M	calamares/base-calam-arch-installer-2026-06/usr/share/calamares/settings.conf
A	calamares/identidade/extracao-identidade-calamares-mocha-20260605-153953/origem-airootfs/etc-calamares/modules/shellprocess_mocha_finaliza_usuario.conf
M	calamares/identidade/extracao-identidade-calamares-mocha-20260605-153953/origem-airootfs/etc-calamares/modules/users.conf
A	calamares/identidade/extracao-identidade-calamares-mocha-20260605-153953/origem-airootfs/etc-calamares/scripts/mocha-finaliza-usuario-instalado.sh
M	calamares/identidade/extracao-identidade-calamares-mocha-20260605-153953/origem-airootfs/etc-calamares/settings.conf
A	calamares/identidade/extracao-identidade-calamares-mocha-20260605-153953/origem-airootfs/usr-share-calamares/modules/shellprocess_mocha_finaliza_usuario.conf
M	calamares/identidade/extracao-identidade-calamares-mocha-20260605-153953/origem-airootfs/usr-share-calamares/modules/users.conf
A	calamares/identidade/extracao-identidade-calamares-mocha-20260605-153953/origem-airootfs/usr-share-calamares/scripts/mocha-finaliza-usuario-instalado.sh
M	calamares/identidade/extracao-identidade-calamares-mocha-20260605-153953/origem-airootfs/usr-share-calamares/settings.conf
A	calamares/identidade/extracao-identidade-calamares-mocha-20260605-153953/textos/etc-calamares/modules/shellprocess_mocha_finaliza_usuario.conf
M	calamares/identidade/extracao-identidade-calamares-mocha-20260605-153953/textos/etc-calamares/modules/users.conf
A	calamares/identidade/extracao-identidade-calamares-mocha-20260605-153953/textos/etc-calamares/scripts/mocha-finaliza-usuario-instalado.sh
M	calamares/identidade/extracao-identidade-calamares-mocha-20260605-153953/textos/etc-calamares/settings.conf
A	calamares/identidade/extracao-identidade-calamares-mocha-20260605-153953/textos/usr-share-calamares/modules/shellprocess_mocha_finaliza_usuario.conf
M	calamares/identidade/extracao-identidade-calamares-mocha-20260605-153953/textos/usr-share-calamares/modules/users.conf
A	calamares/identidade/extracao-identidade-calamares-mocha-20260605-153953/textos/usr-share-calamares/scripts/mocha-finaliza-usuario-instalado.sh
M	calamares/identidade/extracao-identidade-calamares-mocha-20260605-153953/textos/usr-share-calamares/settings.conf
A	calamares/identidade/extracao-identidade-calamares-mocha-20260605-153953/yaml-configs/etc-calamares/modules/shellprocess_mocha_finaliza_usuario.conf
A	calamares/identidade/extracao-identidade-calamares-mocha-20260605-153953/yaml-configs/etc-calamares/scripts/mocha-finaliza-usuario-instalado.sh
M	calamares/identidade/extracao-identidade-calamares-mocha-20260605-153953/yaml-configs/etc-calamares/settings.conf
A	calamares/identidade/extracao-identidade-calamares-mocha-20260605-153953/yaml-configs/usr-share-calamares/modules/shellprocess_mocha_finaliza_usuario.conf
A	calamares/identidade/extracao-identidade-calamares-mocha-20260605-153953/yaml-configs/usr-share-calamares/scripts/mocha-finaliza-usuario-instalado.sh
M	calamares/identidade/extracao-identidade-calamares-mocha-20260605-153953/yaml-configs/usr-share-calamares/settings.conf
A	calamares/mocha-calamares/etc/calamares/modules/shellprocess_mocha_finaliza_usuario.conf
M	calamares/mocha-calamares/etc/calamares/modules/users.conf
A	calamares/mocha-calamares/etc/calamares/scripts/mocha-finaliza-usuario-instalado.sh
M	calamares/mocha-calamares/etc/calamares/settings.conf
A	calamares/mocha-calamares/etc/skel/Desktop/Atualizar ou Reinstalar Kernel e Driver Mocha.desktop
A	"calamares/mocha-calamares/etc/skel/\303\201rea de trabalho/Atualizar ou Reinstalar Kernel e Driver Mocha.desktop"
A	calamares/mocha-calamares/home/mocha/Desktop/Atualizar ou Reinstalar Kernel e Driver Mocha.desktop
A	"calamares/mocha-calamares/home/mocha/\303\201rea de trabalho/Atualizar ou Reinstalar Kernel e Driver Mocha.desktop"
A	calamares/mocha-calamares/usr/lib/calamares/mocha/mocha-calamares-finalize-target.sh
A	calamares/mocha-calamares/usr/local/bin/mocha-kernel-driver-updater
A	calamares/origem-calam-arch-installer-2026-06-20260605-112415/usr/lib/calamares/mocha/mocha-calamares-finalize-target.sh
A	calamares/origem-calam-arch-installer-2026-06-20260605-112415/usr/share/calamares/modules/shellprocess_mocha_finaliza_usuario.conf
M	calamares/origem-calam-arch-installer-2026-06-20260605-112415/usr/share/calamares/modules/users.conf
A	calamares/origem-calam-arch-installer-2026-06-20260605-112415/usr/share/calamares/scripts/mocha-finaliza-usuario-instalado.sh
M	calamares/origem-calam-arch-installer-2026-06-20260605-112415/usr/share/calamares/settings.conf
A	calamares/trabalho-mocha-calamares-20260605-112806/usr/lib/calamares/mocha/mocha-calamares-finalize-target.sh
A	calamares/trabalho-mocha-calamares-20260605-112806/usr/share/calamares/modules/shellprocess_mocha_finaliza_usuario.conf
M	calamares/trabalho-mocha-calamares-20260605-112806/usr/share/calamares/modules/users.conf
A	calamares/trabalho-mocha-calamares-20260605-112806/usr/share/calamares/scripts/mocha-finaliza-usuario-instalado.sh
M	calamares/trabalho-mocha-calamares-20260605-112806/usr/share/calamares/settings.conf
[main d67b3b3] calamares: adiciona finalizador e ajustes do usuario instalado
 478 files changed, 5437 insertions(+), 32 deletions(-)
 create mode 100644 ativo/calamares/MANUAL-CALAMARES-MOCHA.md
 create mode 100755 ativo/calamares/payload/etc/skel/.local/bin/mocha-steam-game-run
 create mode 100644 ativo/calamares/payload/gamer/flatpak-packages.txt
 create mode 100644 ativo/calamares/payload/gamer/pacman-packages.txt
 create mode 100644 ativo/calamares/payload/kde/skel/.config/dolphinrc
 create mode 100644 ativo/calamares/payload/kde/skel/.config/gtkrc
 create mode 100644 ativo/calamares/payload/kde/skel/.config/gtkrc-2.0
 create mode 100644 ativo/calamares/payload/kde/skel/.config/kdeglobals
 create mode 100644 ativo/calamares/payload/kde/skel/.config/konsolerc
 create mode 100644 ativo/calamares/payload/kde/skel/.config/kscreenlockerrc
 create mode 100644 ativo/calamares/payload/kde/skel/.config/ksmserverrc
 create mode 100644 ativo/calamares/payload/kde/skel/.config/kwinrc
 create mode 100644 ativo/calamares/payload/kde/skel/.config/plasma-localerc
 create mode 100644 ativo/calamares/payload/kde/skel/.config/plasma-org.kde.plasma.desktop-appletsrc
 create mode 100644 ativo/calamares/payload/kde/skel/.config/plasmarc
 create mode 100644 ativo/calamares/payload/kde/skel/.local/share/color-schemes/color-schemes/Mocha-Windows11.colors
 create mode 100644 ativo/calamares/payload/kde/skel/.local/share/color-schemes/color-schemes/MochaDark.colors
 create mode 100644 ativo/calamares/payload/kde/skel/.local/share/color-schemes/color-schemes/MochaKDE.colors
 create mode 100644 ativo/calamares/payload/kde/skel/.local/share/color-schemes/color-schemes/MochaSolidCanonico.colors
 create mode 100644 ativo/calamares/payload/kde/skel/.local/share/plasma/plasma/desktoptheme/Mocha-Solid-Canonico/colors
 create mode 100644 ativo/calamares/payload/kde/skel/.local/share/plasma/plasma/desktoptheme/Mocha-Solid-Canonico/dialogs/background.svgz
 create mode 100644 ativo/calamares/payload/kde/skel/.local/share/plasma/plasma/desktoptheme/Mocha-Solid-Canonico/icons/akonadi.svgz
 create mode 100644 ativo/calamares/payload/kde/skel/.local/share/plasma/plasma/desktoptheme/Mocha-Solid-Canonico/icons/akregator.svgz
 create mode 100644 ativo/calamares/payload/kde/skel/.local/share/plasma/plasma/desktoptheme/Mocha-Solid-Canonico/icons/amarok.svgz
 create mode 100644 ativo/calamares/payload/kde/skel/.local/share/plasma/plasma/desktoptheme/Mocha-Solid-Canonico/icons/applications.svgz
 create mode 100644 ativo/calamares/payload/kde/skel/.local/share/plasma/plasma/desktoptheme/Mocha-Solid-Canonico/icons/apport.svgz
 create mode 100644 ativo/calamares/payload/kde/skel/.local/share/plasma/plasma/desktoptheme/Mocha-Solid-Canonico/icons/audio.svgz
 create mode 100644 ativo/calamares/payload/kde/skel/.local/share/plasma/plasma/desktoptheme/Mocha-Solid-Canonico/icons/battery.svgz
 create mode 100644 ativo/calamares/payload/kde/skel/.local/share/plasma/plasma/desktoptheme/Mocha-Solid-Canonico/icons/bookmarks.svgz
 create mode 100644 ativo/calamares/payload/kde/skel/.local/share/plasma/plasma/desktoptheme/Mocha-Solid-Canonico/icons/cantata.svgz
 create mode 100644 ativo/calamares/payload/kde/skel/.local/share/plasma/plasma/desktoptheme/Mocha-Solid-Canonico/icons/computer.svgz
 create mode 100644 ativo/calamares/payload/kde/skel/.local/share/plasma/plasma/desktoptheme/Mocha-Solid-Canonico/icons/configure.svgz
 create mode 100644 ativo/calamares/payload/kde/skel/.local/share/plasma/plasma/desktoptheme/Mocha-Solid-Canonico/icons/device.svgz
 create mode 100644 ativo/calamares/payload/kde/skel/.local/share/plasma/plasma/desktoptheme/Mocha-Solid-Canonico/icons/disk.svgz
 create mode 100644 ativo/calamares/payload/kde/skel/.local/share/plasma/plasma/desktoptheme/Mocha-Solid-Canonico/icons/distribute.svgz
 create mode 100644 ativo/calamares/payload/kde/skel/.local/share/plasma/plasma/desktoptheme/Mocha-Solid-Canonico/icons/document.svgz
 create mode 100644 ativo/calamares/payload/kde/skel/.local/share/plasma/plasma/desktoptheme/Mocha-Solid-Canonico/icons/drive.svgz
 create mode 100644 ativo/calamares/payload/kde/skel/.local/share/plasma/plasma/desktoptheme/Mocha-Solid-Canonico/icons/edit.svgz
 create mode 100644 ativo/calamares/payload/kde/skel/.local/share/plasma/plasma/desktoptheme/Mocha-Solid-Canonico/icons/fcitx.svgz
 create mode 100644 ativo/calamares/payload/kde/skel/.local/share/plasma/plasma/desktoptheme/Mocha-Solid-Canonico/icons/go.svgz
 create mode 100644 ativo/calamares/payload/kde/skel/.local/share/plasma/plasma/desktoptheme/Mocha-Solid-Canonico/icons/ime.svgz
 create mode 100644 ativo/calamares/payload/kde/skel/.local/share/plasma/plasma/desktoptheme/Mocha-Solid-Canonico/icons/input.svgz
 create mode 100644 ativo/calamares/payload/kde/skel/.local/share/plasma/plasma/desktoptheme/Mocha-Solid-Canonico/icons/kalarm.svgz
 create mode 100644 ativo/calamares/payload/kde/skel/.local/share/plasma/plasma/desktoptheme/Mocha-Solid-Canonico/icons/kdeconnect.svgz
 create mode 100644 ativo/calamares/payload/kde/skel/.local/share/plasma/plasma/desktoptheme/Mocha-Solid-Canonico/icons/keyboard.svgz
 create mode 100644 ativo/calamares/payload/kde/skel/.local/share/plasma/plasma/desktoptheme/Mocha-Solid-Canonico/icons/kget.svgz
 create mode 100644 ativo/calamares/payload/kde/skel/.local/share/plasma/plasma/desktoptheme/Mocha-Solid-Canonico/icons/kgpg.svgz
 create mode 100644 ativo/calamares/payload/kde/skel/.local/share/plasma/plasma/desktoptheme/Mocha-Solid-Canonico/icons/kleopatra.svgz
 create mode 100644 ativo/calamares/payload/kde/skel/.local/share/plasma/plasma/desktoptheme/Mocha-Solid-Canonico/icons/klipper.svgz
 create mode 100644 ativo/calamares/payload/kde/skel/.local/share/plasma/plasma/desktoptheme/Mocha-Solid-Canonico/icons/kmail.svgz
 create mode 100644 ativo/calamares/payload/kde/skel/.local/share/plasma/plasma/desktoptheme/Mocha-Solid-Canonico/icons/konv_message.svgz
 create mode 100644 ativo/calamares/payload/kde/skel/.local/share/plasma/plasma/desktoptheme/Mocha-Solid-Canonico/icons/konversation.svgz
 create mode 100644 ativo/calamares/payload/kde/skel/.local/share/plasma/plasma/desktoptheme/Mocha-Solid-Canonico/icons/kopete.svgz
 create mode 100644 ativo/calamares/payload/kde/skel/.local/share/plasma/plasma/desktoptheme/Mocha-Solid-Canonico/icons/korgac.svgz
 create mode 100644 ativo/calamares/payload/kde/skel/.local/share/plasma/plasma/desktoptheme/Mocha-Solid-Canonico/icons/kpackagekit.svgz
 create mode 100644 ativo/calamares/payload/kde/skel/.local/share/plasma/plasma/desktoptheme/Mocha-Solid-Canonico/icons/kruler.svgz
 create mode 100644 ativo/calamares/payload/kde/skel/.local/share/plasma/plasma/desktoptheme/Mocha-Solid-Canonico/icons/kteatime.svgz
 create mode 100644 ativo/calamares/payload/kde/skel/.local/share/plasma/plasma/desktoptheme/Mocha-Solid-Canonico/icons/ktorrent.svgz
 create mode 100644 ativo/calamares/payload/kde/skel/.local/share/plasma/plasma/desktoptheme/Mocha-Solid-Canonico/icons/kup.svgz
 create mode 100644 ativo/calamares/payload/kde/skel/.local/share/plasma/plasma/desktoptheme/Mocha-Solid-Canonico/icons/list.svgz
 create mode 100644 ativo/calamares/payload/kde/skel/.local/share/plasma/plasma/desktoptheme/Mocha-Solid-Canonico/icons/mail.svgz
 create mode 100644 ativo/calamares/payload/kde/skel/.local/share/plasma/plasma/desktoptheme/Mocha-Solid-Canonico/icons/media.svgz
 create mode 100644 ativo/calamares/payload/kde/skel/.local/share/plasma/plasma/desktoptheme/Mocha-Solid-Canonico/icons/mobile.svgz
 create mode 100644 ativo/calamares/payload/kde/skel/.local/share/plasma/plasma/desktoptheme/Mocha-Solid-Canonico/icons/network.svgz
 create mode 100644 ativo/calamares/payload/kde/skel/.local/share/plasma/plasma/desktoptheme/Mocha-Solid-Canonico/icons/notification.svgz
 create mode 100644 ativo/calamares/payload/kde/skel/.local/share/plasma/plasma/desktoptheme/Mocha-Solid-Canonico/icons/osd.svgz
 create mode 100644 ativo/calamares/payload/kde/skel/.local/share/plasma/plasma/desktoptheme/Mocha-Solid-Canonico/icons/phone.svgz
 create mode 100644 ativo/calamares/payload/kde/skel/.local/share/plasma/plasma/desktoptheme/Mocha-Solid-Canonico/icons/plasmavault.svgz
 create mode 100644 ativo/calamares/payload/kde/skel/.local/share/plasma/plasma/desktoptheme/Mocha-Solid-Canonico/icons/plasmavault_error.svgz
 create mode 100644 ativo/calamares/payload/kde/skel/.local/share/plasma/plasma/desktoptheme/Mocha-Solid-Canonico/icons/preferences.svgz
 create mode 100644 ativo/calamares/payload/kde/skel/.local/share/plasma/plasma/desktoptheme/Mocha-Solid-Canonico/icons/printer.svgz
 create mode 100644 ativo/calamares/payload/kde/skel/.local/share/plasma/plasma/desktoptheme/Mocha-Solid-Canonico/icons/quassel.svgz
 create mode 100644 ativo/calamares/payload/kde/skel/.local/share/plasma/plasma/desktoptheme/Mocha-Solid-Canonico/icons/search.svgz
 create mode 100644 ativo/calamares/payload/kde/skel/.local/share/plasma/plasma/desktoptheme/Mocha-Solid-Canonico/icons/slc.svgz
 create mode 100644 ativo/calamares/payload/kde/skel/.local/share/plasma/plasma/desktoptheme/Mocha-Solid-Canonico/icons/software.svgz
 create mode 100644 ativo/calamares/payload/kde/skel/.local/share/plasma/plasma/desktoptheme/Mocha-Solid-Canonico/icons/start.svgz
 create mode 100644 ativo/calamares/payload/kde/skel/.local/share/plasma/plasma/desktoptheme/Mocha-Solid-Canonico/icons/system.svgz
 create mode 100644 ativo/calamares/payload/kde/skel/.local/share/plasma/plasma/desktoptheme/Mocha-Solid-Canonico/icons/touchpad.svgz
 create mode 100644 ativo/calamares/payload/kde/skel/.local/share/plasma/plasma/desktoptheme/Mocha-Solid-Canonico/icons/user.svgz
 create mode 100644 ativo/calamares/payload/kde/skel/.local/share/plasma/plasma/desktoptheme/Mocha-Solid-Canonico/icons/video-card.svgz
 create mode 100644 ativo/calamares/payload/kde/skel/.local/share/plasma/plasma/desktoptheme/Mocha-Solid-Canonico/icons/video.svgz
 create mode 100644 ativo/calamares/payload/kde/skel/.local/share/plasma/plasma/desktoptheme/Mocha-Solid-Canonico/icons/view.svgz
 create mode 100644 ativo/calamares/payload/kde/skel/.local/share/plasma/plasma/desktoptheme/Mocha-Solid-Canonico/icons/vlc.svgz
 create mode 100644 ativo/calamares/payload/kde/skel/.local/share/plasma/plasma/desktoptheme/Mocha-Solid-Canonico/icons/wallet.svgz
 create mode 100644 ativo/calamares/payload/kde/skel/.local/share/plasma/plasma/desktoptheme/Mocha-Solid-Canonico/icons/window.svgz
 create mode 100644 ativo/calamares/payload/kde/skel/.local/share/plasma/plasma/desktoptheme/Mocha-Solid-Canonico/icons/yakuake.svgz
 create mode 100644 ativo/calamares/payload/kde/skel/.local/share/plasma/plasma/desktoptheme/Mocha-Solid-Canonico/icons/zoom.svgz
 create mode 100644 ativo/calamares/payload/kde/skel/.local/share/plasma/plasma/desktoptheme/Mocha-Solid-Canonico/metadata.desktop
 create mode 100644 ativo/calamares/payload/kde/skel/.local/share/plasma/plasma/desktoptheme/Mocha-Solid-Canonico/metadata.json
 create mode 100644 ativo/calamares/payload/kde/skel/.local/share/plasma/plasma/desktoptheme/Mocha-Solid-Canonico/opaque/dialogs/background.svgz
 create mode 100644 ativo/calamares/payload/kde/skel/.local/share/plasma/plasma/desktoptheme/Mocha-Solid-Canonico/opaque/widgets/panel-background.svgz
 create mode 100644 ativo/calamares/payload/kde/skel/.local/share/plasma/plasma/desktoptheme/Mocha-Solid-Canonico/opaque/widgets/tooltip.svgz
 create mode 100644 ativo/calamares/payload/kde/skel/.local/share/plasma/plasma/desktoptheme/Mocha-Solid-Canonico/plasmarc
 create mode 100644 ativo/calamares/payload/kde/skel/.local/share/plasma/plasma/desktoptheme/Mocha-Solid-Canonico/solid/dialogs/background.svgz
 create mode 100644 ativo/calamares/payload/kde/skel/.local/share/plasma/plasma/desktoptheme/Mocha-Solid-Canonico/solid/widgets/background.svgz
 create mode 100644 ativo/calamares/payload/kde/skel/.local/share/plasma/plasma/desktoptheme/Mocha-Solid-Canonico/solid/widgets/panel-background.svgz
 create mode 100644 ativo/calamares/payload/kde/skel/.local/share/plasma/plasma/desktoptheme/Mocha-Solid-Canonico/solid/widgets/tooltip.svgz
 create mode 100644 ativo/calamares/payload/kde/skel/.local/share/plasma/plasma/desktoptheme/Mocha-Solid-Canonico/translucent/dialogs/background.svgz
 create mode 100644 ativo/calamares/payload/kde/skel/.local/share/plasma/plasma/desktoptheme/Mocha-Solid-Canonico/translucent/widgets/background.svgz
 create mode 100644 ativo/calamares/payload/kde/skel/.local/share/plasma/plasma/desktoptheme/Mocha-Solid-Canonico/translucent/widgets/panel-background.svgz
 create mode 100644 ativo/calamares/payload/kde/skel/.local/share/plasma/plasma/desktoptheme/Mocha-Solid-Canonico/translucent/widgets/tooltip.svgz
 create mode 100644 ativo/calamares/payload/kde/skel/.local/share/plasma/plasma/desktoptheme/Mocha-Solid-Canonico/weather/wind-arrows.svgz
 create mode 100644 ativo/calamares/payload/kde/skel/.local/share/plasma/plasma/desktoptheme/Mocha-Solid-Canonico/widgets/action-overlays.svgz
 create mode 100644 ativo/calamares/payload/kde/skel/.local/share/plasma/plasma/desktoptheme/Mocha-Solid-Canonico/widgets/actionbutton.svgz
 create mode 100644 ativo/calamares/payload/kde/skel/.local/share/plasma/plasma/desktoptheme/Mocha-Solid-Canonico/widgets/analog_meter.svgz
 create mode 100644 ativo/calamares/payload/kde/skel/.local/share/plasma/plasma/desktoptheme/Mocha-Solid-Canonico/widgets/arrows.svgz
 create mode 100644 ativo/calamares/payload/kde/skel/.local/share/plasma/plasma/desktoptheme/Mocha-Solid-Canonico/widgets/background.svgz
 create mode 100644 ativo/calamares/payload/kde/skel/.local/share/plasma/plasma/desktoptheme/Mocha-Solid-Canonico/widgets/bar_meter_horizontal.svgz
 create mode 100644 ativo/calamares/payload/kde/skel/.local/share/plasma/plasma/desktoptheme/Mocha-Solid-Canonico/widgets/bar_meter_vertical.svgz
 create mode 100644 ativo/calamares/payload/kde/skel/.local/share/plasma/plasma/desktoptheme/Mocha-Solid-Canonico/widgets/branding.svgz
 create mode 100644 ativo/calamares/payload/kde/skel/.local/share/plasma/plasma/desktoptheme/Mocha-Solid-Canonico/widgets/busywidget.svgz
 create mode 100644 ativo/calamares/payload/kde/skel/.local/share/plasma/plasma/desktoptheme/Mocha-Solid-Canonico/widgets/button.svgz
 create mode 100644 ativo/calamares/payload/kde/skel/.local/share/plasma/plasma/desktoptheme/Mocha-Solid-Canonico/widgets/calendar.svgz
 create mode 100644 ativo/calamares/payload/kde/skel/.local/share/plasma/plasma/desktoptheme/Mocha-Solid-Canonico/widgets/checkmarks.svgz
 create mode 100644 ativo/calamares/payload/kde/skel/.local/share/plasma/plasma/desktoptheme/Mocha-Solid-Canonico/widgets/clock.svgz
 create mode 100644 ativo/calamares/payload/kde/skel/.local/share/plasma/plasma/desktoptheme/Mocha-Solid-Canonico/widgets/configuration-icons.svgz
 create mode 100644 ativo/calamares/payload/kde/skel/.local/share/plasma/plasma/desktoptheme/Mocha-Solid-Canonico/widgets/containment-controls.svgz
 create mode 100644 ativo/calamares/payload/kde/skel/.local/share/plasma/plasma/desktoptheme/Mocha-Solid-Canonico/widgets/dragger.svgz
 create mode 100644 ativo/calamares/payload/kde/skel/.local/share/plasma/plasma/desktoptheme/Mocha-Solid-Canonico/widgets/frame.svgz
 create mode 100644 ativo/calamares/payload/kde/skel/.local/share/plasma/plasma/desktoptheme/Mocha-Solid-Canonico/widgets/glowbar.svgz
 create mode 100644 ativo/calamares/payload/kde/skel/.local/share/plasma/plasma/desktoptheme/Mocha-Solid-Canonico/widgets/line.svgz
 create mode 100644 ativo/calamares/payload/kde/skel/.local/share/plasma/plasma/desktoptheme/Mocha-Solid-Canonico/widgets/lineedit.svgz
 create mode 100644 ativo/calamares/payload/kde/skel/.local/share/plasma/plasma/desktoptheme/Mocha-Solid-Canonico/widgets/listitem.svgz
 create mode 100644 ativo/calamares/payload/kde/skel/.local/share/plasma/plasma/desktoptheme/Mocha-Solid-Canonico/widgets/margins-highlight.svgz
 create mode 100644 ativo/calamares/payload/kde/skel/.local/share/plasma/plasma/desktoptheme/Mocha-Solid-Canonico/widgets/media-delegate.svgz
 create mode 100644 ativo/calamares/payload/kde/skel/.local/share/plasma/plasma/desktoptheme/Mocha-Solid-Canonico/widgets/menubaritem.svgz
 create mode 100644 ativo/calamares/payload/kde/skel/.local/share/plasma/plasma/desktoptheme/Mocha-Solid-Canonico/widgets/monitor.svgz
 create mode 100644 ativo/calamares/payload/kde/skel/.local/share/plasma/plasma/desktoptheme/Mocha-Solid-Canonico/widgets/notes.svgz
 create mode 100644 ativo/calamares/payload/kde/skel/.local/share/plasma/plasma/desktoptheme/Mocha-Solid-Canonico/widgets/pager.svgz
 create mode 100644 ativo/calamares/payload/kde/skel/.local/share/plasma/plasma/desktoptheme/Mocha-Solid-Canonico/widgets/panel-background.svgz
 create mode 100644 ativo/calamares/payload/kde/skel/.local/share/plasma/plasma/desktoptheme/Mocha-Solid-Canonico/widgets/picker.svgz
 create mode 100644 ativo/calamares/payload/kde/skel/.local/share/plasma/plasma/desktoptheme/Mocha-Solid-Canonico/widgets/plasmoidheading.svgz
 create mode 100644 ativo/calamares/payload/kde/skel/.local/share/plasma/plasma/desktoptheme/Mocha-Solid-Canonico/widgets/plot-background.svgz
 create mode 100644 ativo/calamares/payload/kde/skel/.local/share/plasma/plasma/desktoptheme/Mocha-Solid-Canonico/widgets/radiobutton.svgz
 create mode 100644 ativo/calamares/payload/kde/skel/.local/share/plasma/plasma/desktoptheme/Mocha-Solid-Canonico/widgets/scrollbar.svgz
 create mode 100644 ativo/calamares/payload/kde/skel/.local/share/plasma/plasma/desktoptheme/Mocha-Solid-Canonico/widgets/scrollwidget.svgz
 create mode 100644 ativo/calamares/payload/kde/skel/.local/share/plasma/plasma/desktoptheme/Mocha-Solid-Canonico/widgets/slider.svgz
 create mode 100644 ativo/calamares/payload/kde/skel/.local/share/plasma/plasma/desktoptheme/Mocha-Solid-Canonico/widgets/switch.svgz
 create mode 100644 ativo/calamares/payload/kde/skel/.local/share/plasma/plasma/desktoptheme/Mocha-Solid-Canonico/widgets/tabbar.svgz
 create mode 100644 ativo/calamares/payload/kde/skel/.local/share/plasma/plasma/desktoptheme/Mocha-Solid-Canonico/widgets/tasks.svgz
 create mode 100644 ativo/calamares/payload/kde/skel/.local/share/plasma/plasma/desktoptheme/Mocha-Solid-Canonico/widgets/timer.svgz
 create mode 100644 ativo/calamares/payload/kde/skel/.local/share/plasma/plasma/desktoptheme/Mocha-Solid-Canonico/widgets/toolbar.svgz
 create mode 100644 ativo/calamares/payload/kde/skel/.local/share/plasma/plasma/desktoptheme/Mocha-Solid-Canonico/widgets/tooltip.svgz
 create mode 100644 ativo/calamares/payload/kde/skel/.local/share/plasma/plasma/desktoptheme/Mocha-Solid-Canonico/widgets/translucentbackground.svgz
 create mode 100644 ativo/calamares/payload/kde/skel/.local/share/plasma/plasma/desktoptheme/Mocha-Solid-Canonico/widgets/viewitem.svgz
 create mode 100644 ativo/calamares/payload/kde/skel/.local/share/plasma/plasma/desktoptheme/MochaPanelSolidCanonico/colors
 create mode 100644 ativo/calamares/payload/kde/skel/.local/share/plasma/plasma/desktoptheme/MochaPanelSolidCanonico/dialogs/background.svgz
 create mode 100644 ativo/calamares/payload/kde/skel/.local/share/plasma/plasma/desktoptheme/MochaPanelSolidCanonico/icons/akonadi.svgz
 create mode 100644 ativo/calamares/payload/kde/skel/.local/share/plasma/plasma/desktoptheme/MochaPanelSolidCanonico/icons/akregator.svgz
 create mode 100644 ativo/calamares/payload/kde/skel/.local/share/plasma/plasma/desktoptheme/MochaPanelSolidCanonico/icons/amarok.svgz
 create mode 100644 ativo/calamares/payload/kde/skel/.local/share/plasma/plasma/desktoptheme/MochaPanelSolidCanonico/icons/applications.svgz
 create mode 100644 ativo/calamares/payload/kde/skel/.local/share/plasma/plasma/desktoptheme/MochaPanelSolidCanonico/icons/apport.svgz
 create mode 100644 ativo/calamares/payload/kde/skel/.local/share/plasma/plasma/desktoptheme/MochaPanelSolidCanonico/icons/audio.svgz
 create mode 100644 ativo/calamares/payload/kde/skel/.local/share/plasma/plasma/desktoptheme/MochaPanelSolidCanonico/icons/battery.svgz
 create mode 100644 ativo/calamares/payload/kde/skel/.local/share/plasma/plasma/desktoptheme/MochaPanelSolidCanonico/icons/bookmarks.svgz
 create mode 100644 ativo/calamares/payload/kde/skel/.local/share/plasma/plasma/desktoptheme/MochaPanelSolidCanonico/icons/cantata.svgz
 create mode 100644 ativo/calamares/payload/kde/skel/.local/share/plasma/plasma/desktoptheme/MochaPanelSolidCanonico/icons/computer.svgz
 create mode 100644 ativo/calamares/payload/kde/skel/.local/share/plasma/plasma/desktoptheme/MochaPanelSolidCanonico/icons/configure.svgz
 create mode 100644 ativo/calamares/payload/kde/skel/.local/share/plasma/plasma/desktoptheme/MochaPanelSolidCanonico/icons/device.svgz
 create mode 100644 ativo/calamares/payload/kde/skel/.local/share/plasma/plasma/desktoptheme/MochaPanelSolidCanonico/icons/disk.svgz
 create mode 100644 ativo/calamares/payload/kde/skel/.local/share/plasma/plasma/desktoptheme/MochaPanelSolidCanonico/icons/distribute.svgz
 create mode 100644 ativo/calamares/payload/kde/skel/.local/share/plasma/plasma/desktoptheme/MochaPanelSolidCanonico/icons/document.svgz
 create mode 100644 ativo/calamares/payload/kde/skel/.local/share/plasma/plasma/desktoptheme/MochaPanelSolidCanonico/icons/drive.svgz
 create mode 100644 ativo/calamares/payload/kde/skel/.local/share/plasma/plasma/desktoptheme/MochaPanelSolidCanonico/icons/edit.svgz
 create mode 100644 ativo/calamares/payload/kde/skel/.local/share/plasma/plasma/desktoptheme/MochaPanelSolidCanonico/icons/fcitx.svgz
 create mode 100644 ativo/calamares/payload/kde/skel/.local/share/plasma/plasma/desktoptheme/MochaPanelSolidCanonico/icons/go.svgz
 create mode 100644 ativo/calamares/payload/kde/skel/.local/share/plasma/plasma/desktoptheme/MochaPanelSolidCanonico/icons/ime.svgz
 create mode 100644 ativo/calamares/payload/kde/skel/.local/share/plasma/plasma/desktoptheme/MochaPanelSolidCanonico/icons/input.svgz
 create mode 100644 ativo/calamares/payload/kde/skel/.local/share/plasma/plasma/desktoptheme/MochaPanelSolidCanonico/icons/kalarm.svgz
 create mode 100644 ativo/calamares/payload/kde/skel/.local/share/plasma/plasma/desktoptheme/MochaPanelSolidCanonico/icons/kdeconnect.svgz
 create mode 100644 ativo/calamares/payload/kde/skel/.local/share/plasma/plasma/desktoptheme/MochaPanelSolidCanonico/icons/keyboard.svgz
 create mode 100644 ativo/calamares/payload/kde/skel/.local/share/plasma/plasma/desktoptheme/MochaPanelSolidCanonico/icons/kget.svgz
 create mode 100644 ativo/calamares/payload/kde/skel/.local/share/plasma/plasma/desktoptheme/MochaPanelSolidCanonico/icons/kgpg.svgz
 create mode 100644 ativo/calamares/payload/kde/skel/.local/share/plasma/plasma/desktoptheme/MochaPanelSolidCanonico/icons/kleopatra.svgz
 create mode 100644 ativo/calamares/payload/kde/skel/.local/share/plasma/plasma/desktoptheme/MochaPanelSolidCanonico/icons/klipper.svgz
 create mode 100644 ativo/calamares/payload/kde/skel/.local/share/plasma/plasma/desktoptheme/MochaPanelSolidCanonico/icons/kmail.svgz
 create mode 100644 ativo/calamares/payload/kde/skel/.local/share/plasma/plasma/desktoptheme/MochaPanelSolidCanonico/icons/konv_message.svgz
 create mode 100644 ativo/calamares/payload/kde/skel/.local/share/plasma/plasma/desktoptheme/MochaPanelSolidCanonico/icons/konversation.svgz
 create mode 100644 ativo/calamares/payload/kde/skel/.local/share/plasma/plasma/desktoptheme/MochaPanelSolidCanonico/icons/kopete.svgz
 create mode 100644 ativo/calamares/payload/kde/skel/.local/share/plasma/plasma/desktoptheme/MochaPanelSolidCanonico/icons/korgac.svgz
 create mode 100644 ativo/calamares/payload/kde/skel/.local/share/plasma/plasma/desktoptheme/MochaPanelSolidCanonico/icons/kpackagekit.svgz
 create mode 100644 ativo/calamares/payload/kde/skel/.local/share/plasma/plasma/desktoptheme/MochaPanelSolidCanonico/icons/kruler.svgz
 create mode 100644 ativo/calamares/payload/kde/skel/.local/share/plasma/plasma/desktoptheme/MochaPanelSolidCanonico/icons/kteatime.svgz
 create mode 100644 ativo/calamares/payload/kde/skel/.local/share/plasma/plasma/desktoptheme/MochaPanelSolidCanonico/icons/ktorrent.svgz
 create mode 100644 ativo/calamares/payload/kde/skel/.local/share/plasma/plasma/desktoptheme/MochaPanelSolidCanonico/icons/kup.svgz
 create mode 100644 ativo/calamares/payload/kde/skel/.local/share/plasma/plasma/desktoptheme/MochaPanelSolidCanonico/icons/list.svgz
 create mode 100644 ativo/calamares/payload/kde/skel/.local/share/plasma/plasma/desktoptheme/MochaPanelSolidCanonico/icons/mail.svgz
 create mode 100644 ativo/calamares/payload/kde/skel/.local/share/plasma/plasma/desktoptheme/MochaPanelSolidCanonico/icons/media.svgz
 create mode 100644 ativo/calamares/payload/kde/skel/.local/share/plasma/plasma/desktoptheme/MochaPanelSolidCanonico/icons/mobile.svgz
 create mode 100644 ativo/calamares/payload/kde/skel/.local/share/plasma/plasma/desktoptheme/MochaPanelSolidCanonico/icons/network.svgz
 create mode 100644 ativo/calamares/payload/kde/skel/.local/share/plasma/plasma/desktoptheme/MochaPanelSolidCanonico/icons/notification.svgz
 create mode 100644 ativo/calamares/payload/kde/skel/.local/share/plasma/plasma/desktoptheme/MochaPanelSolidCanonico/icons/osd.svgz
 create mode 100644 ativo/calamares/payload/kde/skel/.local/share/plasma/plasma/desktoptheme/MochaPanelSolidCanonico/icons/phone.svgz
 create mode 100644 ativo/calamares/payload/kde/skel/.local/share/plasma/plasma/desktoptheme/MochaPanelSolidCanonico/icons/plasmavault.svgz
 create mode 100644 ativo/calamares/payload/kde/skel/.local/share/plasma/plasma/desktoptheme/MochaPanelSolidCanonico/icons/plasmavault_error.svgz
 create mode 100644 ativo/calamares/payload/kde/skel/.local/share/plasma/plasma/desktoptheme/MochaPanelSolidCanonico/icons/preferences.svgz
 create mode 100644 ativo/calamares/payload/kde/skel/.local/share/plasma/plasma/desktoptheme/MochaPanelSolidCanonico/icons/printer.svgz
 create mode 100644 ativo/calamares/payload/kde/skel/.local/share/plasma/plasma/desktoptheme/MochaPanelSolidCanonico/icons/quassel.svgz
 create mode 100644 ativo/calamares/payload/kde/skel/.local/share/plasma/plasma/desktoptheme/MochaPanelSolidCanonico/icons/search.svgz
 create mode 100644 ativo/calamares/payload/kde/skel/.local/share/plasma/plasma/desktoptheme/MochaPanelSolidCanonico/icons/slc.svgz
 create mode 100644 ativo/calamares/payload/kde/skel/.local/share/plasma/plasma/desktoptheme/MochaPanelSolidCanonico/icons/software.svgz
 create mode 100644 ativo/calamares/payload/kde/skel/.local/share/plasma/plasma/desktoptheme/MochaPanelSolidCanonico/icons/start.svgz
 create mode 100644 ativo/calamares/payload/kde/skel/.local/share/plasma/plasma/desktoptheme/MochaPanelSolidCanonico/icons/system.svgz
 create mode 100644 ativo/calamares/payload/kde/skel/.local/share/plasma/plasma/desktoptheme/MochaPanelSolidCanonico/icons/touchpad.svgz
 create mode 100644 ativo/calamares/payload/kde/skel/.local/share/plasma/plasma/desktoptheme/MochaPanelSolidCanonico/icons/user.svgz
 create mode 100644 ativo/calamares/payload/kde/skel/.local/share/plasma/plasma/desktoptheme/MochaPanelSolidCanonico/icons/video-card.svgz
 create mode 100644 ativo/calamares/payload/kde/skel/.local/share/plasma/plasma/desktoptheme/MochaPanelSolidCanonico/icons/video.svgz
 create mode 100644 ativo/calamares/payload/kde/skel/.local/share/plasma/plasma/desktoptheme/MochaPanelSolidCanonico/icons/view.svgz
 create mode 100644 ativo/calamares/payload/kde/skel/.local/share/plasma/plasma/desktoptheme/MochaPanelSolidCanonico/icons/vlc.svgz
 create mode 100644 ativo/calamares/payload/kde/skel/.local/share/plasma/plasma/desktoptheme/MochaPanelSolidCanonico/icons/wallet.svgz
 create mode 100644 ativo/calamares/payload/kde/skel/.local/share/plasma/plasma/desktoptheme/MochaPanelSolidCanonico/icons/window.svgz
 create mode 100644 ativo/calamares/payload/kde/skel/.local/share/plasma/plasma/desktoptheme/MochaPanelSolidCanonico/icons/yakuake.svgz
 create mode 100644 ativo/calamares/payload/kde/skel/.local/share/plasma/plasma/desktoptheme/MochaPanelSolidCanonico/icons/zoom.svgz
 create mode 100644 ativo/calamares/payload/kde/skel/.local/share/plasma/plasma/desktoptheme/MochaPanelSolidCanonico/metadata.desktop
 create mode 100644 ativo/calamares/payload/kde/skel/.local/share/plasma/plasma/desktoptheme/MochaPanelSolidCanonico/metadata.json
 create mode 100644 ativo/calamares/payload/kde/skel/.local/share/plasma/plasma/desktoptheme/MochaPanelSolidCanonico/opaque/dialogs/background.svgz
 create mode 100644 ativo/calamares/payload/kde/skel/.local/share/plasma/plasma/desktoptheme/MochaPanelSolidCanonico/opaque/widgets/panel-background.svgz
 create mode 100644 ativo/calamares/payload/kde/skel/.local/share/plasma/plasma/desktoptheme/MochaPanelSolidCanonico/opaque/widgets/tooltip.svgz
 create mode 100644 ativo/calamares/payload/kde/skel/.local/share/plasma/plasma/desktoptheme/MochaPanelSolidCanonico/plasmarc
 create mode 100644 ativo/calamares/payload/kde/skel/.local/share/plasma/plasma/desktoptheme/MochaPanelSolidCanonico/solid/dialogs/background.svgz
 create mode 100644 ativo/calamares/payload/kde/skel/.local/share/plasma/plasma/desktoptheme/MochaPanelSolidCanonico/solid/widgets/background.svgz
 create mode 100644 ativo/calamares/payload/kde/skel/.local/share/plasma/plasma/desktoptheme/MochaPanelSolidCanonico/solid/widgets/panel-background.svgz
 create mode 100644 ativo/calamares/payload/kde/skel/.local/share/plasma/plasma/desktoptheme/MochaPanelSolidCanonico/solid/widgets/tooltip.svgz
 create mode 100644 ativo/calamares/payload/kde/skel/.local/share/plasma/plasma/desktoptheme/MochaPanelSolidCanonico/translucent/dialogs/background.svgz
 create mode 100644 ativo/calamares/payload/kde/skel/.local/share/plasma/plasma/desktoptheme/MochaPanelSolidCanonico/translucent/widgets/background.svgz
 create mode 100644 ativo/calamares/payload/kde/skel/.local/share/plasma/plasma/desktoptheme/MochaPanelSolidCanonico/translucent/widgets/panel-background.svgz
 create mode 100644 ativo/calamares/payload/kde/skel/.local/share/plasma/plasma/desktoptheme/MochaPanelSolidCanonico/translucent/widgets/tooltip.svgz
 create mode 100644 ativo/calamares/payload/kde/skel/.local/share/plasma/plasma/desktoptheme/MochaPanelSolidCanonico/widgets/action-overlays.svgz
 create mode 100644 ativo/calamares/payload/kde/skel/.local/share/plasma/plasma/desktoptheme/MochaPanelSolidCanonico/widgets/actionbutton.svgz
 create mode 100644 ativo/calamares/payload/kde/skel/.local/share/plasma/plasma/desktoptheme/MochaPanelSolidCanonico/widgets/analog_meter.svgz
 create mode 100644 ativo/calamares/payload/kde/skel/.local/share/plasma/plasma/desktoptheme/MochaPanelSolidCanonico/widgets/arrows.svgz
 create mode 100644 ativo/calamares/payload/kde/skel/.local/share/plasma/plasma/desktoptheme/MochaPanelSolidCanonico/widgets/background.svgz
 create mode 100644 ativo/calamares/payload/kde/skel/.local/share/plasma/plasma/desktoptheme/MochaPanelSolidCanonico/widgets/bar_meter_horizontal.svgz
 create mode 100644 ativo/calamares/payload/kde/skel/.local/share/plasma/plasma/desktoptheme/MochaPanelSolidCanonico/widgets/bar_meter_vertical.svgz
 create mode 100644 ativo/calamares/payload/kde/skel/.local/share/plasma/plasma/desktoptheme/MochaPanelSolidCanonico/widgets/branding.svgz
 create mode 100644 ativo/calamares/payload/kde/skel/.local/share/plasma/plasma/desktoptheme/MochaPanelSolidCanonico/widgets/busywidget.svgz
 create mode 100644 ativo/calamares/payload/kde/skel/.local/share/plasma/plasma/desktoptheme/MochaPanelSolidCanonico/widgets/button.svgz
 create mode 100644 ativo/calamares/payload/kde/skel/.local/share/plasma/plasma/desktoptheme/MochaPanelSolidCanonico/widgets/calendar.svgz
 create mode 100644 ativo/calamares/payload/kde/skel/.local/share/plasma/plasma/desktoptheme/MochaPanelSolidCanonico/widgets/checkmarks.svgz
 create mode 100644 ativo/calamares/payload/kde/skel/.local/share/plasma/plasma/desktoptheme/MochaPanelSolidCanonico/widgets/clock.svgz
 create mode 100644 ativo/calamares/payload/kde/skel/.local/share/plasma/plasma/desktoptheme/MochaPanelSolidCanonico/widgets/configuration-icons.svgz
 create mode 100644 ativo/calamares/payload/kde/skel/.local/share/plasma/plasma/desktoptheme/MochaPanelSolidCanonico/widgets/containment-controls.svgz
 create mode 100644 ativo/calamares/payload/kde/skel/.local/share/plasma/plasma/desktoptheme/MochaPanelSolidCanonico/widgets/dragger.svgz
 create mode 100644 ativo/calamares/payload/kde/skel/.local/share/plasma/plasma/desktoptheme/MochaPanelSolidCanonico/widgets/frame.svgz
 create mode 100644 ativo/calamares/payload/kde/skel/.local/share/plasma/plasma/desktoptheme/MochaPanelSolidCanonico/widgets/glowbar.svgz
 create mode 100644 ativo/calamares/payload/kde/skel/.local/share/plasma/plasma/desktoptheme/MochaPanelSolidCanonico/widgets/line.svgz
 create mode 100644 ativo/calamares/payload/kde/skel/.local/share/plasma/plasma/desktoptheme/MochaPanelSolidCanonico/widgets/lineedit.svgz
 create mode 100644 ativo/calamares/payload/kde/skel/.local/share/plasma/plasma/desktoptheme/MochaPanelSolidCanonico/widgets/listitem.svgz
 create mode 100644 ativo/calamares/payload/kde/skel/.local/share/plasma/plasma/desktoptheme/MochaPanelSolidCanonico/widgets/margins-highlight.svgz
 create mode 100644 ativo/calamares/payload/kde/skel/.local/share/plasma/plasma/desktoptheme/MochaPanelSolidCanonico/widgets/media-delegate.svgz
 create mode 100644 ativo/calamares/payload/kde/skel/.local/share/plasma/plasma/desktoptheme/MochaPanelSolidCanonico/widgets/menubaritem.svgz
 create mode 100644 ativo/calamares/payload/kde/skel/.local/share/plasma/plasma/desktoptheme/MochaPanelSolidCanonico/widgets/monitor.svgz
 create mode 100644 ativo/calamares/payload/kde/skel/.local/share/plasma/plasma/desktoptheme/MochaPanelSolidCanonico/widgets/notes.svgz
 create mode 100644 ativo/calamares/payload/kde/skel/.local/share/plasma/plasma/desktoptheme/MochaPanelSolidCanonico/widgets/pager.svgz
 create mode 100644 ativo/calamares/payload/kde/skel/.local/share/plasma/plasma/desktoptheme/MochaPanelSolidCanonico/widgets/panel-background.svgz
 create mode 100644 ativo/calamares/payload/kde/skel/.local/share/plasma/plasma/desktoptheme/MochaPanelSolidCanonico/widgets/picker.svgz
 create mode 100644 ativo/calamares/payload/kde/skel/.local/share/plasma/plasma/desktoptheme/MochaPanelSolidCanonico/widgets/plasmoidheading.svgz
 create mode 100644 ativo/calamares/payload/kde/skel/.local/share/plasma/plasma/desktoptheme/MochaPanelSolidCanonico/widgets/plot-background.svgz
 create mode 100644 ativo/calamares/payload/kde/skel/.local/share/plasma/plasma/desktoptheme/MochaPanelSolidCanonico/widgets/radiobutton.svgz
 create mode 100644 ativo/calamares/payload/kde/skel/.local/share/plasma/plasma/desktoptheme/MochaPanelSolidCanonico/widgets/scrollbar.svgz
 create mode 100644 ativo/calamares/payload/kde/skel/.local/share/plasma/plasma/desktoptheme/MochaPanelSolidCanonico/widgets/scrollwidget.svgz
 create mode 100644 ativo/calamares/payload/kde/skel/.local/share/plasma/plasma/desktoptheme/MochaPanelSolidCanonico/widgets/slider.svgz
 create mode 100644 ativo/calamares/payload/kde/skel/.local/share/plasma/plasma/desktoptheme/MochaPanelSolidCanonico/widgets/switch.svgz
 create mode 100644 ativo/calamares/payload/kde/skel/.local/share/plasma/plasma/desktoptheme/MochaPanelSolidCanonico/widgets/tabbar.svgz
 create mode 100644 ativo/calamares/payload/kde/skel/.local/share/plasma/plasma/desktoptheme/MochaPanelSolidCanonico/widgets/tasks.svgz
 create mode 100644 ativo/calamares/payload/kde/skel/.local/share/plasma/plasma/desktoptheme/MochaPanelSolidCanonico/widgets/toolbar.svgz
 create mode 100644 ativo/calamares/payload/kde/skel/.local/share/plasma/plasma/desktoptheme/MochaPanelSolidCanonico/widgets/tooltip.svgz
 create mode 100644 ativo/calamares/payload/kde/skel/.local/share/plasma/plasma/desktoptheme/MochaPanelSolidCanonico/widgets/translucentbackground.svgz
 create mode 100644 ativo/calamares/payload/kde/skel/.local/share/plasma/plasma/desktoptheme/MochaPanelSolidCanonico/widgets/viewitem.svgz
 create mode 100755 ativo/calamares/payload/mocha-kernel-driver-manager/etc/skel/Desktop/mocha-kernel-driver-manager.desktop
 create mode 100644 ativo/calamares/payload/mocha-kernel-driver-manager/etc/xdg/autostart/mocha-kernel-driver-firstboot.desktop
 create mode 120000 ativo/calamares/payload/mocha-kernel-driver-manager/usr/local/bin/mocha-kernel-driver
 create mode 100755 ativo/calamares/payload/mocha-kernel-driver-manager/usr/local/bin/mocha-kernel-driver-firstboot
 create mode 100755 ativo/calamares/payload/mocha-kernel-driver-manager/usr/local/bin/mocha-kernel-driver-manager
 create mode 100755 ativo/calamares/payload/mocha-kernel-driver-manager/usr/local/bin/mocha-kernel-driver-manager-root
 create mode 120000 ativo/calamares/payload/mocha-kernel-driver-manager/usr/local/bin/mocha-kernel-driver-reinstaller
 create mode 120000 ativo/calamares/payload/mocha-kernel-driver-manager/usr/local/bin/mocha-kernel-driver-updater
 create mode 100755 ativo/calamares/payload/mocha-kernel-driver-manager/usr/local/lib/mocha/mocha-cachyos-transient-install
 create mode 100755 ativo/calamares/payload/mocha-kernel-driver-manager/usr/local/lib/mocha/mocha-kernel-driver-manager-pkexec
 create mode 100755 ativo/calamares/payload/mocha-kernel-driver-manager/usr/local/lib/mocha/mocha-kernel-driver-manager-root-exec
 create mode 100644 ativo/calamares/payload/mocha-kernel-driver-manager/usr/share/applications/mocha-kernel-driver-manager.desktop
 create mode 100644 ativo/calamares/payload/mocha-kernel-driver-manager/usr/share/polkit-1/actions/org.mocha.kernel-driver-manager.policy
 create mode 100755 ativo/calamares/payload/mocha-kernel-driver/mocha-kernel-driver
 create mode 100755 ativo/calamares/payload/mocha-kernel-driver/mocha-kernel-driver-action.sh
 create mode 100755 ativo/calamares/payload/mocha-kernel-driver/mocha-kernel-driver-gui
 create mode 100755 ativo/calamares/payload/mocha-kernel-driver/mocha-kernel-driver-launch-action.sh
 create mode 100644 ativo/calamares/payload/mocha-kernel-driver/mocha-kernel-driver.desktop
 create mode 100644 ativo/calamares/payload/mocha-kernel-driver/mocha-kernel-driver.svg
 create mode 100644 ativo/calamares/payload/tema-completo/color-schemes/MochaDark.colors
 create mode 100644 ativo/calamares/payload/tema-completo/color-schemes/MochaSolidCanonico.colors
 create mode 100644 ativo/calamares/payload/tema-completo/config/kdeglobals
 create mode 100644 ativo/calamares/payload/tema-completo/config/kscreenlockerrc
 create mode 100644 ativo/calamares/payload/tema-completo/config/ksplashrc
 create mode 100644 ativo/calamares/payload/tema-completo/config/plasma-org.kde.plasma.desktop-appletsrc
 create mode 100644 ativo/calamares/payload/tema-completo/config/plasmarc
 create mode 100644 ativo/calamares/payload/tema-completo/etc/skel/.config/kscreenlockerrc
 create mode 120000 ativo/calamares/payload/tema-completo/etc/skel/.local/bin/mocha-steam-game-run
 create mode 100644 ativo/calamares/payload/tema-completo/etc/skel/.local/share/applications/steam-mocha.desktop
 create mode 100644 ativo/calamares/payload/tema-completo/etc/skel/.local/share/applications/steam.desktop
 create mode 100644 ativo/calamares/payload/tema-completo/etc/xdg/kscreenlockerrc
 create mode 100644 ativo/calamares/payload/tema-completo/plasma/desktoptheme/MochaPanelSolidCanonico/colors
 create mode 100644 ativo/calamares/payload/tema-completo/plasma/desktoptheme/MochaPanelSolidCanonico/dialogs/background.svgz
 create mode 100644 ativo/calamares/payload/tema-completo/plasma/desktoptheme/MochaPanelSolidCanonico/icons/akonadi.svgz
 create mode 100644 ativo/calamares/payload/tema-completo/plasma/desktoptheme/MochaPanelSolidCanonico/icons/akregator.svgz
 create mode 100644 ativo/calamares/payload/tema-completo/plasma/desktoptheme/MochaPanelSolidCanonico/icons/amarok.svgz
 create mode 100644 ativo/calamares/payload/tema-completo/plasma/desktoptheme/MochaPanelSolidCanonico/icons/applications.svgz
 create mode 100644 ativo/calamares/payload/tema-completo/plasma/desktoptheme/MochaPanelSolidCanonico/icons/apport.svgz
 create mode 100644 ativo/calamares/payload/tema-completo/plasma/desktoptheme/MochaPanelSolidCanonico/icons/audio.svgz
 create mode 100644 ativo/calamares/payload/tema-completo/plasma/desktoptheme/MochaPanelSolidCanonico/icons/battery.svgz
 create mode 100644 ativo/calamares/payload/tema-completo/plasma/desktoptheme/MochaPanelSolidCanonico/icons/bookmarks.svgz
 create mode 100644 ativo/calamares/payload/tema-completo/plasma/desktoptheme/MochaPanelSolidCanonico/icons/cantata.svgz
 create mode 100644 ativo/calamares/payload/tema-completo/plasma/desktoptheme/MochaPanelSolidCanonico/icons/computer.svgz
 create mode 100644 ativo/calamares/payload/tema-completo/plasma/desktoptheme/MochaPanelSolidCanonico/icons/configure.svgz
 create mode 100644 ativo/calamares/payload/tema-completo/plasma/desktoptheme/MochaPanelSolidCanonico/icons/device.svgz
 create mode 100644 ativo/calamares/payload/tema-completo/plasma/desktoptheme/MochaPanelSolidCanonico/icons/disk.svgz
 create mode 100644 ativo/calamares/payload/tema-completo/plasma/desktoptheme/MochaPanelSolidCanonico/icons/distribute.svgz
 create mode 100644 ativo/calamares/payload/tema-completo/plasma/desktoptheme/MochaPanelSolidCanonico/icons/document.svgz
 create mode 100644 ativo/calamares/payload/tema-completo/plasma/desktoptheme/MochaPanelSolidCanonico/icons/drive.svgz
 create mode 100644 ativo/calamares/payload/tema-completo/plasma/desktoptheme/MochaPanelSolidCanonico/icons/edit.svgz
 create mode 100644 ativo/calamares/payload/tema-completo/plasma/desktoptheme/MochaPanelSolidCanonico/icons/fcitx.svgz
 create mode 100644 ativo/calamares/payload/tema-completo/plasma/desktoptheme/MochaPanelSolidCanonico/icons/go.svgz
 create mode 100644 ativo/calamares/payload/tema-completo/plasma/desktoptheme/MochaPanelSolidCanonico/icons/ime.svgz
 create mode 100644 ativo/calamares/payload/tema-completo/plasma/desktoptheme/MochaPanelSolidCanonico/icons/input.svgz
 create mode 100644 ativo/calamares/payload/tema-completo/plasma/desktoptheme/MochaPanelSolidCanonico/icons/kalarm.svgz
 create mode 100644 ativo/calamares/payload/tema-completo/plasma/desktoptheme/MochaPanelSolidCanonico/icons/kdeconnect.svgz
 create mode 100644 ativo/calamares/payload/tema-completo/plasma/desktoptheme/MochaPanelSolidCanonico/icons/keyboard.svgz
 create mode 100644 ativo/calamares/payload/tema-completo/plasma/desktoptheme/MochaPanelSolidCanonico/icons/kget.svgz
 create mode 100644 ativo/calamares/payload/tema-completo/plasma/desktoptheme/MochaPanelSolidCanonico/icons/kgpg.svgz
 create mode 100644 ativo/calamares/payload/tema-completo/plasma/desktoptheme/MochaPanelSolidCanonico/icons/kleopatra.svgz
 create mode 100644 ativo/calamares/payload/tema-completo/plasma/desktoptheme/MochaPanelSolidCanonico/icons/klipper.svgz
 create mode 100644 ativo/calamares/payload/tema-completo/plasma/desktoptheme/MochaPanelSolidCanonico/icons/kmail.svgz
 create mode 100644 ativo/calamares/payload/tema-completo/plasma/desktoptheme/MochaPanelSolidCanonico/icons/konv_message.svgz
 create mode 100644 ativo/calamares/payload/tema-completo/plasma/desktoptheme/MochaPanelSolidCanonico/icons/konversation.svgz
 create mode 100644 ativo/calamares/payload/tema-completo/plasma/desktoptheme/MochaPanelSolidCanonico/icons/kopete.svgz
 create mode 100644 ativo/calamares/payload/tema-completo/plasma/desktoptheme/MochaPanelSolidCanonico/icons/korgac.svgz
 create mode 100644 ativo/calamares/payload/tema-completo/plasma/desktoptheme/MochaPanelSolidCanonico/icons/kpackagekit.svgz
 create mode 100644 ativo/calamares/payload/tema-completo/plasma/desktoptheme/MochaPanelSolidCanonico/icons/kruler.svgz
 create mode 100644 ativo/calamares/payload/tema-completo/plasma/desktoptheme/MochaPanelSolidCanonico/icons/kteatime.svgz
 create mode 100644 ativo/calamares/payload/tema-completo/plasma/desktoptheme/MochaPanelSolidCanonico/icons/ktorrent.svgz
 create mode 100644 ativo/calamares/payload/tema-completo/plasma/desktoptheme/MochaPanelSolidCanonico/icons/kup.svgz
 create mode 100644 ativo/calamares/payload/tema-completo/plasma/desktoptheme/MochaPanelSolidCanonico/icons/list.svgz
 create mode 100644 ativo/calamares/payload/tema-completo/plasma/desktoptheme/MochaPanelSolidCanonico/icons/mail.svgz
 create mode 100644 ativo/calamares/payload/tema-completo/plasma/desktoptheme/MochaPanelSolidCanonico/icons/media.svgz
 create mode 100644 ativo/calamares/payload/tema-completo/plasma/desktoptheme/MochaPanelSolidCanonico/icons/mobile.svgz
 create mode 100644 ativo/calamares/payload/tema-completo/plasma/desktoptheme/MochaPanelSolidCanonico/icons/network.svgz
 create mode 100644 ativo/calamares/payload/tema-completo/plasma/desktoptheme/MochaPanelSolidCanonico/icons/notification.svgz
 create mode 100644 ativo/calamares/payload/tema-completo/plasma/desktoptheme/MochaPanelSolidCanonico/icons/osd.svgz
 create mode 100644 ativo/calamares/payload/tema-completo/plasma/desktoptheme/MochaPanelSolidCanonico/icons/phone.svgz
 create mode 100644 ativo/calamares/payload/tema-completo/plasma/desktoptheme/MochaPanelSolidCanonico/icons/plasmavault.svgz
 create mode 100644 ativo/calamares/payload/tema-completo/plasma/desktoptheme/MochaPanelSolidCanonico/icons/plasmavault_error.svgz
 create mode 100644 ativo/calamares/payload/tema-completo/plasma/desktoptheme/MochaPanelSolidCanonico/icons/preferences.svgz
 create mode 100644 ativo/calamares/payload/tema-completo/plasma/desktoptheme/MochaPanelSolidCanonico/icons/printer.svgz
 create mode 100644 ativo/calamares/payload/tema-completo/plasma/desktoptheme/MochaPanelSolidCanonico/icons/quassel.svgz
 create mode 100644 ativo/calamares/payload/tema-completo/plasma/desktoptheme/MochaPanelSolidCanonico/icons/search.svgz
 create mode 100644 ativo/calamares/payload/tema-completo/plasma/desktoptheme/MochaPanelSolidCanonico/icons/slc.svgz
 create mode 100644 ativo/calamares/payload/tema-completo/plasma/desktoptheme/MochaPanelSolidCanonico/icons/software.svgz
 create mode 100644 ativo/calamares/payload/tema-completo/plasma/desktoptheme/MochaPanelSolidCanonico/icons/start.svgz
 create mode 100644 ativo/calamares/payload/tema-completo/plasma/desktoptheme/MochaPanelSolidCanonico/icons/system.svgz
 create mode 100644 ativo/calamares/payload/tema-completo/plasma/desktoptheme/MochaPanelSolidCanonico/icons/touchpad.svgz
 create mode 100644 ativo/calamares/payload/tema-completo/plasma/desktoptheme/MochaPanelSolidCanonico/icons/user.svgz
 create mode 100644 ativo/calamares/payload/tema-completo/plasma/desktoptheme/MochaPanelSolidCanonico/icons/video-card.svgz
 create mode 100644 ativo/calamares/payload/tema-completo/plasma/desktoptheme/MochaPanelSolidCanonico/icons/video.svgz
 create mode 100644 ativo/calamares/payload/tema-completo/plasma/desktoptheme/MochaPanelSolidCanonico/icons/view.svgz
 create mode 100644 ativo/calamares/payload/tema-completo/plasma/desktoptheme/MochaPanelSolidCanonico/icons/vlc.svgz
 create mode 100644 ativo/calamares/payload/tema-completo/plasma/desktoptheme/MochaPanelSolidCanonico/icons/wallet.svgz
 create mode 100644 ativo/calamares/payload/tema-completo/plasma/desktoptheme/MochaPanelSolidCanonico/icons/window.svgz
 create mode 100644 ativo/calamares/payload/tema-completo/plasma/desktoptheme/MochaPanelSolidCanonico/icons/yakuake.svgz
 create mode 100644 ativo/calamares/payload/tema-completo/plasma/desktoptheme/MochaPanelSolidCanonico/icons/zoom.svgz
 create mode 100644 ativo/calamares/payload/tema-completo/plasma/desktoptheme/MochaPanelSolidCanonico/metadata.desktop
 create mode 100644 ativo/calamares/payload/tema-completo/plasma/desktoptheme/MochaPanelSolidCanonico/metadata.json
 create mode 100644 ativo/calamares/payload/tema-completo/plasma/desktoptheme/MochaPanelSolidCanonico/opaque/dialogs/background.svgz
 create mode 100644 ativo/calamares/payload/tema-completo/plasma/desktoptheme/MochaPanelSolidCanonico/opaque/widgets/panel-background.svgz
 create mode 100644 ativo/calamares/payload/tema-completo/plasma/desktoptheme/MochaPanelSolidCanonico/opaque/widgets/tooltip.svgz
 create mode 100644 ativo/calamares/payload/tema-completo/plasma/desktoptheme/MochaPanelSolidCanonico/plasmarc
 create mode 100644 ativo/calamares/payload/tema-completo/plasma/desktoptheme/MochaPanelSolidCanonico/solid/dialogs/background.svgz
 create mode 100644 ativo/calamares/payload/tema-completo/plasma/desktoptheme/MochaPanelSolidCanonico/solid/widgets/background.svgz
 create mode 100644 ativo/calamares/payload/tema-completo/plasma/desktoptheme/MochaPanelSolidCanonico/solid/widgets/panel-background.svgz
 create mode 100644 ativo/calamares/payload/tema-completo/plasma/desktoptheme/MochaPanelSolidCanonico/solid/widgets/tooltip.svgz
 create mode 100644 ativo/calamares/payload/tema-completo/plasma/desktoptheme/MochaPanelSolidCanonico/translucent/dialogs/background.svgz
 create mode 100644 ativo/calamares/payload/tema-completo/plasma/desktoptheme/MochaPanelSolidCanonico/translucent/widgets/background.svgz
 create mode 100644 ativo/calamares/payload/tema-completo/plasma/desktoptheme/MochaPanelSolidCanonico/translucent/widgets/panel-background.svgz
 create mode 100644 ativo/calamares/payload/tema-completo/plasma/desktoptheme/MochaPanelSolidCanonico/translucent/widgets/tooltip.svgz
 create mode 100644 ativo/calamares/payload/tema-completo/plasma/desktoptheme/MochaPanelSolidCanonico/widgets/action-overlays.svgz
 create mode 100644 ativo/calamares/payload/tema-completo/plasma/desktoptheme/MochaPanelSolidCanonico/widgets/actionbutton.svgz
 create mode 100644 ativo/calamares/payload/tema-completo/plasma/desktoptheme/MochaPanelSolidCanonico/widgets/analog_meter.svgz
 create mode 100644 ativo/calamares/payload/tema-completo/plasma/desktoptheme/MochaPanelSolidCanonico/widgets/arrows.svgz
 create mode 100644 ativo/calamares/payload/tema-completo/plasma/desktoptheme/MochaPanelSolidCanonico/widgets/background.svgz
 create mode 100644 ativo/calamares/payload/tema-completo/plasma/desktoptheme/MochaPanelSolidCanonico/widgets/bar_meter_horizontal.svgz
 create mode 100644 ativo/calamares/payload/tema-completo/plasma/desktoptheme/MochaPanelSolidCanonico/widgets/bar_meter_vertical.svgz
 create mode 100644 ativo/calamares/payload/tema-completo/plasma/desktoptheme/MochaPanelSolidCanonico/widgets/branding.svgz
 create mode 100644 ativo/calamares/payload/tema-completo/plasma/desktoptheme/MochaPanelSolidCanonico/widgets/busywidget.svgz
 create mode 100644 ativo/calamares/payload/tema-completo/plasma/desktoptheme/MochaPanelSolidCanonico/widgets/button.svgz
 create mode 100644 ativo/calamares/payload/tema-completo/plasma/desktoptheme/MochaPanelSolidCanonico/widgets/calendar.svgz
 create mode 100644 ativo/calamares/payload/tema-completo/plasma/desktoptheme/MochaPanelSolidCanonico/widgets/checkmarks.svgz
 create mode 100644 ativo/calamares/payload/tema-completo/plasma/desktoptheme/MochaPanelSolidCanonico/widgets/clock.svgz
 create mode 100644 ativo/calamares/payload/tema-completo/plasma/desktoptheme/MochaPanelSolidCanonico/widgets/configuration-icons.svgz
 create mode 100644 ativo/calamares/payload/tema-completo/plasma/desktoptheme/MochaPanelSolidCanonico/widgets/containment-controls.svgz
 create mode 100644 ativo/calamares/payload/tema-completo/plasma/desktoptheme/MochaPanelSolidCanonico/widgets/dragger.svgz
 create mode 100644 ativo/calamares/payload/tema-completo/plasma/desktoptheme/MochaPanelSolidCanonico/widgets/frame.svgz
 create mode 100644 ativo/calamares/payload/tema-completo/plasma/desktoptheme/MochaPanelSolidCanonico/widgets/glowbar.svgz
 create mode 100644 ativo/calamares/payload/tema-completo/plasma/desktoptheme/MochaPanelSolidCanonico/widgets/line.svgz
 create mode 100644 ativo/calamares/payload/tema-completo/plasma/desktoptheme/MochaPanelSolidCanonico/widgets/lineedit.svgz
 create mode 100644 ativo/calamares/payload/tema-completo/plasma/desktoptheme/MochaPanelSolidCanonico/widgets/listitem.svgz
 create mode 100644 ativo/calamares/payload/tema-completo/plasma/desktoptheme/MochaPanelSolidCanonico/widgets/margins-highlight.svgz
 create mode 100644 ativo/calamares/payload/tema-completo/plasma/desktoptheme/MochaPanelSolidCanonico/widgets/media-delegate.svgz
 create mode 100644 ativo/calamares/payload/tema-completo/plasma/desktoptheme/MochaPanelSolidCanonico/widgets/menubaritem.svgz
 create mode 100644 ativo/calamares/payload/tema-completo/plasma/desktoptheme/MochaPanelSolidCanonico/widgets/monitor.svgz
 create mode 100644 ativo/calamares/payload/tema-completo/plasma/desktoptheme/MochaPanelSolidCanonico/widgets/notes.svgz
 create mode 100644 ativo/calamares/payload/tema-completo/plasma/desktoptheme/MochaPanelSolidCanonico/widgets/pager.svgz
 create mode 100644 ativo/calamares/payload/tema-completo/plasma/desktoptheme/MochaPanelSolidCanonico/widgets/panel-background.svgz
 create mode 100644 ativo/calamares/payload/tema-completo/plasma/desktoptheme/MochaPanelSolidCanonico/widgets/picker.svgz
 create mode 100644 ativo/calamares/payload/tema-completo/plasma/desktoptheme/MochaPanelSolidCanonico/widgets/plasmoidheading.svgz
 create mode 100644 ativo/calamares/payload/tema-completo/plasma/desktoptheme/MochaPanelSolidCanonico/widgets/plot-background.svgz
 create mode 100644 ativo/calamares/payload/tema-completo/plasma/desktoptheme/MochaPanelSolidCanonico/widgets/radiobutton.svgz
 create mode 100644 ativo/calamares/payload/tema-completo/plasma/desktoptheme/MochaPanelSolidCanonico/widgets/scrollbar.svgz
 create mode 100644 ativo/calamares/payload/tema-completo/plasma/desktoptheme/MochaPanelSolidCanonico/widgets/scrollwidget.svgz
 create mode 100644 ativo/calamares/payload/tema-completo/plasma/desktoptheme/MochaPanelSolidCanonico/widgets/slider.svgz
 create mode 100644 ativo/calamares/payload/tema-completo/plasma/desktoptheme/MochaPanelSolidCanonico/widgets/switch.svgz
 create mode 100644 ativo/calamares/payload/tema-completo/plasma/desktoptheme/MochaPanelSolidCanonico/widgets/tabbar.svgz
 create mode 100644 ativo/calamares/payload/tema-completo/plasma/desktoptheme/MochaPanelSolidCanonico/widgets/tasks.svgz
 create mode 100644 ativo/calamares/payload/tema-completo/plasma/desktoptheme/MochaPanelSolidCanonico/widgets/toolbar.svgz
 create mode 100644 ativo/calamares/payload/tema-completo/plasma/desktoptheme/MochaPanelSolidCanonico/widgets/tooltip.svgz
 create mode 100644 ativo/calamares/payload/tema-completo/plasma/desktoptheme/MochaPanelSolidCanonico/widgets/translucentbackground.svgz
 create mode 100644 ativo/calamares/payload/tema-completo/plasma/desktoptheme/MochaPanelSolidCanonico/widgets/viewitem.svgz
 create mode 100755 ativo/calamares/payload/tema-completo/usr/local/bin/mocha-steam-client-tcp
 create mode 100755 ativo/calamares/payload/tema-completo/usr/local/bin/mocha-steam-game-run
 create mode 100644 ativo/calamares/payload/tema-completo/usr/share/backgrounds/mocha/mocha-lockscreen-20260628-194520.png
 create mode 100644 ativo/calamares/payload/tema-completo/wallpaper/mocha-wallpaper-canonico.png
 create mode 100755 ativo/calamares/payload/usr/local/bin/mocha-steam-game-run
 create mode 100644 ativo/calamares/payload/wallpaper/Wall.png
 create mode 100755 ativo/calamares/scripts/mocha-finaliza-tema-completo-usuarios.sh
 create mode 100755 calamares/base-calam-arch-installer-2026-06/usr/lib/calamares/mocha/mocha-calamares-finalize-target.sh
 create mode 100644 calamares/base-calam-arch-installer-2026-06/usr/share/calamares/modules/shellprocess_mocha_finaliza_usuario.conf
 create mode 100755 calamares/base-calam-arch-installer-2026-06/usr/share/calamares/scripts/mocha-finaliza-usuario-instalado.sh
 create mode 100644 calamares/identidade/extracao-identidade-calamares-mocha-20260605-153953/origem-airootfs/etc-calamares/modules/shellprocess_mocha_finaliza_usuario.conf
 create mode 100755 calamares/identidade/extracao-identidade-calamares-mocha-20260605-153953/origem-airootfs/etc-calamares/scripts/mocha-finaliza-usuario-instalado.sh
 create mode 100644 calamares/identidade/extracao-identidade-calamares-mocha-20260605-153953/origem-airootfs/usr-share-calamares/modules/shellprocess_mocha_finaliza_usuario.conf
 create mode 100755 calamares/identidade/extracao-identidade-calamares-mocha-20260605-153953/origem-airootfs/usr-share-calamares/scripts/mocha-finaliza-usuario-instalado.sh
 create mode 100644 calamares/identidade/extracao-identidade-calamares-mocha-20260605-153953/textos/etc-calamares/modules/shellprocess_mocha_finaliza_usuario.conf
 create mode 100755 calamares/identidade/extracao-identidade-calamares-mocha-20260605-153953/textos/etc-calamares/scripts/mocha-finaliza-usuario-instalado.sh
 create mode 100644 calamares/identidade/extracao-identidade-calamares-mocha-20260605-153953/textos/usr-share-calamares/modules/shellprocess_mocha_finaliza_usuario.conf
 create mode 100755 calamares/identidade/extracao-identidade-calamares-mocha-20260605-153953/textos/usr-share-calamares/scripts/mocha-finaliza-usuario-instalado.sh
 create mode 100644 calamares/identidade/extracao-identidade-calamares-mocha-20260605-153953/yaml-configs/etc-calamares/modules/shellprocess_mocha_finaliza_usuario.conf
 create mode 100755 calamares/identidade/extracao-identidade-calamares-mocha-20260605-153953/yaml-configs/etc-calamares/scripts/mocha-finaliza-usuario-instalado.sh
 create mode 100644 calamares/identidade/extracao-identidade-calamares-mocha-20260605-153953/yaml-configs/usr-share-calamares/modules/shellprocess_mocha_finaliza_usuario.conf
 create mode 100755 calamares/identidade/extracao-identidade-calamares-mocha-20260605-153953/yaml-configs/usr-share-calamares/scripts/mocha-finaliza-usuario-instalado.sh
 create mode 100644 calamares/mocha-calamares/etc/calamares/modules/shellprocess_mocha_finaliza_usuario.conf
 create mode 100755 calamares/mocha-calamares/etc/calamares/scripts/mocha-finaliza-usuario-instalado.sh
 create mode 100755 calamares/mocha-calamares/etc/skel/Desktop/Atualizar ou Reinstalar Kernel e Driver Mocha.desktop
 create mode 100755 "calamares/mocha-calamares/etc/skel/\303\201rea de trabalho/Atualizar ou Reinstalar Kernel e Driver Mocha.desktop"
 create mode 100755 calamares/mocha-calamares/home/mocha/Desktop/Atualizar ou Reinstalar Kernel e Driver Mocha.desktop
 create mode 100755 "calamares/mocha-calamares/home/mocha/\303\201rea de trabalho/Atualizar ou Reinstalar Kernel e Driver Mocha.desktop"
 create mode 100755 calamares/mocha-calamares/usr/lib/calamares/mocha/mocha-calamares-finalize-target.sh
 create mode 100755 calamares/mocha-calamares/usr/local/bin/mocha-kernel-driver-updater
 create mode 100755 calamares/origem-calam-arch-installer-2026-06-20260605-112415/usr/lib/calamares/mocha/mocha-calamares-finalize-target.sh
 create mode 100644 calamares/origem-calam-arch-installer-2026-06-20260605-112415/usr/share/calamares/modules/shellprocess_mocha_finaliza_usuario.conf
 create mode 100755 calamares/origem-calam-arch-installer-2026-06-20260605-112415/usr/share/calamares/scripts/mocha-finaliza-usuario-instalado.sh
 create mode 100755 calamares/trabalho-mocha-calamares-20260605-112806/usr/lib/calamares/mocha/mocha-calamares-finalize-target.sh
 create mode 100644 calamares/trabalho-mocha-calamares-20260605-112806/usr/share/calamares/modules/shellprocess_mocha_finaliza_usuario.conf
 create mode 100755 calamares/trabalho-mocha-calamares-20260605-112806/usr/share/calamares/scripts/mocha-finaliza-usuario-instalado.sh

============================================================
 9) Recriar commit 4 — stack
============================================================
Unstaged changes after reset:
M	ativo/software/perfis/mocha-gamer-default.flatpaklist
M	ativo/software/perfis/mocha-gamer-default.pkglist

------------------------------------------------------------
Commit:
stack: atualiza perfil gamer e ferramentas Mocha
Arquivos staged:
A	ativo/apps/mocha-kernel-driver-manager/etc/skel/Desktop/mocha-kernel-driver-manager.desktop
A	ativo/apps/mocha-kernel-driver-manager/etc/xdg/autostart/mocha-kernel-driver-firstboot.desktop
A	ativo/apps/mocha-kernel-driver-manager/source/Cargo.lock
A	ativo/apps/mocha-kernel-driver-manager/source/Cargo.toml
A	ativo/apps/mocha-kernel-driver-manager/usr/local/bin/mocha-kernel-driver
A	ativo/apps/mocha-kernel-driver-manager/usr/local/bin/mocha-kernel-driver-firstboot
A	ativo/apps/mocha-kernel-driver-manager/usr/local/bin/mocha-kernel-driver-manager
A	ativo/apps/mocha-kernel-driver-manager/usr/local/bin/mocha-kernel-driver-manager-root
A	ativo/apps/mocha-kernel-driver-manager/usr/local/bin/mocha-kernel-driver-reinstaller
A	ativo/apps/mocha-kernel-driver-manager/usr/local/bin/mocha-kernel-driver-updater
A	ativo/apps/mocha-kernel-driver-manager/usr/local/lib/mocha/mocha-cachyos-transient-install
A	ativo/apps/mocha-kernel-driver-manager/usr/local/lib/mocha/mocha-kernel-driver-manager-pkexec
A	ativo/apps/mocha-kernel-driver-manager/usr/local/lib/mocha/mocha-kernel-driver-manager-root-exec
A	ativo/apps/mocha-kernel-driver-manager/usr/share/applications/mocha-kernel-driver-manager.desktop
A	ativo/apps/mocha-kernel-driver-manager/usr/share/polkit-1/actions/org.mocha.kernel-driver-manager.policy
A	ativo/apps/mocha-kernel-driver/mocha-kernel-driver
A	ativo/apps/mocha-kernel-driver/mocha-kernel-driver-action.sh
A	ativo/apps/mocha-kernel-driver/mocha-kernel-driver-gui
A	ativo/apps/mocha-kernel-driver/mocha-kernel-driver-launch-action.sh
A	ativo/apps/mocha-kernel-driver/mocha-kernel-driver.desktop
A	ativo/apps/mocha-kernel-driver/mocha-kernel-driver.svg
A	ativo/ferramentas/mocha-kernel-driver-manager-rust-gui-mocha/Cargo.lock
A	ativo/ferramentas/mocha-kernel-driver-manager-rust-gui-mocha/Cargo.toml
A	ativo/ferramentas/mocha-kernel-driver-manager-rust-hw-detect-transient/Cargo.lock
A	ativo/ferramentas/mocha-kernel-driver-manager-rust-hw-detect-transient/Cargo.toml
M	ativo/software/perfis/mocha-gamer-default.flatpaklist
M	ativo/software/perfis/mocha-gamer-default.pkglist
A	ativo/usr/local/bin/mocha-steam-game-run
A	canonico/mocha-stack-optimizer/instalar-no-sistema.sh
A	canonico/mocha-stack-optimizer/rootfs/etc/skel/.local/share/applications/mocha-kernel-driver-gui.desktop
A	canonico/mocha-stack-optimizer/rootfs/etc/skel/.local/share/applications/mocha-kernel-driver-updater.desktop
A	canonico/mocha-stack-optimizer/rootfs/etc/skel/.local/share/applications/mocha-stack-optimizer.desktop
A	canonico/mocha-stack-optimizer/rootfs/etc/skel/Desktop/Atualizar Kernel e Driver Mocha.desktop
A	canonico/mocha-stack-optimizer/rootfs/etc/skel/Desktop/mocha-kernel-driver-updater.desktop
A	canonico/mocha-stack-optimizer/rootfs/etc/skel/Desktop/mocha-stack-optimizer.desktop
A	canonico/mocha-stack-optimizer/rootfs/usr/local/bin/mocha-kernel-driver-gui-launch
A	canonico/mocha-stack-optimizer/rootfs/usr/local/bin/mocha-kernel-driver-updater
A	canonico/mocha-stack-optimizer/rootfs/usr/local/bin/mocha-stack-optimizer
A	canonico/mocha-stack-optimizer/rootfs/usr/local/lib/mocha/mocha-kernel-driver-engine
A	canonico/mocha-stack-optimizer/rootfs/usr/share/applications/mocha-kernel-driver-gui.desktop
A	canonico/mocha-stack-optimizer/rootfs/usr/share/applications/mocha-kernel-driver-updater.desktop
A	canonico/mocha-stack-optimizer/rootfs/usr/share/applications/mocha-stack-optimizer.desktop
[main 04b11cd] stack: atualiza perfil gamer e ferramentas Mocha
 42 files changed, 1987 insertions(+), 31 deletions(-)
 create mode 100755 ativo/apps/mocha-kernel-driver-manager/etc/skel/Desktop/mocha-kernel-driver-manager.desktop
 create mode 100644 ativo/apps/mocha-kernel-driver-manager/etc/xdg/autostart/mocha-kernel-driver-firstboot.desktop
 create mode 100644 ativo/apps/mocha-kernel-driver-manager/source/Cargo.lock
 create mode 100644 ativo/apps/mocha-kernel-driver-manager/source/Cargo.toml
 create mode 120000 ativo/apps/mocha-kernel-driver-manager/usr/local/bin/mocha-kernel-driver
 create mode 100755 ativo/apps/mocha-kernel-driver-manager/usr/local/bin/mocha-kernel-driver-firstboot
 create mode 100755 ativo/apps/mocha-kernel-driver-manager/usr/local/bin/mocha-kernel-driver-manager
 create mode 100755 ativo/apps/mocha-kernel-driver-manager/usr/local/bin/mocha-kernel-driver-manager-root
 create mode 120000 ativo/apps/mocha-kernel-driver-manager/usr/local/bin/mocha-kernel-driver-reinstaller
 create mode 120000 ativo/apps/mocha-kernel-driver-manager/usr/local/bin/mocha-kernel-driver-updater
 create mode 100755 ativo/apps/mocha-kernel-driver-manager/usr/local/lib/mocha/mocha-cachyos-transient-install
 create mode 100755 ativo/apps/mocha-kernel-driver-manager/usr/local/lib/mocha/mocha-kernel-driver-manager-pkexec
 create mode 100755 ativo/apps/mocha-kernel-driver-manager/usr/local/lib/mocha/mocha-kernel-driver-manager-root-exec
 create mode 100644 ativo/apps/mocha-kernel-driver-manager/usr/share/applications/mocha-kernel-driver-manager.desktop
 create mode 100644 ativo/apps/mocha-kernel-driver-manager/usr/share/polkit-1/actions/org.mocha.kernel-driver-manager.policy
 create mode 100755 ativo/apps/mocha-kernel-driver/mocha-kernel-driver
 create mode 100755 ativo/apps/mocha-kernel-driver/mocha-kernel-driver-action.sh
 create mode 100755 ativo/apps/mocha-kernel-driver/mocha-kernel-driver-gui
 create mode 100755 ativo/apps/mocha-kernel-driver/mocha-kernel-driver-launch-action.sh
 create mode 100644 ativo/apps/mocha-kernel-driver/mocha-kernel-driver.desktop
 create mode 100644 ativo/apps/mocha-kernel-driver/mocha-kernel-driver.svg
 create mode 100644 ativo/ferramentas/mocha-kernel-driver-manager-rust-gui-mocha/Cargo.lock
 create mode 100644 ativo/ferramentas/mocha-kernel-driver-manager-rust-gui-mocha/Cargo.toml
 create mode 100644 ativo/ferramentas/mocha-kernel-driver-manager-rust-hw-detect-transient/Cargo.lock
 create mode 100644 ativo/ferramentas/mocha-kernel-driver-manager-rust-hw-detect-transient/Cargo.toml
 create mode 100755 ativo/usr/local/bin/mocha-steam-game-run
 create mode 100755 canonico/mocha-stack-optimizer/instalar-no-sistema.sh
 create mode 100755 canonico/mocha-stack-optimizer/rootfs/etc/skel/.local/share/applications/mocha-kernel-driver-gui.desktop
 create mode 100755 canonico/mocha-stack-optimizer/rootfs/etc/skel/.local/share/applications/mocha-kernel-driver-updater.desktop
 create mode 100755 canonico/mocha-stack-optimizer/rootfs/etc/skel/.local/share/applications/mocha-stack-optimizer.desktop
 create mode 100755 canonico/mocha-stack-optimizer/rootfs/etc/skel/Desktop/Atualizar Kernel e Driver Mocha.desktop
 create mode 100755 canonico/mocha-stack-optimizer/rootfs/etc/skel/Desktop/mocha-kernel-driver-updater.desktop
 create mode 100755 canonico/mocha-stack-optimizer/rootfs/etc/skel/Desktop/mocha-stack-optimizer.desktop
 create mode 100755 canonico/mocha-stack-optimizer/rootfs/usr/local/bin/mocha-kernel-driver-gui-launch
 create mode 100755 canonico/mocha-stack-optimizer/rootfs/usr/local/bin/mocha-kernel-driver-updater
 create mode 100755 canonico/mocha-stack-optimizer/rootfs/usr/local/bin/mocha-stack-optimizer
 create mode 100755 canonico/mocha-stack-optimizer/rootfs/usr/local/lib/mocha/mocha-kernel-driver-engine
 create mode 100755 canonico/mocha-stack-optimizer/rootfs/usr/share/applications/mocha-kernel-driver-gui.desktop
 create mode 100755 canonico/mocha-stack-optimizer/rootfs/usr/share/applications/mocha-kernel-driver-updater.desktop
 create mode 100755 canonico/mocha-stack-optimizer/rootfs/usr/share/applications/mocha-stack-optimizer.desktop

============================================================
 10) Recriar commit 5 — docs
============================================================

------------------------------------------------------------
Commit:
docs: registra canonicos do wrapper e plano da ISO
Arquivos staged:
A	ativo/PLANO-B-MATRIZ-CALAM-LIVE-ISO.md
A	ativo/docs/20260628-010600-wrapper-alt-tab-input-definitivo.md
A	ativo/docs/20260628-010700-wrapper-alt-tab-input-definitivo.md
A	ativo/docs/20260628-011105-wrapper-steam-canonico-alt-tab-input.md
A	ativo/mocha-iso-canonico.env
[main 54fd3fd] docs: registra canonicos do wrapper e plano da ISO
 5 files changed, 464 insertions(+)
 create mode 100644 ativo/PLANO-B-MATRIZ-CALAM-LIVE-ISO.md
 create mode 100644 ativo/docs/20260628-010600-wrapper-alt-tab-input-definitivo.md
 create mode 100644 ativo/docs/20260628-010700-wrapper-alt-tab-input-definitivo.md
 create mode 100644 ativo/docs/20260628-011105-wrapper-steam-canonico-alt-tab-input.md
 create mode 120000 ativo/mocha-iso-canonico.env

============================================================
 11) Auditar LFS antes do push
============================================================

Commits locais recriados:
6db4d1d tema: consolida Mocha KDE, barra, cores e branding
0d6c203 steam: preserva wrapper canonico Alt-Tab input
d67b3b3 calamares: adiciona finalizador e ajustes do usuario instalado
04b11cd stack: atualiza perfil gamer e ferramentas Mocha
54fd3fd docs: registra canonicos do wrapper e plano da ISO

Arquivos LFS que o push tentaria enviar:
push 2ca458eb7535a558b7209cb435162acd064564488ef64fcea04168ed3e432468 => ativo/calamares/payload/tema-completo/plasma/desktoptheme/MochaPanelSolidCanonico/dialogs/background.svgz
push 3f784b1e9f92ad3cb4361a42592239451a8c78c02ca5181447e5860c2ee0f802 => ativo/calamares/payload/tema-completo/plasma/desktoptheme/MochaPanelSolidCanonico/widgets/background.svgz
push b21fac48c00ec5cb137ab9e6a62c3183a437741c188f0108839893140e3f2dbd => ativo/calamares/payload/tema-completo/plasma/desktoptheme/MochaPanelSolidCanonico/widgets/button.svgz
push 82d282bc54fd8bfd02af27267bde71d8442829a71d15635e9fed20eec555aec2 => ativo/calamares/payload/tema-completo/plasma/desktoptheme/MochaPanelSolidCanonico/widgets/frame.svgz
push e2f264281a077efa6520df648f77ea66a822ff3b36811b034a28d2257b2a926b => ativo/calamares/payload/tema-completo/plasma/desktoptheme/MochaPanelSolidCanonico/widgets/lineedit.svgz
push 9b642846fc2100574ed442b5366ec038236445f35a39818e1c98ed9a7fa2bb24 => ativo/calamares/payload/tema-completo/plasma/desktoptheme/MochaPanelSolidCanonico/widgets/listitem.svgz
push 887ac959dbb6eb1835388c1f27425748f6e7a15136f5e9370f89129ffe79f7ba => ativo/calamares/payload/tema-completo/plasma/desktoptheme/MochaPanelSolidCanonico/widgets/panel-background.svgz
push fa76531ccc7a2cff691d38bdbe805d0b8e4373abde1d97079302ba77f3c530d2 => ativo/calamares/payload/tema-completo/plasma/desktoptheme/MochaPanelSolidCanonico/widgets/tasks.svgz
push 467e903c7b429d121a1fdb016a00838b8e3d8a7b8c31ef1702b36a417fbd3e6b => ativo/calamares/payload/tema-completo/plasma/desktoptheme/MochaPanelSolidCanonico/widgets/viewitem.svgz
push a662f3595c1d35ed11441d51744a420d33c115404f01f76bf303df122a635b71 => ativo/calamares/payload/tema-completo/usr/share/backgrounds/mocha/mocha-lockscreen-20260628-194520.png

[FALHA] Ainda existem objetos LFS pendentes. Não vou fazer push.
[INFO] Log dry-run: /tmp/mocha-lfs-dryrun-pos-rewrite-20260629-034742.txt
