
============================================================
 Mocha — diagnóstico origem MangoHud ativo
============================================================
Usuário: mocha
HOME:    /home/mocha
Log:     /media/mochafast/MochaArch/ativo/logs/20260627-232843-diagnostico-origem-mangohud.log

Linha oficial esperada na Steam:
  /usr/local/bin/mocha-steam-game-run %command%

Arquivo canônico esperado:
  /usr/local/share/mocha/mangohud/MangoHud.conf

============================================================
[1] MangoHud instalado
============================================================
[OK] mangohud em: /usr/local/bin/mangohud
v0.8.4

============================================================
[2] Wrappers existentes
============================================================

---- /usr/local/bin/mocha-steam-game-run ----
-rwxr-xr-x 1 root root 442 Jun 27 23:26 /usr/local/bin/mocha-steam-game-run
#!/usr/bin/env bash
set -e

# Mocha — wrapper oficial Steam
# Linha oficial nas opções de inicialização dos jogos:
# /usr/local/bin/mocha-steam-game-run %command%

export MANGOHUD=1
export MANGOHUD_CONFIGFILE="/usr/local/share/mocha/mangohud/MangoHud.conf"

export SDL_VIDEO_MINIMIZE_ON_FOCUS_LOSS=0
export MouseWarpOverride=force

if command -v gamemoderun >/dev/null 2>&1; then
  exec gamemoderun mangohud "$@"
fi

exec mangohud "$@"

---- /home/mocha/.local/bin/mocha-steam-game-run ----
lrwxrwxrwx 1 mocha mocha 35 Jun 27 23:26 /home/mocha/.local/bin/mocha-steam-game-run -> /usr/local/bin/mocha-steam-game-run
Destino symlink: /usr/local/bin/mocha-steam-game-run
#!/usr/bin/env bash
set -e

# Mocha — wrapper oficial Steam
# Linha oficial nas opções de inicialização dos jogos:
# /usr/local/bin/mocha-steam-game-run %command%

export MANGOHUD=1
export MANGOHUD_CONFIGFILE="/usr/local/share/mocha/mangohud/MangoHud.conf"

export SDL_VIDEO_MINIMIZE_ON_FOCUS_LOSS=0
export MouseWarpOverride=force

if command -v gamemoderun >/dev/null 2>&1; then
  exec gamemoderun mangohud "$@"
fi

exec mangohud "$@"

---- /etc/skel/.local/bin/mocha-steam-game-run ----
lrwxrwxrwx 1 root root 35 Jun 27 23:26 /etc/skel/.local/bin/mocha-steam-game-run -> /usr/local/bin/mocha-steam-game-run
Destino symlink: /usr/local/bin/mocha-steam-game-run
#!/usr/bin/env bash
set -e

# Mocha — wrapper oficial Steam
# Linha oficial nas opções de inicialização dos jogos:
# /usr/local/bin/mocha-steam-game-run %command%

export MANGOHUD=1
export MANGOHUD_CONFIGFILE="/usr/local/share/mocha/mangohud/MangoHud.conf"

export SDL_VIDEO_MINIMIZE_ON_FOCUS_LOSS=0
export MouseWarpOverride=force

if command -v gamemoderun >/dev/null 2>&1; then
  exec gamemoderun mangohud "$@"
fi

exec mangohud "$@"

============================================================
[3] Arquivos MangoHud.conf encontrados
============================================================

---- /etc/mocha/mangohud/MangoHud.conf ----
-rw-r--r-- 1 root root 426 Jun 27 23:26 /etc/mocha/mangohud/MangoHud.conf
0875c161eddb02ee6e82f3d32bf0a7824e6a911741d41869b51b98a0d3f10422  /etc/mocha/mangohud/MangoHud.conf
Conteúdo:
     1	# Mocha MangoHud — configuração canônica
     2	# Overlay horizontal, sem gráficos, terminando com hora:minuto.
     3	
     4	legacy_layout=0
     5	horizontal
     6	hud_no_margin
     7	table_columns=16
     8	position=top-left
     9	background_alpha=0.35
    10	round_corners=8
    11	font_size=18
    12	
    13	toggle_hud=Shift_R+F12
    14	toggle_logging=Shift_R+F11
    15	
    16	fps
    17	frametime=0
    18	frame_timing=0
    19	cpu_stats
    20	cpu_temp
    21	cpu_mhz
    22	gpu_stats
    23	gpu_temp
    24	gpu_core_clock
    25	ram
    26	vram
    27	swap
    28	gamemode
    29	time
    30	time_format=%R

---- /etc/skel/.config/MangoHud/MangoHud.conf ----
-rw-r--r-- 1 root root 426 Jun 27 23:26 /etc/skel/.config/MangoHud/MangoHud.conf
0875c161eddb02ee6e82f3d32bf0a7824e6a911741d41869b51b98a0d3f10422  /etc/skel/.config/MangoHud/MangoHud.conf
Conteúdo:
     1	# Mocha MangoHud — configuração canônica
     2	# Overlay horizontal, sem gráficos, terminando com hora:minuto.
     3	
     4	legacy_layout=0
     5	horizontal
     6	hud_no_margin
     7	table_columns=16
     8	position=top-left
     9	background_alpha=0.35
    10	round_corners=8
    11	font_size=18
    12	
    13	toggle_hud=Shift_R+F12
    14	toggle_logging=Shift_R+F11
    15	
    16	fps
    17	frametime=0
    18	frame_timing=0
    19	cpu_stats
    20	cpu_temp
    21	cpu_mhz
    22	gpu_stats
    23	gpu_temp
    24	gpu_core_clock
    25	ram
    26	vram
    27	swap
    28	gamemode
    29	time
    30	time_format=%R

---- /etc/xdg/MangoHud/MangoHud.conf ----
-rw-r--r-- 1 root root 426 Jun 27 23:26 /etc/xdg/MangoHud/MangoHud.conf
0875c161eddb02ee6e82f3d32bf0a7824e6a911741d41869b51b98a0d3f10422  /etc/xdg/MangoHud/MangoHud.conf
Conteúdo:
     1	# Mocha MangoHud — configuração canônica
     2	# Overlay horizontal, sem gráficos, terminando com hora:minuto.
     3	
     4	legacy_layout=0
     5	horizontal
     6	hud_no_margin
     7	table_columns=16
     8	position=top-left
     9	background_alpha=0.35
    10	round_corners=8
    11	font_size=18
    12	
    13	toggle_hud=Shift_R+F12
    14	toggle_logging=Shift_R+F11
    15	
    16	fps
    17	frametime=0
    18	frame_timing=0
    19	cpu_stats
    20	cpu_temp
    21	cpu_mhz
    22	gpu_stats
    23	gpu_temp
    24	gpu_core_clock
    25	ram
    26	vram
    27	swap
    28	gamemode
    29	time
    30	time_format=%R

---- /home/mocha/.config/MangoHud/MangoHud.conf ----
-rw-r--r-- 1 mocha mocha 426 Jun 27 23:26 /home/mocha/.config/MangoHud/MangoHud.conf
0875c161eddb02ee6e82f3d32bf0a7824e6a911741d41869b51b98a0d3f10422  /home/mocha/.config/MangoHud/MangoHud.conf
Conteúdo:
     1	# Mocha MangoHud — configuração canônica
     2	# Overlay horizontal, sem gráficos, terminando com hora:minuto.
     3	
     4	legacy_layout=0
     5	horizontal
     6	hud_no_margin
     7	table_columns=16
     8	position=top-left
     9	background_alpha=0.35
    10	round_corners=8
    11	font_size=18
    12	
    13	toggle_hud=Shift_R+F12
    14	toggle_logging=Shift_R+F11
    15	
    16	fps
    17	frametime=0
    18	frame_timing=0
    19	cpu_stats
    20	cpu_temp
    21	cpu_mhz
    22	gpu_stats
    23	gpu_temp
    24	gpu_core_clock
    25	ram
    26	vram
    27	swap
    28	gamemode
    29	time
    30	time_format=%R

---- /usr/local/share/mocha/mangohud/MangoHud.conf ----
-rw-r--r-- 1 root root 426 Jun 27 23:26 /usr/local/share/mocha/mangohud/MangoHud.conf
0875c161eddb02ee6e82f3d32bf0a7824e6a911741d41869b51b98a0d3f10422  /usr/local/share/mocha/mangohud/MangoHud.conf
Conteúdo:
     1	# Mocha MangoHud — configuração canônica
     2	# Overlay horizontal, sem gráficos, terminando com hora:minuto.
     3	
     4	legacy_layout=0
     5	horizontal
     6	hud_no_margin
     7	table_columns=16
     8	position=top-left
     9	background_alpha=0.35
    10	round_corners=8
    11	font_size=18
    12	
    13	toggle_hud=Shift_R+F12
    14	toggle_logging=Shift_R+F11
    15	
    16	fps
    17	frametime=0
    18	frame_timing=0
    19	cpu_stats
    20	cpu_temp
    21	cpu_mhz
    22	gpu_stats
    23	gpu_temp
    24	gpu_core_clock
    25	ram
    26	vram
    27	swap
    28	gamemode
    29	time
    30	time_format=%R

============================================================
[4] Processos Steam/Proton/Wine/MangoHud em execução
============================================================
    875     842 mocha    gamemoded       /usr/bin/gamemoded
  25357     842 mocha    bash            bash /home/mocha/.local/share/Steam/steam.sh -srt-logger-opened
  25360   25357 mocha    bash            bash /usr/local/bin/mocha-steam-launchopts-watch
  25381     842 mocha    srt-logger      /home/mocha/.local/share/Steam/ubuntu12_32/steam-runtime/usr/libexec/steam-runtime-tools-0/srt-logger --sh-syntax --rotate=8388608 --log-directory /home/mocha/.local/share/Steam/logs --filename console-linux.txt --log-fd=7 --journal-fd=5 --parse-level-prefix
  25474   25357 mocha    steam           /home/mocha/.local/share/Steam/ubuntu12_32/steam -srt-logger-opened
  25497   25474 mocha    srt-bwrap       /home/mocha/.local/share/Steam/steamrt64/pv-runtime/steam-runtime-steamrt/pressure-vessel/libexec/steam-runtime-tools-0/srt-bwrap --args 26 /usr/lib/pressure-vessel/from-host/libexec/steam-runtime-tools-0/pv-adverb --prefix=/usr/lib/pressure-vessel/from-host --generate-locales --fd 11 --regenerate-ld.so-cache /var/pressure-vessel/ldso --add-ld.so-path /usr/lib/pressure-vessel/overrides/lib/x86_64-linux-gnu --add-ld.so-path /usr/lib/pressure-vessel/overrides/lib/i386-linux-gnu --set-ld-library-path /usr/lib/pressure-vessel/overrides/lib/x86_64-linux-gnu/aliases:/usr/lib/pressure-vessel/overrides/lib/i386-linux-gnu/aliases --overrides-path /usr/lib/pressure-vessel/overrides --assign-fd=1=3 --assign-fd=2=4 -- /home/mocha/.local/share/Steam/ubuntu12_64/steamwebhelper_sniper_wrap.sh -nocrashdialog -lang=pt_BR -cachedir=/home/mocha/.local/share/Steam/config/htmlcache -steampid=25474 -buildid=1782533657 -steamid=0 -logdir=/home/mocha/.local/share/Steam/logs -uimode=7 -startcount=0 -steamuniverse=Public -realm=Global -clientui=/home/mocha/.local/share/Steam/clientui -steampath=/home/mocha/.local/share/Steam/ubuntu12_32/steam -launcher=0 -use_xcomposite_workaround --valve-initial-threadpool-size=4 --valve-enable-site-isolation --enable-smooth-scrolling --disable-gpu-compositing --disable-gpu --password-store=basic --log-file=/home/mocha/.local/share/Steam/logs/cef_log.txt --disable-quick-menu --disable-component-update --gaia-url=http://disabled.invalid --disable-features=WinRetrieveSuggestionsOnlyOnDemand,SpareRendererForSitePerProcess,DcheckIsFatal,BlockPromptsIfIgnoredOften,WebUsbDeviceDetection,ValveFFmpegAllowLowDelayHEVC
  25509     842 mocha    srt-logger      /home/mocha/.local/share/Steam/ubuntu12_32/steam-runtime/usr/libexec/steam-runtime-tools-0/srt-logger --sh-syntax --rotate=8388608 --log-directory /home/mocha/.steam/steam/logs --filename webhelper-linux.txt --log-fd=7 --journal-fd=5 --parse-level-prefix --journal-level=info
  25566   25474 mocha    steam-runtime-l steam-runtime-launcher-service --alongside-steam
  25662   25497 mocha    pv-adverb       /usr/lib/pressure-vessel/from-host/libexec/steam-runtime-tools-0/pv-adverb --prefix=/usr/lib/pressure-vessel/from-host --generate-locales --fd 11 --regenerate-ld.so-cache /var/pressure-vessel/ldso --add-ld.so-path /usr/lib/pressure-vessel/overrides/lib/x86_64-linux-gnu --add-ld.so-path /usr/lib/pressure-vessel/overrides/lib/i386-linux-gnu --set-ld-library-path /usr/lib/pressure-vessel/overrides/lib/x86_64-linux-gnu/aliases:/usr/lib/pressure-vessel/overrides/lib/i386-linux-gnu/aliases --overrides-path /usr/lib/pressure-vessel/overrides --assign-fd=1=3 --assign-fd=2=4 -- /home/mocha/.local/share/Steam/ubuntu12_64/steamwebhelper_sniper_wrap.sh -nocrashdialog -lang=pt_BR -cachedir=/home/mocha/.local/share/Steam/config/htmlcache -steampid=25474 -buildid=1782533657 -steamid=0 -logdir=/home/mocha/.local/share/Steam/logs -uimode=7 -startcount=0 -steamuniverse=Public -realm=Global -clientui=/home/mocha/.local/share/Steam/clientui -steampath=/home/mocha/.local/share/Steam/ubuntu12_32/steam -launcher=0 -use_xcomposite_workaround --valve-initial-threadpool-size=4 --valve-enable-site-isolation --enable-smooth-scrolling --disable-gpu-compositing --disable-gpu --password-store=basic --log-file=/home/mocha/.local/share/Steam/logs/cef_log.txt --disable-quick-menu --disable-component-update --gaia-url=http://disabled.invalid --disable-features=WinRetrieveSuggestionsOnlyOnDemand,SpareRendererForSitePerProcess,DcheckIsFatal,BlockPromptsIfIgnoredOften,WebUsbDeviceDetection,ValveFFmpegAllowLowDelayHEVC
  25695   25662 mocha    steamwebhelper  ./steamwebhelper -nocrashdialog -lang=pt_BR -cachedir=/home/mocha/.local/share/Steam/config/htmlcache -steampid=25474 -buildid=1782533657 -steamid=0 -logdir=/home/mocha/.local/share/Steam/logs -uimode=7 -startcount=0 -steamuniverse=Public -realm=Global -clientui=/home/mocha/.local/share/Steam/clientui -steampath=/home/mocha/.local/share/Steam/ubuntu12_32/steam -launcher=0 -use_xcomposite_workaround --valve-initial-threadpool-size=4 --valve-enable-site-isolation --enable-smooth-scrolling --disable-gpu-compositing --disable-gpu --password-store=basic --log-file=/home/mocha/.local/share/Steam/logs/cef_log.txt --disable-quick-menu --disable-component-update --gaia-url=http://disabled.invalid --disable-features=WinRetrieveSuggestionsOnlyOnDemand,SpareRendererForSitePerProcess,DcheckIsFatal,BlockPromptsIfIgnoredOften,WebUsbDeviceDetection,ValveFFmpegAllowLowDelayHEVC
  25698   25662 mocha    steamwebhelper  /home/mocha/.local/share/Steam/ubuntu12_64/steamwebhelper --monitor-self-annotation=ptype=crashpad-handler --type=crashpad-handler --max-uploads=5 --max-db-size=20 --max-db-age=5 --database=/tmp/dumps --url=https://crash.steampowered.com/submit --annotation=lsb-release=Steam Runtime 3c (steamrt3c) --annotation=platform=linux64 --annotation=product=cefwebhelper --annotation=version=1782533657 --initial-client-fd=8 --shared-client-connection
  25703   25695 mocha    steamwebhelper  /home/mocha/.local/share/Steam/ubuntu12_64/steamwebhelper --type=zygote --no-zygote-sandbox --crashpad-handler-pid=25698 --enable-crash-reporter=, --change-stack-guard-on-fork=enable --enable-chrome-runtime --user-data-dir=/home/mocha/.local/share/Steam/config/htmlcache --user-agent-product=Valve Steam Client --buildid=1782533657 --steamid=0 --valve-initial-threadpool-size=4
  25704   25695 mocha    steamwebhelper  /home/mocha/.local/share/Steam/ubuntu12_64/steamwebhelper --type=zygote --crashpad-handler-pid=25698 --enable-crash-reporter=, --change-stack-guard-on-fork=enable --enable-chrome-runtime --user-data-dir=/home/mocha/.local/share/Steam/config/htmlcache --user-agent-product=Valve Steam Client --buildid=1782533657 --steamid=0 --valve-initial-threadpool-size=4
  25706   25704 mocha    steamwebhelper  /home/mocha/.local/share/Steam/ubuntu12_64/steamwebhelper --type=zygote --crashpad-handler-pid=25698 --enable-crash-reporter=, --change-stack-guard-on-fork=enable --enable-chrome-runtime --user-data-dir=/home/mocha/.local/share/Steam/config/htmlcache --user-agent-product=Valve Steam Client --buildid=1782533657 --steamid=0 --valve-initial-threadpool-size=4
  25724   25703 mocha    steamwebhelper  /home/mocha/.local/share/Steam/ubuntu12_64/steamwebhelper --type=zygote --no-zygote-sandbox --crashpad-handler-pid=25698 --enable-crash-reporter=, --change-stack-guard-on-fork=enable --enable-chrome-runtime --user-data-dir=/home/mocha/.local/share/Steam/config/htmlcache --user-agent-product=Valve Steam Client --buildid=1782533657 --steamid=0 --valve-initial-threadpool-size=4
  25744   25695 mocha    steamwebhelper  /proc/self/exe --type=utility --utility-sub-type=network.mojom.NetworkService --lang=pt-BR --service-sandbox-type=none --crashpad-handler-pid=25698 --enable-crash-reporter=, --change-stack-guard-on-fork=enable --enable-chrome-runtime --user-data-dir=/home/mocha/.local/share/Steam/config/htmlcache --user-agent-product=Valve Steam Client --buildid=1782533657 --steamid=0 --valve-initial-threadpool-size=4 --shared-files --field-trial-handle=3,i,4767953005085949346,552316716061898660,262144 --disable-features=BlockPromptsIfIgnoredOften,DcheckIsFatal,SpareRendererForSitePerProcess,ValveFFmpegAllowLowDelayHEVC,WebUsbDeviceDetection,WinRetrieveSuggestionsOnlyOnDemand --variations-seed-version --log-file=/home/mocha/.local/share/Steam/logs/cef_log.txt
  25746   25706 mocha    steamwebhelper  /home/mocha/.local/share/Steam/ubuntu12_64/steamwebhelper --type=zygote --crashpad-handler-pid=25698 --enable-crash-reporter=, --change-stack-guard-on-fork=enable --enable-chrome-runtime --user-data-dir=/home/mocha/.local/share/Steam/config/htmlcache --user-agent-product=Valve Steam Client --buildid=1782533657 --steamid=0 --valve-initial-threadpool-size=4
  25794   25706 mocha    steamwebhelper  /home/mocha/.local/share/Steam/ubuntu12_64/steamwebhelper --type=zygote --crashpad-handler-pid=25698 --enable-crash-reporter=, --change-stack-guard-on-fork=enable --enable-chrome-runtime --user-data-dir=/home/mocha/.local/share/Steam/config/htmlcache --user-agent-product=Valve Steam Client --buildid=1782533657 --steamid=0 --valve-initial-threadpool-size=4
  25919   25706 mocha    steamwebhelper  /home/mocha/.local/share/Steam/ubuntu12_64/steamwebhelper --type=zygote --crashpad-handler-pid=25698 --enable-crash-reporter=, --change-stack-guard-on-fork=enable --enable-chrome-runtime --user-data-dir=/home/mocha/.local/share/Steam/config/htmlcache --user-agent-product=Valve Steam Client --buildid=1782533657 --steamid=0 --valve-initial-threadpool-size=4
  26138   25474 mocha    reaper          /home/mocha/.local/share/Steam/ubuntu12_32/reaper SteamLaunch AppId=2169200 -- /home/mocha/.local/share/Steam/steamapps/common/SteamLinuxRuntime_4/_v2-entry-point --verb=waitforexitandrun -- /home/mocha/.local/share/Steam/steamapps/common/Proton - Experimental/proton waitforexitandrun /home/mocha/.local/share/Steam/steamapps/common/Sniper Elite Resistance/launcher/SniperResistance.exe
  26148   26138 mocha    srt-bwrap       /home/mocha/.local/share/Steam/steamapps/common/SteamLinuxRuntime_4/pressure-vessel/libexec/steam-runtime-tools-0/srt-bwrap --args 26 /usr/lib/pressure-vessel/from-host/libexec/steam-runtime-tools-0/pv-adverb --prefix=/usr/lib/pressure-vessel/from-host --generate-locales --fd 11 --regenerate-ld.so-cache /var/pressure-vessel/ldso --add-ld.so-path /usr/lib/pressure-vessel/overrides/lib/x86_64-linux-gnu --add-ld.so-path /usr/lib/pressure-vessel/overrides/lib/i386-linux-gnu --set-ld-library-path /usr/lib/pressure-vessel/overrides/lib/x86_64-linux-gnu/aliases:/usr/lib/pressure-vessel/overrides/lib/i386-linux-gnu/aliases --overrides-path /usr/lib/pressure-vessel/overrides --assign-fd=1=3 --assign-fd=2=4 --ld-preload=/run/host/usr/lib/libgamemodeauto.so.0:abi=x86_64-linux-gnu --ld-preload=/run/host/usr/lib32/libgamemodeauto.so.0:abi=i386-linux-gnu --ld-preload=/home/mocha/.local/share/Steam/ubuntu12_32/gameoverlayrenderer.so --ld-preload=/home/mocha/.local/share/Steam/ubuntu12_64/gameoverlayrenderer.so --ld-preload=/run/host/usr/lib/mangohud/libMangoHud_shim.so:abi=x86_64-linux-gnu --ld-preload=/run/host/usr/lib32/mangohud/libMangoHud_shim.so:abi=i386-linux-gnu -- /home/mocha/.local/share/Steam/steamapps/common/Proton - Experimental/proton waitforexitandrun /home/mocha/.local/share/Steam/steamapps/common/Sniper Elite Resistance/launcher/SniperResistance.exe
  26210   26148 mocha    pv-adverb       /usr/lib/pressure-vessel/from-host/libexec/steam-runtime-tools-0/pv-adverb --prefix=/usr/lib/pressure-vessel/from-host --generate-locales --fd 11 --regenerate-ld.so-cache /var/pressure-vessel/ldso --add-ld.so-path /usr/lib/pressure-vessel/overrides/lib/x86_64-linux-gnu --add-ld.so-path /usr/lib/pressure-vessel/overrides/lib/i386-linux-gnu --set-ld-library-path /usr/lib/pressure-vessel/overrides/lib/x86_64-linux-gnu/aliases:/usr/lib/pressure-vessel/overrides/lib/i386-linux-gnu/aliases --overrides-path /usr/lib/pressure-vessel/overrides --assign-fd=1=3 --assign-fd=2=4 --ld-preload=/run/host/usr/lib/libgamemodeauto.so.0:abi=x86_64-linux-gnu --ld-preload=/run/host/usr/lib32/libgamemodeauto.so.0:abi=i386-linux-gnu --ld-preload=/home/mocha/.local/share/Steam/ubuntu12_32/gameoverlayrenderer.so --ld-preload=/home/mocha/.local/share/Steam/ubuntu12_64/gameoverlayrenderer.so --ld-preload=/run/host/usr/lib/mangohud/libMangoHud_shim.so:abi=x86_64-linux-gnu --ld-preload=/run/host/usr/lib32/mangohud/libMangoHud_shim.so:abi=i386-linux-gnu -- /home/mocha/.local/share/Steam/steamapps/common/Proton - Experimental/proton waitforexitandrun /home/mocha/.local/share/Steam/steamapps/common/Sniper Elite Resistance/launcher/SniperResistance.exe
  26243   26210 mocha    python3         python3 /home/mocha/.local/share/Steam/steamapps/common/Proton - Experimental/proton waitforexitandrun /home/mocha/.local/share/Steam/steamapps/common/Sniper Elite Resistance/launcher/SniperResistance.exe
  26255   26243 mocha    steam.exe       c:\windows\system32\steam.exe /home/mocha/.local/share/Steam/steamapps/common/Sniper Elite Resistance/launcher/SniperResistance.exe
  26257   26210 mocha    wineserver      /home/mocha/.local/share/Steam/steamapps/common/Proton - Experimental/files/lib/wine/../../bin/wineserver
  26261   26210 mocha    services.exe    C:\windows\system32\services.exe
  26264   26210 mocha    winedevice.exe  C:\windows\system32\winedevice.exe
  26274   26210 mocha    plugplay.exe    C:\windows\system32\plugplay.exe
  26280   26210 mocha    svchost.exe     C:\windows\system32\svchost.exe -k LocalServiceNetworkRestricted
  26287   26210 mocha    winedevice.exe  C:\windows\system32\winedevice.exe
  26303   26210 mocha    explorer.exe    C:\windows\system32\explorer.exe /desktop
  26310   26210 mocha    rpcss.exe       C:\windows\system32\rpcss.exe
  26320   26210 mocha    tabtip.exe      C:\windows\system32\tabtip.exe
  26322   26210 mocha    xalia.exe       \\?\S:\common\Proton - Experimental\files\share\wine/../xalia/xalia.exe
  26328   26210 mocha    SniperResistanc S:\common\Sniper Elite Resistance\launcher\SniperResistance.exe
  26516   26210 mocha    MainThread      S:\common\Sniper Elite Resistance\bin\sniperresistance_dx12.exe -SelectDeviceLUID=f2030000-00000000 -skipdrivercheck
  26654   25474 mocha    gameoverlayui   /home/mocha/.local/share/Steam/ubuntu12_32/gameoverlayui -pid 26516 -steampid 25474 -manuallyclearframes 0 -gameid 2169200
  26935   26923 mocha    tee             tee -a /media/mochafast/MochaArch/ativo/logs/20260627-232843-diagnostico-origem-mangohud.log
  26999   26923 mocha    awk             awk BEGIN{IGNORECASE=1} /steam|proton|wine|wineserver|pressure|pv-bwrap|mangohud|gameoverlay|\.exe|gamemode|mocha-steam-game-run/ && $1 !~ /awk/ {print}

============================================================
[5] Ambiente real dos processos relevantes
============================================================
bash: line 161: /proc/1/environ: Permission denied
bash: line 161: /proc/10/environ: Permission denied
bash: line 161: /proc/101/environ: Permission denied
bash: line 161: /proc/102/environ: Permission denied
bash: line 161: /proc/103/environ: Permission denied
bash: line 161: /proc/1031/environ: Permission denied
bash: line 161: /proc/104/environ: Permission denied
bash: line 161: /proc/105/environ: Permission denied
bash: line 161: /proc/1068/environ: Permission denied
bash: line 161: /proc/107/environ: Permission denied
bash: line 161: /proc/108/environ: Permission denied
bash: line 161: /proc/10817/environ: Permission denied
bash: line 161: /proc/109/environ: Permission denied
bash: line 161: /proc/11/environ: Permission denied
bash: line 161: /proc/110/environ: Permission denied
bash: line 161: /proc/111/environ: Permission denied
bash: line 161: /proc/11151/environ: Permission denied
bash: line 161: /proc/113/environ: Permission denied
bash: line 161: /proc/1136/environ: Permission denied
bash: line 161: /proc/114/environ: Permission denied
bash: line 161: /proc/115/environ: Permission denied
bash: line 161: /proc/116/environ: Permission denied
bash: line 161: /proc/117/environ: Permission denied
bash: line 161: /proc/118/environ: Permission denied
bash: line 161: /proc/1183/environ: Permission denied
bash: line 161: /proc/119/environ: Permission denied
bash: line 161: /proc/120/environ: Permission denied
bash: line 161: /proc/122/environ: Permission denied
bash: line 161: /proc/1228/environ: Permission denied
bash: line 161: /proc/123/environ: Permission denied
bash: line 161: /proc/124/environ: Permission denied
bash: line 161: /proc/125/environ: Permission denied
bash: line 161: /proc/126/environ: Permission denied
bash: line 161: /proc/127/environ: Permission denied
bash: line 161: /proc/128/environ: Permission denied
bash: line 161: /proc/129/environ: Permission denied
bash: line 161: /proc/12905/environ: Permission denied
bash: line 161: /proc/12949/environ: Permission denied
bash: line 161: /proc/12953/environ: Permission denied
bash: line 161: /proc/13062/environ: Permission denied
bash: line 161: /proc/131/environ: Permission denied
bash: line 161: /proc/133/environ: Permission denied
bash: line 161: /proc/134/environ: Permission denied
bash: line 161: /proc/135/environ: Permission denied
bash: line 161: /proc/136/environ: Permission denied
bash: line 161: /proc/137/environ: Permission denied
bash: line 161: /proc/138/environ: Permission denied
bash: line 161: /proc/139/environ: Permission denied
bash: line 161: /proc/14/environ: Permission denied
bash: line 161: /proc/140/environ: Permission denied
bash: line 161: /proc/141/environ: Permission denied
bash: line 161: /proc/142/environ: Permission denied
bash: line 161: /proc/145/environ: Permission denied
bash: line 161: /proc/146/environ: Permission denied
bash: line 161: /proc/147/environ: Permission denied
bash: line 161: /proc/148/environ: Permission denied
bash: line 161: /proc/1482/environ: Permission denied
bash: line 161: /proc/149/environ: Permission denied
bash: line 161: /proc/15/environ: Permission denied
bash: line 161: /proc/150/environ: Permission denied
bash: line 161: /proc/151/environ: Permission denied
bash: line 161: /proc/152/environ: Permission denied
bash: line 161: /proc/153/environ: Permission denied
bash: line 161: /proc/154/environ: Permission denied
bash: line 161: /proc/15430/environ: Permission denied
bash: line 161: /proc/155/environ: Permission denied
bash: line 161: /proc/156/environ: Permission denied
bash: line 161: /proc/158/environ: Permission denied
bash: line 161: /proc/16/environ: Permission denied
bash: line 161: /proc/165/environ: Permission denied
bash: line 161: /proc/166/environ: Permission denied
bash: line 161: /proc/167/environ: Permission denied
bash: line 161: /proc/1672/environ: Permission denied
bash: line 161: /proc/168/environ: Permission denied
bash: line 161: /proc/17/environ: Permission denied
bash: line 161: /proc/171/environ: Permission denied
bash: line 161: /proc/172/environ: Permission denied
bash: line 161: /proc/176/environ: Permission denied
bash: line 161: /proc/18/environ: Permission denied
bash: line 161: /proc/181/environ: Permission denied
bash: line 161: /proc/184/environ: Permission denied
bash: line 161: /proc/1848/environ: Permission denied
bash: line 161: /proc/185/environ: Permission denied
bash: line 161: /proc/18891/environ: Permission denied
bash: line 161: /proc/18893/environ: Permission denied
bash: line 161: /proc/18894/environ: Permission denied
bash: line 161: /proc/19/environ: Permission denied
bash: line 161: /proc/2/environ: Permission denied
bash: line 161: /proc/20/environ: Permission denied
bash: line 161: /proc/20219/environ: Permission denied
bash: line 161: /proc/21/environ: Permission denied
bash: line 161: /proc/217/environ: Permission denied
bash: line 161: /proc/218/environ: Permission denied
bash: line 161: /proc/21849/environ: Permission denied
bash: line 161: /proc/219/environ: Permission denied
bash: line 161: /proc/21970/environ: Permission denied
bash: line 161: /proc/22/environ: Permission denied
bash: line 161: /proc/220/environ: Permission denied
bash: line 161: /proc/221/environ: Permission denied
bash: line 161: /proc/222/environ: Permission denied
bash: line 161: /proc/22479/environ: Permission denied
bash: line 161: /proc/2284/environ: Permission denied
bash: line 161: /proc/23/environ: Permission denied
bash: line 161: /proc/24/environ: Permission denied
bash: line 161: /proc/24196/environ: Permission denied
bash: line 161: /proc/24197/environ: Permission denied
bash: line 161: /proc/24221/environ: Permission denied
bash: line 161: /proc/24222/environ: Permission denied
bash: line 161: /proc/24260/environ: Permission denied
bash: line 161: /proc/24262/environ: Permission denied
bash: line 161: /proc/24263/environ: Permission denied
bash: line 161: /proc/24264/environ: Permission denied
bash: line 161: /proc/24270/environ: Permission denied
bash: line 161: /proc/245/environ: Permission denied
bash: line 161: /proc/246/environ: Permission denied
bash: line 161: /proc/247/environ: Permission denied
bash: line 161: /proc/248/environ: Permission denied
bash: line 161: /proc/249/environ: Permission denied
bash: line 161: /proc/25/environ: Permission denied
bash: line 161: /proc/251/environ: Permission denied
bash: line 161: /proc/25153/environ: Permission denied
bash: line 161: /proc/252/environ: Permission denied
bash: line 161: /proc/253/environ: Permission denied
bash: line 161: /proc/254/environ: Permission denied
bash: line 161: /proc/25482/environ: Permission denied
bash: line 161: /proc/255/environ: Permission denied
bash: line 161: /proc/256/environ: Permission denied
bash: line 160: /proc/25623/cmdline: No such file or directory
bash: line 161: /proc/25623/environ: No such file or directory
bash: line 160: /proc/25624/cmdline: No such file or directory
bash: line 161: /proc/25624/environ: No such file or directory
bash: line 161: /proc/257/environ: Permission denied
bash: line 161: /proc/25726/environ: Permission denied
bash: line 161: /proc/25729/environ: Permission denied
bash: line 161: /proc/25732/environ: Permission denied
bash: line 161: /proc/25733/environ: Permission denied
bash: line 161: /proc/25734/environ: Permission denied
bash: line 161: /proc/258/environ: Permission denied
bash: line 161: /proc/25820/environ: Permission denied
bash: line 161: /proc/25862/environ: Permission denied
bash: line 161: /proc/25885/environ: Permission denied
bash: line 161: /proc/259/environ: Permission denied
bash: line 161: /proc/26/environ: Permission denied
bash: line 161: /proc/260/environ: Permission denied
bash: line 161: /proc/26304/environ: Permission denied
bash: line 161: /proc/26398/environ: Permission denied
bash: line 161: /proc/26399/environ: Permission denied
bash: line 161: /proc/26400/environ: Permission denied
bash: line 161: /proc/26536/environ: Permission denied
bash: line 161: /proc/26579/environ: Permission denied
bash: line 161: /proc/26582/environ: Permission denied
bash: line 161: /proc/26585/environ: Permission denied
bash: line 161: /proc/26586/environ: Permission denied
bash: line 161: /proc/26587/environ: Permission denied
bash: line 161: /proc/26588/environ: Permission denied
bash: line 161: /proc/26589/environ: Permission denied
bash: line 161: /proc/26590/environ: Permission denied
bash: line 161: /proc/26591/environ: Permission denied
bash: line 161: /proc/26592/environ: Permission denied
bash: line 161: /proc/26593/environ: Permission denied
bash: line 161: /proc/26594/environ: Permission denied
bash: line 161: /proc/26595/environ: Permission denied
bash: line 161: /proc/26596/environ: Permission denied
bash: line 161: /proc/26597/environ: Permission denied
bash: line 161: /proc/26598/environ: Permission denied
bash: line 161: /proc/26698/environ: Permission denied
bash: line 161: /proc/26877/environ: Permission denied
bash: line 161: /proc/26893/environ: Permission denied
bash: line 161: /proc/2690/environ: Permission denied
bash: line 160: /proc/26909/cmdline: No such file or directory
bash: line 161: /proc/26909/environ: No such file or directory
bash: line 160: /proc/26936/cmdline: No such file or directory
bash: line 161: /proc/26936/environ: No such file or directory
bash: line 161: /proc/27/environ: Permission denied
bash: line 161: /proc/29/environ: Permission denied
bash: line 161: /proc/299/environ: Permission denied
bash: line 161: /proc/3/environ: Permission denied
bash: line 161: /proc/30/environ: Permission denied
bash: line 161: /proc/301/environ: Permission denied
bash: line 161: /proc/302/environ: Permission denied
bash: line 161: /proc/303/environ: Permission denied
bash: line 161: /proc/304/environ: Permission denied
bash: line 161: /proc/305/environ: Permission denied
bash: line 161: /proc/306/environ: Permission denied
bash: line 161: /proc/307/environ: Permission denied
bash: line 161: /proc/3096/environ: Permission denied
bash: line 161: /proc/31/environ: Permission denied
bash: line 161: /proc/310/environ: Permission denied
bash: line 161: /proc/32/environ: Permission denied
bash: line 161: /proc/33/environ: Permission denied
bash: line 161: /proc/344/environ: Permission denied
bash: line 161: /proc/345/environ: Permission denied
bash: line 161: /proc/35/environ: Permission denied
bash: line 161: /proc/36/environ: Permission denied
bash: line 161: /proc/367/environ: Permission denied
bash: line 161: /proc/37/environ: Permission denied
bash: line 161: /proc/38/environ: Permission denied
bash: line 161: /proc/39/environ: Permission denied
bash: line 161: /proc/394/environ: Permission denied
bash: line 161: /proc/4/environ: Permission denied
bash: line 161: /proc/405/environ: Permission denied
bash: line 161: /proc/41/environ: Permission denied
bash: line 161: /proc/412/environ: Permission denied
bash: line 161: /proc/413/environ: Permission denied
bash: line 161: /proc/42/environ: Permission denied
bash: line 161: /proc/423/environ: Permission denied
bash: line 161: /proc/426/environ: Permission denied
bash: line 161: /proc/427/environ: Permission denied
bash: line 161: /proc/428/environ: Permission denied
bash: line 161: /proc/43/environ: Permission denied
bash: line 161: /proc/44/environ: Permission denied
bash: line 161: /proc/449/environ: Permission denied
bash: line 161: /proc/45/environ: Permission denied
bash: line 161: /proc/458/environ: Permission denied
bash: line 161: /proc/463/environ: Permission denied
bash: line 161: /proc/468/environ: Permission denied
bash: line 161: /proc/47/environ: Permission denied
bash: line 161: /proc/470/environ: Permission denied
bash: line 161: /proc/48/environ: Permission denied
bash: line 161: /proc/49/environ: Permission denied
bash: line 161: /proc/5/environ: Permission denied
bash: line 161: /proc/50/environ: Permission denied
bash: line 161: /proc/51/environ: Permission denied
bash: line 161: /proc/53/environ: Permission denied
bash: line 161: /proc/54/environ: Permission denied
bash: line 161: /proc/547/environ: Permission denied
bash: line 161: /proc/55/environ: Permission denied
bash: line 161: /proc/56/environ: Permission denied
bash: line 161: /proc/565/environ: Permission denied
bash: line 161: /proc/57/environ: Permission denied
bash: line 161: /proc/579/environ: Permission denied
bash: line 161: /proc/580/environ: Permission denied
bash: line 161: /proc/59/environ: Permission denied
bash: line 161: /proc/6/environ: Permission denied
bash: line 161: /proc/60/environ: Permission denied
bash: line 161: /proc/604/environ: Permission denied
bash: line 161: /proc/605/environ: Permission denied
bash: line 161: /proc/606/environ: Permission denied
bash: line 161: /proc/607/environ: Permission denied
bash: line 161: /proc/608/environ: Permission denied
bash: line 161: /proc/609/environ: Permission denied
bash: line 161: /proc/61/environ: Permission denied
bash: line 161: /proc/610/environ: Permission denied
bash: line 161: /proc/611/environ: Permission denied
bash: line 161: /proc/612/environ: Permission denied
bash: line 161: /proc/613/environ: Permission denied
bash: line 161: /proc/614/environ: Permission denied
bash: line 161: /proc/615/environ: Permission denied
bash: line 161: /proc/617/environ: Permission denied
bash: line 161: /proc/618/environ: Permission denied
bash: line 161: /proc/62/environ: Permission denied
bash: line 161: /proc/6251/environ: Permission denied
bash: line 161: /proc/63/environ: Permission denied
bash: line 161: /proc/638/environ: Permission denied
bash: line 161: /proc/639/environ: Permission denied
bash: line 161: /proc/64/environ: Permission denied
bash: line 161: /proc/640/environ: Permission denied
bash: line 161: /proc/644/environ: Permission denied
bash: line 161: /proc/645/environ: Permission denied
bash: line 161: /proc/648/environ: Permission denied
bash: line 161: /proc/649/environ: Permission denied
bash: line 161: /proc/65/environ: Permission denied
bash: line 161: /proc/650/environ: Permission denied
bash: line 161: /proc/652/environ: Permission denied
bash: line 161: /proc/653/environ: Permission denied
bash: line 161: /proc/656/environ: Permission denied
bash: line 161: /proc/657/environ: Permission denied
bash: line 161: /proc/66/environ: Permission denied
bash: line 161: /proc/663/environ: Permission denied
bash: line 161: /proc/665/environ: Permission denied
bash: line 161: /proc/666/environ: Permission denied
bash: line 161: /proc/667/environ: Permission denied
bash: line 161: /proc/668/environ: Permission denied
bash: line 161: /proc/669/environ: Permission denied
bash: line 161: /proc/67/environ: Permission denied
bash: line 161: /proc/670/environ: Permission denied
bash: line 161: /proc/671/environ: Permission denied
bash: line 161: /proc/679/environ: Permission denied
bash: line 161: /proc/68/environ: Permission denied
bash: line 161: /proc/69/environ: Permission denied
bash: line 161: /proc/7/environ: Permission denied
bash: line 161: /proc/71/environ: Permission denied
bash: line 161: /proc/714/environ: Permission denied
bash: line 161: /proc/715/environ: Permission denied
bash: line 161: /proc/72/environ: Permission denied
bash: line 161: /proc/722/environ: Permission denied
bash: line 161: /proc/724/environ: Permission denied
bash: line 161: /proc/727/environ: Permission denied
bash: line 161: /proc/73/environ: Permission denied
bash: line 161: /proc/74/environ: Permission denied
bash: line 161: /proc/75/environ: Permission denied
bash: line 161: /proc/77/environ: Permission denied
bash: line 161: /proc/78/environ: Permission denied
bash: line 161: /proc/783/environ: Permission denied
bash: line 161: /proc/784/environ: Permission denied
bash: line 161: /proc/79/environ: Permission denied
bash: line 161: /proc/792/environ: Permission denied
bash: line 161: /proc/8/environ: Permission denied
bash: line 161: /proc/80/environ: Permission denied
bash: line 161: /proc/81/environ: Permission denied
bash: line 161: /proc/812/environ: Permission denied
bash: line 161: /proc/83/environ: Permission denied
bash: line 161: /proc/836/environ: Permission denied
bash: line 161: /proc/84/environ: Permission denied
bash: line 161: /proc/842/environ: Permission denied
bash: line 161: /proc/844/environ: Permission denied
bash: line 161: /proc/85/environ: Permission denied
bash: line 161: /proc/86/environ: Permission denied
bash: line 161: /proc/87/environ: Permission denied
bash: line 161: /proc/89/environ: Permission denied
bash: line 161: /proc/8918/environ: Permission denied
bash: line 161: /proc/90/environ: Permission denied
bash: line 161: /proc/91/environ: Permission denied
bash: line 161: /proc/917/environ: Permission denied
bash: line 161: /proc/92/environ: Permission denied
bash: line 161: /proc/925/environ: Permission denied
bash: line 161: /proc/9267/environ: Permission denied
bash: line 161: /proc/93/environ: Permission denied
bash: line 161: /proc/935/environ: Permission denied
bash: line 161: /proc/937/environ: Permission denied
bash: line 161: /proc/938/environ: Permission denied
bash: line 161: /proc/94/environ: Permission denied
bash: line 161: /proc/941/environ: Permission denied
bash: line 161: /proc/944/environ: Permission denied
bash: line 161: /proc/945/environ: Permission denied
bash: line 161: /proc/946/environ: Permission denied
bash: line 161: /proc/947/environ: Permission denied
bash: line 161: /proc/948/environ: Permission denied
bash: line 161: /proc/949/environ: Permission denied
bash: line 161: /proc/95/environ: Permission denied
bash: line 161: /proc/96/environ: Permission denied
bash: line 161: /proc/964/environ: Permission denied
bash: line 161: /proc/965/environ: Permission denied
bash: line 161: /proc/97/environ: Permission denied
bash: line 161: /proc/974/environ: Permission denied
bash: line 161: /proc/98/environ: Permission denied
bash: line 161: /proc/99/environ: Permission denied
bash: line 161: /proc/996/environ: Permission denied

------------------------------------------------------------
PID:  875
PPID: 842
USER: mocha
COMM: gamemoded
CMD:  /usr/bin/gamemoded 

ENV MangoHud/Mocha/GameMode/Steam:
  nenhum env relevante encontrado

------------------------------------------------------------
PID:  879
PPID: 842
USER: mocha
COMM: dbus-broker-lau
CMD:  /usr/bin/dbus-broker-launch --scope user 

ENV MangoHud/Mocha/GameMode/Steam:
  nenhum env relevante encontrado

------------------------------------------------------------
PID:  880
PPID: 879
USER: mocha
COMM: dbus-broker
CMD:  dbus-broker --log 11 --controller 10 --machine-id 78405a40e5b146daa20b21ec06f58ed0 --max-bytes 100000000000000 --max-fds 25000000000000 --max-matches 5000000000 

ENV MangoHud/Mocha/GameMode/Steam:
  nenhum env relevante encontrado

------------------------------------------------------------
PID:  910
PPID: 842
USER: mocha
COMM: kwin_wayland_wr
CMD:  /usr/bin/kwin_wayland_wrapper --xwayland 

ENV MangoHud/Mocha/GameMode/Steam:
  nenhum env relevante encontrado

------------------------------------------------------------
PID:  916
PPID: 842
USER: mocha
COMM: baloo_file
CMD:  /usr/lib/kf6/baloo_file 

ENV MangoHud/Mocha/GameMode/Steam:
  nenhum env relevante encontrado

------------------------------------------------------------
PID:  967
PPID: 842
USER: mocha
COMM: pipewire
CMD:  /usr/bin/pipewire 

ENV MangoHud/Mocha/GameMode/Steam:
  nenhum env relevante encontrado

------------------------------------------------------------
PID:  968
PPID: 842
USER: mocha
COMM: wireplumber
CMD:  /usr/bin/wireplumber 

ENV MangoHud/Mocha/GameMode/Steam:
  nenhum env relevante encontrado

------------------------------------------------------------
PID:  993
PPID: 917
USER: mocha
COMM: Xwayland
CMD:  /usr/bin/Xwayland :1 -auth /run/user/1000/xauth_FjxQdZ -listenfd 8 -listenfd 9 -displayfd 120 -wm 124 -rootless 

ENV MangoHud/Mocha/GameMode/Steam:
  nenhum env relevante encontrado

------------------------------------------------------------
PID:  1009
PPID: 842
USER: mocha
COMM: at-spi-bus-laun
CMD:  /usr/lib/at-spi-bus-launcher 

ENV MangoHud/Mocha/GameMode/Steam:
  nenhum env relevante encontrado

------------------------------------------------------------
PID:  1013
PPID: 842
USER: mocha
COMM: pulseaudio
CMD:  /usr/bin/pulseaudio --daemonize=no --log-target=journal 

ENV MangoHud/Mocha/GameMode/Steam:
  nenhum env relevante encontrado

------------------------------------------------------------
PID:  1019
PPID: 1009
USER: mocha
COMM: dbus-broker-lau
CMD:  /usr/bin/dbus-broker-launch --config-file=/usr/share/defaults/at-spi2/accessibility.conf --scope user 

ENV MangoHud/Mocha/GameMode/Steam:
  nenhum env relevante encontrado

------------------------------------------------------------
PID:  1024
PPID: 1019
USER: mocha
COMM: dbus-broker
CMD:  dbus-broker --log 10 --controller 9 --machine-id 78405a40e5b146daa20b21ec06f58ed0 --max-bytes 100000000000000 --max-fds 6400000 --max-matches 5000000000 

ENV MangoHud/Mocha/GameMode/Steam:
  nenhum env relevante encontrado

------------------------------------------------------------
PID:  1033
PPID: 842
USER: mocha
COMM: ksmserver
CMD:  /usr/bin/ksmserver 

ENV MangoHud/Mocha/GameMode/Steam:
  nenhum env relevante encontrado

------------------------------------------------------------
PID:  1035
PPID: 842
USER: mocha
COMM: kded6
CMD:  /usr/bin/kded6 

ENV MangoHud/Mocha/GameMode/Steam:
  nenhum env relevante encontrado

------------------------------------------------------------
PID:  1047
PPID: 842
USER: mocha
COMM: plasmashell
CMD:  /usr/bin/plasmashell --no-respawn 

ENV MangoHud/Mocha/GameMode/Steam:
  nenhum env relevante encontrado

------------------------------------------------------------
PID:  1048
PPID: 842
USER: mocha
COMM: at-spi2-registr
CMD:  /usr/lib/at-spi2-registryd --use-gnome-session 

ENV MangoHud/Mocha/GameMode/Steam:
  nenhum env relevante encontrado

------------------------------------------------------------
PID:  1063
PPID: 842
USER: mocha
COMM: kactivitymanage
CMD:  /usr/lib/kactivitymanagerd 

ENV MangoHud/Mocha/GameMode/Steam:
  nenhum env relevante encontrado

------------------------------------------------------------
PID:  1066
PPID: 842
USER: mocha
COMM: gmenudbusmenupr
CMD:  /usr/bin/gmenudbusmenuproxy 

ENV MangoHud/Mocha/GameMode/Steam:
  nenhum env relevante encontrado

------------------------------------------------------------
PID:  1067
PPID: 842
USER: mocha
COMM: kaccess
CMD:  /usr/bin/kaccess 

ENV MangoHud/Mocha/GameMode/Steam:
  nenhum env relevante encontrado

------------------------------------------------------------
PID:  1069
PPID: 842
USER: mocha
COMM: org_kde_powerde
CMD:  /usr/lib/org_kde_powerdevil 

ENV MangoHud/Mocha/GameMode/Steam:
  nenhum env relevante encontrado

------------------------------------------------------------
PID:  1070
PPID: 842
USER: mocha
COMM: xembedsniproxy
CMD:  /usr/bin/xembedsniproxy 

ENV MangoHud/Mocha/GameMode/Steam:
  nenhum env relevante encontrado

------------------------------------------------------------
PID:  1100
PPID: 842
USER: mocha
COMM: dconf-service
CMD:  /usr/lib/dconf-service 

ENV MangoHud/Mocha/GameMode/Steam:
  nenhum env relevante encontrado

------------------------------------------------------------
PID:  1116
PPID: 1013
USER: mocha
COMM: gsettings-helpe
CMD:  /usr/lib/pulse/gsettings-helper 

ENV MangoHud/Mocha/GameMode/Steam:
  nenhum env relevante encontrado

------------------------------------------------------------
PID:  1182
PPID: 842
USER: mocha
COMM: xsettingsd
CMD:  /usr/bin/xsettingsd 

ENV MangoHud/Mocha/GameMode/Steam:
  nenhum env relevante encontrado

------------------------------------------------------------
PID:  1399
PPID: 842
USER: mocha
COMM: blueman-applet
CMD:  /usr/bin/python /usr/bin/blueman-applet 

ENV MangoHud/Mocha/GameMode/Steam:
  nenhum env relevante encontrado

------------------------------------------------------------
PID:  1418
PPID: 842
USER: mocha
COMM: xdg-desktop-por
CMD:  /usr/lib/xdg-desktop-portal 

ENV MangoHud/Mocha/GameMode/Steam:
  nenhum env relevante encontrado

------------------------------------------------------------
PID:  1427
PPID: 842
USER: mocha
COMM: DiscoverNotifie
CMD:  /usr/lib/DiscoverNotifier --check-delay 20 

ENV MangoHud/Mocha/GameMode/Steam:
  nenhum env relevante encontrado

------------------------------------------------------------
PID:  1428
PPID: 842
USER: mocha
COMM: kalendarac
CMD:  /usr/bin/kalendarac 

ENV MangoHud/Mocha/GameMode/Steam:
  nenhum env relevante encontrado

------------------------------------------------------------
PID:  1436
PPID: 842
USER: mocha
COMM: kmix
CMD:  /usr/bin/kmix --keepvisibility 

ENV MangoHud/Mocha/GameMode/Steam:
  nenhum env relevante encontrado

------------------------------------------------------------
PID:  1452
PPID: 842
USER: mocha
COMM: firefox
CMD:  /usr/lib/firefox/firefox --sm-client-id 10c7111aaa6000178258854800000010250000 

ENV MangoHud/Mocha/GameMode/Steam:
  nenhum env relevante encontrado

------------------------------------------------------------
PID:  1453
PPID: 842
USER: mocha
COMM: xdg-permission-
CMD:  /usr/lib/xdg-permission-store 

ENV MangoHud/Mocha/GameMode/Steam:
  nenhum env relevante encontrado

------------------------------------------------------------
PID:  1471
PPID: 842
USER: mocha
COMM: xdg-document-po
CMD:  /usr/lib/xdg-document-portal 

ENV MangoHud/Mocha/GameMode/Steam:
  nenhum env relevante encontrado

------------------------------------------------------------
PID:  1489
PPID: 842
USER: mocha
COMM: gvfsd
CMD:  /usr/lib/gvfsd 

ENV MangoHud/Mocha/GameMode/Steam:
  nenhum env relevante encontrado

------------------------------------------------------------
PID:  1490
PPID: 842
USER: mocha
COMM: xdg-desktop-por
CMD:  /usr/lib/xdg-desktop-portal-gtk 

ENV MangoHud/Mocha/GameMode/Steam:
  nenhum env relevante encontrado

------------------------------------------------------------
PID:  1500
PPID: 842
USER: mocha
COMM: crashhelper
CMD:  /usr/lib/firefox/crashhelper 1452 9 /tmp/ 11 

ENV MangoHud/Mocha/GameMode/Steam:
  nenhum env relevante encontrado

------------------------------------------------------------
PID:  1515
PPID: 842
USER: mocha
COMM: gvfsd-fuse
CMD:  /usr/lib/gvfsd-fuse /run/user/1000/gvfs -f 

ENV MangoHud/Mocha/GameMode/Steam:
  nenhum env relevante encontrado

------------------------------------------------------------
PID:  1535
PPID: 842
USER: mocha
COMM: xdg-desktop-por
CMD:  /usr/lib/xdg-desktop-portal-kde 

ENV MangoHud/Mocha/GameMode/Steam:
  nenhum env relevante encontrado

------------------------------------------------------------
PID:  1552
PPID: 842
USER: mocha
COMM: akonadi_control
CMD:  /usr/bin/akonadi_control 

ENV MangoHud/Mocha/GameMode/Steam:
  nenhum env relevante encontrado

------------------------------------------------------------
PID:  1562
PPID: 1552
USER: mocha
COMM: akonadiserver
CMD:  /usr/bin/akonadiserver 

ENV MangoHud/Mocha/GameMode/Steam:
  nenhum env relevante encontrado

------------------------------------------------------------
PID:  1585
PPID: 842
USER: mocha
COMM: blueman-tray
CMD:  /usr/bin/python /usr/bin/blueman-tray 

ENV MangoHud/Mocha/GameMode/Steam:
  nenhum env relevante encontrado

------------------------------------------------------------
PID:  1590
PPID: 1552
USER: mocha
COMM: akonadi_indexin
CMD:  /usr/bin/akonadi_indexing_agent --identifier akonadi_indexing_agent 

ENV MangoHud/Mocha/GameMode/Steam:
  nenhum env relevante encontrado

------------------------------------------------------------
PID:  1679
PPID: 1452
USER: mocha
COMM: forkserver
CMD:  /usr/lib/firefox/firefox -contentproc -ipcHandle 0 -signalPipe 1 -initialChannelId {d2d97e30-c80f-4cb1-a1f0-b1561afb9821} -parentPid 1452 -greomni /usr/lib/firefox/omni.ja -appomni /usr/lib/firefox/browser/omni.ja -appDir /usr/lib/firefox/browser 1 forkserver 

ENV MangoHud/Mocha/GameMode/Steam:
LD_PRELOAD=libmozsandbox.so

------------------------------------------------------------
PID:  1706
PPID: 842
USER: mocha
COMM: gvfsd-metadata
CMD:  /usr/lib/gvfsd-metadata 

ENV MangoHud/Mocha/GameMode/Steam:
  nenhum env relevante encontrado

------------------------------------------------------------
PID:  1730
PPID: 1679
USER: mocha
COMM: Socket Process
CMD:  /usr/lib/firefox/firefox -contentproc -parentBuildID 20260625132349 -prefsHandle 0:37074 -prefMapHandle 1:287079 -sandboxReporter 2 -chrootClient 3 -ipcHandle 4 -initialChannelId {39a4b1a6-2c7c-4bbd-ac2b-7a5fe82768d5} -parentPid 1452 -crashReporter 5 -crashHelperPid 1500 -crashHelper 6 -appDir /usr/lib/firefox/browser 2 socket 

ENV MangoHud/Mocha/GameMode/Steam:
LD_PRELOAD=libmozsandbox.so

------------------------------------------------------------
PID:  1822
PPID: 1679
USER: mocha
COMM: Privileged Cont
CMD:  /usr/lib/firefox/firefox -contentproc -isForBrowser -prefsHandle 0:37244 -prefMapHandle 1:287079 -jsInitHandle 2:156120 -parentBuildID 20260625132349 -sandboxReporter 3 -chrootClient 4 -ipcHandle 5 -initialChannelId {6012d2e4-0cac-47a8-9638-45ba71e05cdd} -parentPid 1452 -crashReporter 6 -crashHelperPid 1500 -crashHelper 7 -greomni /usr/lib/firefox/omni.ja -appomni /usr/lib/firefox/browser/omni.ja -appDir /usr/lib/firefox/browser 3 tab 

ENV MangoHud/Mocha/GameMode/Steam:
LD_PRELOAD=libmozsandbox.so

------------------------------------------------------------
PID:  1831
PPID: 1679
USER: mocha
COMM: RDD Process
CMD:  /usr/lib/firefox/firefox -contentproc -parentBuildID 20260625132349 -prefsHandle 0:37244 -prefMapHandle 1:287079 -sandboxReporter 2 -chrootClient 3 -ipcHandle 4 -initialChannelId {63817c31-5b8f-4c9a-9dc9-ee28a4d9e1ff} -parentPid 1452 -crashReporter 5 -crashHelperPid 1500 -crashHelper 6 -appDir /usr/lib/firefox/browser 4 rdd 

ENV MangoHud/Mocha/GameMode/Steam:
LD_PRELOAD=libmozsandbox.so

------------------------------------------------------------
PID:  2087
PPID: 1679
USER: mocha
COMM: WebExtensions
CMD:  /usr/lib/firefox/firefox -contentproc -isForBrowser -prefsHandle 0:37363 -prefMapHandle 1:287079 -jsInitHandle 2:156120 -parentBuildID 20260625132349 -sandboxReporter 3 -chrootClient 4 -ipcHandle 5 -initialChannelId {c9684378-f8ec-42ca-95bc-ed765ba1924d} -parentPid 1452 -crashReporter 6 -crashHelperPid 1500 -crashHelper 7 -greomni /usr/lib/firefox/omni.ja -appomni /usr/lib/firefox/browser/omni.ja -appDir /usr/lib/firefox/browser 6 tab 

ENV MangoHud/Mocha/GameMode/Steam:
LD_PRELOAD=libmozsandbox.so

------------------------------------------------------------
PID:  2145
PPID: 1679
USER: mocha
COMM: Isolated Web Co
CMD:  /usr/lib/firefox/firefox -contentproc -isForBrowser -prefsHandle 0:45714 -prefMapHandle 1:287079 -jsInitHandle 2:156120 -parentBuildID 20260625132349 -sandboxReporter 3 -chrootClient 4 -ipcHandle 5 -initialChannelId {d285a943-53c3-43d6-a7ac-09d1404e28b5} -parentPid 1452 -crashReporter 6 -crashHelperPid 1500 -crashHelper 7 -greomni /usr/lib/firefox/omni.ja -appomni /usr/lib/firefox/browser/omni.ja -appDir /usr/lib/firefox/browser 7 tab 

ENV MangoHud/Mocha/GameMode/Steam:
LD_PRELOAD=libmozsandbox.so

------------------------------------------------------------
PID:  2256
PPID: 1679
USER: mocha
COMM: Utility Process
CMD:  /usr/lib/firefox/firefox -contentproc -parentBuildID 20260625132349 -sandboxingKind 0 -prefsHandle 0:51599 -prefMapHandle 1:287079 -sandboxReporter 2 -chrootClient 3 -ipcHandle 4 -initialChannelId {5e149ae0-22b8-4de7-ad47-8a2bde340a9d} -parentPid 1452 -crashReporter 5 -crashHelperPid 1500 -crashHelper 6 -appDir /usr/lib/firefox/browser 8 utility 

ENV MangoHud/Mocha/GameMode/Steam:
LD_PRELOAD=libmozsandbox.so

------------------------------------------------------------
PID:  2555
PPID: 1679
USER: mocha
COMM: Web Content
CMD:  /usr/lib/firefox/firefox -contentproc -isForBrowser -prefsHandle 0:46641 -prefMapHandle 1:287079 -jsInitHandle 2:156120 -parentBuildID 20260625132349 -sandboxReporter 3 -chrootClient 4 -ipcHandle 5 -initialChannelId {5d048d5a-a587-453f-baac-cac0fbc26a80} -parentPid 1452 -crashReporter 6 -crashHelperPid 1500 -crashHelper 7 -greomni /usr/lib/firefox/omni.ja -appomni /usr/lib/firefox/browser/omni.ja -appDir /usr/lib/firefox/browser 9 tab 

ENV MangoHud/Mocha/GameMode/Steam:
LD_PRELOAD=libmozsandbox.so

------------------------------------------------------------
PID:  2558
PPID: 1679
USER: mocha
COMM: Web Content
CMD:  /usr/lib/firefox/firefox -contentproc -isForBrowser -prefsHandle 0:46641 -prefMapHandle 1:287079 -jsInitHandle 2:156120 -parentBuildID 20260625132349 -sandboxReporter 3 -chrootClient 4 -ipcHandle 5 -initialChannelId {e5477176-d005-4570-869a-f33533159fa0} -parentPid 1452 -crashReporter 6 -crashHelperPid 1500 -crashHelper 7 -greomni /usr/lib/firefox/omni.ja -appomni /usr/lib/firefox/browser/omni.ja -appDir /usr/lib/firefox/browser 10 tab 

ENV MangoHud/Mocha/GameMode/Steam:
LD_PRELOAD=libmozsandbox.so

------------------------------------------------------------
PID:  2567
PPID: 1679
USER: mocha
COMM: Web Content
CMD:  /usr/lib/firefox/firefox -contentproc -isForBrowser -prefsHandle 0:46641 -prefMapHandle 1:287079 -jsInitHandle 2:156120 -parentBuildID 20260625132349 -sandboxReporter 3 -chrootClient 4 -ipcHandle 5 -initialChannelId {740bc13e-668e-48ea-b39c-473d66789cb7} -parentPid 1452 -crashReporter 6 -crashHelperPid 1500 -crashHelper 7 -greomni /usr/lib/firefox/omni.ja -appomni /usr/lib/firefox/browser/omni.ja -appDir /usr/lib/firefox/browser 11 tab 

ENV MangoHud/Mocha/GameMode/Steam:
LD_PRELOAD=libmozsandbox.so

------------------------------------------------------------
PID:  3406
PPID: 842
USER: mocha
COMM: blueman-manager
CMD:  /usr/bin/python /usr/bin/blueman-manager 

ENV MangoHud/Mocha/GameMode/Steam:
  nenhum env relevante encontrado

------------------------------------------------------------
PID:  8906
PPID: 842
USER: mocha
COMM: spectacle
CMD:  /usr/bin/spectacle --dbus 

ENV MangoHud/Mocha/GameMode/Steam:
  nenhum env relevante encontrado

------------------------------------------------------------
PID:  16320
PPID: 842
USER: mocha
COMM: drkonqi-coredum
CMD:  /usr/lib/drkonqi-coredump-launcher 

ENV MangoHud/Mocha/GameMode/Steam:
  nenhum env relevante encontrado

------------------------------------------------------------
PID:  23430
PPID: 842
USER: mocha
COMM: konsole
CMD:  /usr/bin/konsole 

ENV MangoHud/Mocha/GameMode/Steam:
  nenhum env relevante encontrado

------------------------------------------------------------
PID:  23442
PPID: 23430
USER: mocha
COMM: bash
CMD:  /bin/bash 

ENV MangoHud/Mocha/GameMode/Steam:
  nenhum env relevante encontrado

------------------------------------------------------------
PID:  25202
PPID: 23430
USER: mocha
COMM: bash
CMD:  /bin/bash 

ENV MangoHud/Mocha/GameMode/Steam:
  nenhum env relevante encontrado

------------------------------------------------------------
PID:  25357
PPID: 842
USER: mocha
COMM: bash
CMD:  bash /home/mocha/.local/share/Steam/steam.sh -srt-logger-opened 

ENV MangoHud/Mocha/GameMode/Steam:
SDL_VIDEO_MINIMIZE_ON_FOCUS_LOSS=0
MANGOHUD=1
MANGOHUD_CONFIGFILE=/usr/local/share/mocha/mangohud/MangoHud.conf

------------------------------------------------------------
PID:  25360
PPID: 25357
USER: mocha
COMM: bash
CMD:  bash /usr/local/bin/mocha-steam-launchopts-watch 

ENV MangoHud/Mocha/GameMode/Steam:
SDL_VIDEO_MINIMIZE_ON_FOCUS_LOSS=0
MANGOHUD=1
MANGOHUD_CONFIGFILE=/usr/local/share/mocha/mangohud/MangoHud.conf

------------------------------------------------------------
PID:  25381
PPID: 842
USER: mocha
COMM: srt-logger
CMD:  /home/mocha/.local/share/Steam/ubuntu12_32/steam-runtime/usr/libexec/steam-runtime-tools-0/srt-logger --sh-syntax --rotate=8388608 --log-directory /home/mocha/.local/share/Steam/logs --filename console-linux.txt --log-fd=7 --journal-fd=5 --parse-level-prefix 

ENV MangoHud/Mocha/GameMode/Steam:
SDL_VIDEO_MINIMIZE_ON_FOCUS_LOSS=0
MANGOHUD=1
MANGOHUD_CONFIGFILE=/usr/local/share/mocha/mangohud/MangoHud.conf

------------------------------------------------------------
PID:  25474
PPID: 25357
USER: mocha
COMM: steam
CMD:  /home/mocha/.local/share/Steam/ubuntu12_32/steam -srt-logger-opened 

ENV MangoHud/Mocha/GameMode/Steam:
SDL_VIDEO_MINIMIZE_ON_FOCUS_LOSS=0
MANGOHUD=1
MANGOHUD_CONFIGFILE=/usr/local/share/mocha/mangohud/MangoHud.conf

------------------------------------------------------------
PID:  25497
PPID: 25474
USER: mocha
COMM: srt-bwrap
CMD:  /home/mocha/.local/share/Steam/steamrt64/pv-runtime/steam-runtime-steamrt/pressure-vessel/libexec/steam-runtime-tools-0/srt-bwrap --args 26 /usr/lib/pressure-vessel/from-host/libexec/steam-runtime-tools-0/pv-adverb --prefix=/usr/lib/pressure-vessel/from-host --generate-locales --fd 11 --regenerate-ld.so-cache /var/pressure-vessel/ldso --add-ld.so-path /usr/lib/pressure-vessel/overrides/lib/x86_64-linux-gnu --add-ld.so-path /usr/lib/pressure-vessel/overrides/lib/i386-linux-gnu --set-ld-library-path /usr/lib/pressure-vessel/overrides/lib/x86_64-linux-gnu/aliases:/usr/lib/pressure-vessel/overrides/lib/i386-linux-gnu/aliases --overrides-path /usr/lib/pressure-vessel/overrides --assign-fd=1=3 --assign-fd=2=4 -- /home/mocha/.local/share/Steam/ubuntu12_64/steamwebhelper_sniper_wrap.sh -nocrashdialog -lang=pt_BR -cachedir=/home/mocha/.local/share/Steam/config/htmlcache -steampid=25474 -buildid=1782533657 -steamid=0 -logdir=/home/mocha/.local/share/Steam/logs -uimode=7 -startcount=0 -steamuniverse=Public -realm=Global -clientui=/home/mocha/.local/share/Steam/clientui -steampath=/home/mocha/.local/share/Steam/ubuntu12_32/steam -launcher=0 -use_xcomposite_workaround --valve-initial-threadpool-size=4 --valve-enable-site-isolation --enable-smooth-scrolling --disable-gpu-compositing --disable-gpu --password-store=basic --log-file=/home/mocha/.local/share/Steam/logs/cef_log.txt --disable-quick-menu --disable-component-update --gaia-url=http://disabled.invalid --disable-features=WinRetrieveSuggestionsOnlyOnDemand,SpareRendererForSitePerProcess,DcheckIsFatal,BlockPromptsIfIgnoredOften,WebUsbDeviceDetection,ValveFFmpegAllowLowDelayHEVC 

ENV MangoHud/Mocha/GameMode/Steam:
MANGOHUD=1
MANGOHUD_CONFIGFILE=/usr/local/share/mocha/mangohud/MangoHud.conf
SDL_VIDEO_MINIMIZE_ON_FOCUS_LOSS=0

------------------------------------------------------------
PID:  25509
PPID: 842
USER: mocha
COMM: srt-logger
CMD:  /home/mocha/.local/share/Steam/ubuntu12_32/steam-runtime/usr/libexec/steam-runtime-tools-0/srt-logger --sh-syntax --rotate=8388608 --log-directory /home/mocha/.steam/steam/logs --filename webhelper-linux.txt --log-fd=7 --journal-fd=5 --parse-level-prefix --journal-level=info 

ENV MangoHud/Mocha/GameMode/Steam:
SDL_VIDEO_MINIMIZE_ON_FOCUS_LOSS=0
MANGOHUD=1
MANGOHUD_CONFIGFILE=/usr/local/share/mocha/mangohud/MangoHud.conf

------------------------------------------------------------
PID:  25566
PPID: 25474
USER: mocha
COMM: steam-runtime-l
CMD:  steam-runtime-launcher-service --alongside-steam 

ENV MangoHud/Mocha/GameMode/Steam:
SDL_VIDEO_MINIMIZE_ON_FOCUS_LOSS=0
MANGOHUD=1
MANGOHUD_CONFIGFILE=/usr/local/share/mocha/mangohud/MangoHud.conf

------------------------------------------------------------
PID:  25662
PPID: 25497
USER: mocha
COMM: pv-adverb
CMD:  /usr/lib/pressure-vessel/from-host/libexec/steam-runtime-tools-0/pv-adverb --prefix=/usr/lib/pressure-vessel/from-host --generate-locales --fd 11 --regenerate-ld.so-cache /var/pressure-vessel/ldso --add-ld.so-path /usr/lib/pressure-vessel/overrides/lib/x86_64-linux-gnu --add-ld.so-path /usr/lib/pressure-vessel/overrides/lib/i386-linux-gnu --set-ld-library-path /usr/lib/pressure-vessel/overrides/lib/x86_64-linux-gnu/aliases:/usr/lib/pressure-vessel/overrides/lib/i386-linux-gnu/aliases --overrides-path /usr/lib/pressure-vessel/overrides --assign-fd=1=3 --assign-fd=2=4 -- /home/mocha/.local/share/Steam/ubuntu12_64/steamwebhelper_sniper_wrap.sh -nocrashdialog -lang=pt_BR -cachedir=/home/mocha/.local/share/Steam/config/htmlcache -steampid=25474 -buildid=1782533657 -steamid=0 -logdir=/home/mocha/.local/share/Steam/logs -uimode=7 -startcount=0 -steamuniverse=Public -realm=Global -clientui=/home/mocha/.local/share/Steam/clientui -steampath=/home/mocha/.local/share/Steam/ubuntu12_32/steam -launcher=0 -use_xcomposite_workaround --valve-initial-threadpool-size=4 --valve-enable-site-isolation --enable-smooth-scrolling --disable-gpu-compositing --disable-gpu --password-store=basic --log-file=/home/mocha/.local/share/Steam/logs/cef_log.txt --disable-quick-menu --disable-component-update --gaia-url=http://disabled.invalid --disable-features=WinRetrieveSuggestionsOnlyOnDemand,SpareRendererForSitePerProcess,DcheckIsFatal,BlockPromptsIfIgnoredOften,WebUsbDeviceDetection,ValveFFmpegAllowLowDelayHEVC 

ENV MangoHud/Mocha/GameMode/Steam:
MANGOHUD=1
MANGOHUD_CONFIGFILE=/usr/local/share/mocha/mangohud/MangoHud.conf
SDL_VIDEO_MINIMIZE_ON_FOCUS_LOSS=0

------------------------------------------------------------
PID:  25695
PPID: 25662
USER: mocha
COMM: steamwebhelper
CMD:  ./steamwebhelper -nocrashdialog -lang=pt_BR -cachedir=/home/mocha/.local/share/Steam/config/htmlcache -steampid=25474 -buildid=1782533657 -steamid=0 -logdir=/home/mocha/.local/share/Steam/logs -uimode=7 -startcount=0 -steamuniverse=Public -realm=Global -clientui=/home/mocha/.local/share/Steam/clientui -steampath=/home/mocha/.local/share/Steam/ubuntu12_32/steam -launcher=0 -use_xcomposite_workaround --valve-initial-threadpool-size=4 --valve-enable-site-isolation --enable-smooth-scrolling --disable-gpu-compositing --disable-gpu --password-store=basic --log-file=/home/mocha/.local/share/Steam/logs/cef_log.txt --disable-quick-menu --disable-component-update --gaia-url=http://disabled.invalid --disable-features=WinRetrieveSuggestionsOnlyOnDemand,SpareRendererForSitePerProcess,DcheckIsFatal,BlockPromptsIfIgnoredOften,WebUsbDeviceDetection,ValveFFmpegAllowLowDelayHEVC 

ENV MangoHud/Mocha/GameMode/Steam:
SDL_VIDEO_MINIMIZE_ON_FOCUS_LOSS=0
MANGOHUD=1
MANGOHUD_CONFIGFILE=/usr/local/share/mocha/mangohud/MangoHud.conf

------------------------------------------------------------
PID:  25698
PPID: 25662
USER: mocha
COMM: steamwebhelper
CMD:  /home/mocha/.local/share/Steam/ubuntu12_64/steamwebhelper --monitor-self-annotation=ptype=crashpad-handler --type=crashpad-handler --max-uploads=5 --max-db-size=20 --max-db-age=5 --database=/tmp/dumps --url=https://crash.steampowered.com/submit --annotation=lsb-release=Steam Runtime 3c (steamrt3c) --annotation=platform=linux64 --annotation=product=cefwebhelper --annotation=version=1782533657 --initial-client-fd=8 --shared-client-connection 

ENV MangoHud/Mocha/GameMode/Steam:
SDL_VIDEO_MINIMIZE_ON_FOCUS_LOSS=0
MANGOHUD=1
MANGOHUD_CONFIGFILE=/usr/local/share/mocha/mangohud/MangoHud.conf

------------------------------------------------------------
PID:  25703
PPID: 25695
USER: mocha
COMM: steamwebhelper
CMD:  /home/mocha/.local/share/Steam/ubuntu12_64/steamwebhelper --type=zygote --no-zygote-sandbox --crashpad-handler-pid=25698 --enable-crash-reporter=, --change-stack-guard-on-fork=enable --enable-chrome-runtime --user-data-dir=/home/mocha/.local/share/Steam/config/htmlcache --user-agent-product=Valve Steam Client --buildid=1782533657 --steamid=0 --valve-initial-threadpool-size=4 

ENV MangoHud/Mocha/GameMode/Steam:
SDL_VIDEO_MINIMIZE_ON_FOCUS_LOSS=0
MANGOHUD=1
MANGOHUD_CONFIGFILE=/usr/local/share/mocha/mangohud/MangoHud.conf

------------------------------------------------------------
PID:  25704
PPID: 25695
USER: mocha
COMM: steamwebhelper
CMD:  /home/mocha/.local/share/Steam/ubuntu12_64/steamwebhelper --type=zygote --crashpad-handler-pid=25698 --enable-crash-reporter=, --change-stack-guard-on-fork=enable --enable-chrome-runtime --user-data-dir=/home/mocha/.local/share/Steam/config/htmlcache --user-agent-product=Valve Steam Client --buildid=1782533657 --steamid=0 --valve-initial-threadpool-size=4 

ENV MangoHud/Mocha/GameMode/Steam:
SDL_VIDEO_MINIMIZE_ON_FOCUS_LOSS=0
MANGOHUD=1
MANGOHUD_CONFIGFILE=/usr/local/share/mocha/mangohud/MangoHud.conf

------------------------------------------------------------
PID:  25706
PPID: 25704
USER: mocha
COMM: steamwebhelper
CMD:  /home/mocha/.local/share/Steam/ubuntu12_64/steamwebhelper --type=zygote --crashpad-handler-pid=25698 --enable-crash-reporter=, --change-stack-guard-on-fork=enable --enable-chrome-runtime --user-data-dir=/home/mocha/.local/share/Steam/config/htmlcache --user-agent-product=Valve Steam Client --buildid=1782533657 --steamid=0 --valve-initial-threadpool-size=4 

ENV MangoHud/Mocha/GameMode/Steam:
SDL_VIDEO_MINIMIZE_ON_FOCUS_LOSS=0
MANGOHUD=1
MANGOHUD_CONFIGFILE=/usr/local/share/mocha/mangohud/MangoHud.conf

------------------------------------------------------------
PID:  25724
PPID: 25703
USER: mocha
COMM: steamwebhelper
CMD:  /home/mocha/.local/share/Steam/ubuntu12_64/steamwebhelper --type=zygote --no-zygote-sandbox --crashpad-handler-pid=25698 --enable-crash-reporter=, --change-stack-guard-on-fork=enable --enable-chrome-runtime --user-data-dir=/home/mocha/.local/share/Steam/config/htmlcache --user-agent-product=Valve Steam Client --buildid=1782533657 --steamid=0 --valve-initial-threadpool-size=4 

ENV MangoHud/Mocha/GameMode/Steam:
SDL_VIDEO_MINIMIZE_ON_FOCUS_LOSS=0
MANGOHUD=1
MANGOHUD_CONFIGFILE=/usr/local/share/mocha/mangohud/MangoHud.conf

------------------------------------------------------------
PID:  25744
PPID: 25695
USER: mocha
COMM: steamwebhelper
CMD:  /proc/self/exe --type=utility --utility-sub-type=network.mojom.NetworkService --lang=pt-BR --service-sandbox-type=none --crashpad-handler-pid=25698 --enable-crash-reporter=, --change-stack-guard-on-fork=enable --enable-chrome-runtime --user-data-dir=/home/mocha/.local/share/Steam/config/htmlcache --user-agent-product=Valve Steam Client --buildid=1782533657 --steamid=0 --valve-initial-threadpool-size=4 --shared-files --field-trial-handle=3,i,4767953005085949346,552316716061898660,262144 --disable-features=BlockPromptsIfIgnoredOften,DcheckIsFatal,SpareRendererForSitePerProcess,ValveFFmpegAllowLowDelayHEVC,WebUsbDeviceDetection,WinRetrieveSuggestionsOnlyOnDemand --variations-seed-version --log-file=/home/mocha/.local/share/Steam/logs/cef_log.txt 

ENV MangoHud/Mocha/GameMode/Steam:
SDL_VIDEO_MINIMIZE_ON_FOCUS_LOSS=0
MANGOHUD=1
MANGOHUD_CONFIGFILE=/usr/local/share/mocha/mangohud/MangoHud.conf

------------------------------------------------------------
PID:  25746
PPID: 25706
USER: mocha
COMM: steamwebhelper
CMD:  /home/mocha/.local/share/Steam/ubuntu12_64/steamwebhelper --type=zygote --crashpad-handler-pid=25698 --enable-crash-reporter=, --change-stack-guard-on-fork=enable --enable-chrome-runtime --user-data-dir=/home/mocha/.local/share/Steam/config/htmlcache --user-agent-product=Valve Steam Client --buildid=1782533657 --steamid=0 --valve-initial-threadpool-size=4 

ENV MangoHud/Mocha/GameMode/Steam:
SDL_VIDEO_MINIMIZE_ON_FOCUS_LOSS=0
MANGOHUD=1
MANGOHUD_CONFIGFILE=/usr/local/share/mocha/mangohud/MangoHud.conf

------------------------------------------------------------
PID:  25794
PPID: 25706
USER: mocha
COMM: steamwebhelper
CMD:  /home/mocha/.local/share/Steam/ubuntu12_64/steamwebhelper --type=zygote --crashpad-handler-pid=25698 --enable-crash-reporter=, --change-stack-guard-on-fork=enable --enable-chrome-runtime --user-data-dir=/home/mocha/.local/share/Steam/config/htmlcache --user-agent-product=Valve Steam Client --buildid=1782533657 --steamid=0 --valve-initial-threadpool-size=4 

ENV MangoHud/Mocha/GameMode/Steam:
SDL_VIDEO_MINIMIZE_ON_FOCUS_LOSS=0
MANGOHUD=1
MANGOHUD_CONFIGFILE=/usr/local/share/mocha/mangohud/MangoHud.conf

------------------------------------------------------------
PID:  25919
PPID: 25706
USER: mocha
COMM: steamwebhelper
CMD:  /home/mocha/.local/share/Steam/ubuntu12_64/steamwebhelper --type=zygote --crashpad-handler-pid=25698 --enable-crash-reporter=, --change-stack-guard-on-fork=enable --enable-chrome-runtime --user-data-dir=/home/mocha/.local/share/Steam/config/htmlcache --user-agent-product=Valve Steam Client --buildid=1782533657 --steamid=0 --valve-initial-threadpool-size=4 

ENV MangoHud/Mocha/GameMode/Steam:
SDL_VIDEO_MINIMIZE_ON_FOCUS_LOSS=0
MANGOHUD=1
MANGOHUD_CONFIGFILE=/usr/local/share/mocha/mangohud/MangoHud.conf

------------------------------------------------------------
PID:  26138
PPID: 25474
USER: mocha
COMM: reaper
CMD:  /home/mocha/.local/share/Steam/ubuntu12_32/reaper SteamLaunch AppId=2169200 -- /home/mocha/.local/share/Steam/steamapps/common/SteamLinuxRuntime_4/_v2-entry-point --verb=waitforexitandrun -- /home/mocha/.local/share/Steam/steamapps/common/Proton - Experimental/proton waitforexitandrun /home/mocha/.local/share/Steam/steamapps/common/Sniper Elite Resistance/launcher/SniperResistance.exe 

ENV MangoHud/Mocha/GameMode/Steam:
SteamAppId=2169200
SDL_VIDEO_MINIMIZE_ON_FOCUS_LOSS=0
SteamGameId=2169200
LD_PRELOAD=libgamemodeauto.so.0::/home/mocha/.local/share/Steam/ubuntu12_32/gameoverlayrenderer.so:/home/mocha/.local/share/Steam/ubuntu12_64/gameoverlayrenderer.so:/usr/$LIB/mangohud/libMangoHud_shim.so
MANGOHUD=1
MANGOHUD_CONFIGFILE=/usr/local/share/mocha/mangohud/MangoHud.conf
MouseWarpOverride=force

------------------------------------------------------------
PID:  26148
PPID: 26138
USER: mocha
COMM: srt-bwrap
CMD:  /home/mocha/.local/share/Steam/steamapps/common/SteamLinuxRuntime_4/pressure-vessel/libexec/steam-runtime-tools-0/srt-bwrap --args 26 /usr/lib/pressure-vessel/from-host/libexec/steam-runtime-tools-0/pv-adverb --prefix=/usr/lib/pressure-vessel/from-host --generate-locales --fd 11 --regenerate-ld.so-cache /var/pressure-vessel/ldso --add-ld.so-path /usr/lib/pressure-vessel/overrides/lib/x86_64-linux-gnu --add-ld.so-path /usr/lib/pressure-vessel/overrides/lib/i386-linux-gnu --set-ld-library-path /usr/lib/pressure-vessel/overrides/lib/x86_64-linux-gnu/aliases:/usr/lib/pressure-vessel/overrides/lib/i386-linux-gnu/aliases --overrides-path /usr/lib/pressure-vessel/overrides --assign-fd=1=3 --assign-fd=2=4 --ld-preload=/run/host/usr/lib/libgamemodeauto.so.0:abi=x86_64-linux-gnu --ld-preload=/run/host/usr/lib32/libgamemodeauto.so.0:abi=i386-linux-gnu --ld-preload=/home/mocha/.local/share/Steam/ubuntu12_32/gameoverlayrenderer.so --ld-preload=/home/mocha/.local/share/Steam/ubuntu12_64/gameoverlayrenderer.so --ld-preload=/run/host/usr/lib/mangohud/libMangoHud_shim.so:abi=x86_64-linux-gnu --ld-preload=/run/host/usr/lib32/mangohud/libMangoHud_shim.so:abi=i386-linux-gnu -- /home/mocha/.local/share/Steam/steamapps/common/Proton - Experimental/proton waitforexitandrun /home/mocha/.local/share/Steam/steamapps/common/Sniper Elite Resistance/launcher/SniperResistance.exe 

ENV MangoHud/Mocha/GameMode/Steam:
MANGOHUD=1
MANGOHUD_CONFIGFILE=/usr/local/share/mocha/mangohud/MangoHud.conf
MouseWarpOverride=force
SDL_VIDEO_MINIMIZE_ON_FOCUS_LOSS=0
SteamAppId=2169200
SteamGameId=2169200

------------------------------------------------------------
PID:  26210
PPID: 26148
USER: mocha
COMM: pv-adverb
CMD:  /usr/lib/pressure-vessel/from-host/libexec/steam-runtime-tools-0/pv-adverb --prefix=/usr/lib/pressure-vessel/from-host --generate-locales --fd 11 --regenerate-ld.so-cache /var/pressure-vessel/ldso --add-ld.so-path /usr/lib/pressure-vessel/overrides/lib/x86_64-linux-gnu --add-ld.so-path /usr/lib/pressure-vessel/overrides/lib/i386-linux-gnu --set-ld-library-path /usr/lib/pressure-vessel/overrides/lib/x86_64-linux-gnu/aliases:/usr/lib/pressure-vessel/overrides/lib/i386-linux-gnu/aliases --overrides-path /usr/lib/pressure-vessel/overrides --assign-fd=1=3 --assign-fd=2=4 --ld-preload=/run/host/usr/lib/libgamemodeauto.so.0:abi=x86_64-linux-gnu --ld-preload=/run/host/usr/lib32/libgamemodeauto.so.0:abi=i386-linux-gnu --ld-preload=/home/mocha/.local/share/Steam/ubuntu12_32/gameoverlayrenderer.so --ld-preload=/home/mocha/.local/share/Steam/ubuntu12_64/gameoverlayrenderer.so --ld-preload=/run/host/usr/lib/mangohud/libMangoHud_shim.so:abi=x86_64-linux-gnu --ld-preload=/run/host/usr/lib32/mangohud/libMangoHud_shim.so:abi=i386-linux-gnu -- /home/mocha/.local/share/Steam/steamapps/common/Proton - Experimental/proton waitforexitandrun /home/mocha/.local/share/Steam/steamapps/common/Sniper Elite Resistance/launcher/SniperResistance.exe 

ENV MangoHud/Mocha/GameMode/Steam:
MANGOHUD=1
MANGOHUD_CONFIGFILE=/usr/local/share/mocha/mangohud/MangoHud.conf
MouseWarpOverride=force
SDL_VIDEO_MINIMIZE_ON_FOCUS_LOSS=0
SteamAppId=2169200
SteamGameId=2169200

------------------------------------------------------------
PID:  26243
PPID: 26210
USER: mocha
COMM: python3
CMD:  python3 /home/mocha/.local/share/Steam/steamapps/common/Proton - Experimental/proton waitforexitandrun /home/mocha/.local/share/Steam/steamapps/common/Sniper Elite Resistance/launcher/SniperResistance.exe 

ENV MangoHud/Mocha/GameMode/Steam:
MANGOHUD=1
MANGOHUD_CONFIGFILE=/usr/local/share/mocha/mangohud/MangoHud.conf
MouseWarpOverride=force
SDL_VIDEO_MINIMIZE_ON_FOCUS_LOSS=0
SteamAppId=2169200
SteamGameId=2169200
LD_PRELOAD=/tmp/pressure-vessel-libs-QnhGh0/${LIB}/libgamemodeauto.so.0:/tmp/pressure-vessel-libs-QnhGh0/${LIB}/gameoverlayrenderer.so:/tmp/pressure-vessel-libs-QnhGh0/${LIB}/libMangoHud_shim.so

------------------------------------------------------------
PID:  26255
PPID: 26243
USER: mocha
COMM: steam.exe
CMD:  c:\windows\system32\steam.exe /home/mocha/.local/share/Steam/steamapps/common/Sniper Elite Resistance/launcher/SniperResistance.exe                                                                                                                                                                                                                         

ENV MangoHud/Mocha/GameMode/Steam:
MANGOHUD=1
MANGOHUD_CONFIGFILE=/usr/local/share/mocha/mangohud/MangoHud.conf
MouseWarpOverride=force
SDL_VIDEO_MINIMIZE_ON_FOCUS_LOSS=0
SteamAppId=2169200
SteamGameId=2169200
LD_PRELOAD=/tmp/pressure-vessel-libs-QnhGh0/${LIB}/libgamemodeauto.so.0:/tmp/pressure-vessel-libs-QnhGh0/${LIB}/gameoverlayrenderer.so:/tmp/pressure-vessel-libs-QnhGh0/${LIB}/libMangoHud_shim.so

------------------------------------------------------------
PID:  26257
PPID: 26210
USER: mocha
COMM: wineserver
CMD:  /home/mocha/.local/share/Steam/steamapps/common/Proton - Experimental/files/lib/wine/../../bin/wineserver 

ENV MangoHud/Mocha/GameMode/Steam:
MANGOHUD=1
MANGOHUD_CONFIGFILE=/usr/local/share/mocha/mangohud/MangoHud.conf
MouseWarpOverride=force
SDL_VIDEO_MINIMIZE_ON_FOCUS_LOSS=0
SteamAppId=2169200
SteamGameId=2169200
LD_PRELOAD=/tmp/pressure-vessel-libs-QnhGh0/${LIB}/libgamemodeauto.so.0:/tmp/pressure-vessel-libs-QnhGh0/${LIB}/gameoverlayrenderer.so:/tmp/pressure-vessel-libs-QnhGh0/${LIB}/libMangoHud_shim.so

------------------------------------------------------------
PID:  26261
PPID: 26210
USER: mocha
COMM: services.exe
CMD:  C:\windows\system32\services.exe                                                                                                                                                                                                                         

ENV MangoHud/Mocha/GameMode/Steam:
MANGOHUD=1
MANGOHUD_CONFIGFILE=/usr/local/share/mocha/mangohud/MangoHud.conf
MouseWarpOverride=force
SDL_VIDEO_MINIMIZE_ON_FOCUS_LOSS=0
SteamAppId=2169200
SteamGameId=2169200
LD_PRELOAD=/tmp/pressure-vessel-libs-QnhGh0/${LIB}/libgamemodeauto.so.0:/tmp/pressure-vessel-libs-QnhGh0/${LIB}/gameoverlayrenderer.so:/tmp/pressure-vessel-libs-QnhGh0/${LIB}/libMangoHud_shim.so

------------------------------------------------------------
PID:  26264
PPID: 26210
USER: mocha
COMM: winedevice.exe
CMD:  C:\windows\system32\winedevice.exe                                                                                                                                                                                                                         

ENV MangoHud/Mocha/GameMode/Steam:
MANGOHUD=1
MANGOHUD_CONFIGFILE=/usr/local/share/mocha/mangohud/MangoHud.conf
MouseWarpOverride=force
SDL_VIDEO_MINIMIZE_ON_FOCUS_LOSS=0
SteamAppId=2169200
SteamGameId=2169200
LD_PRELOAD=/tmp/pressure-vessel-libs-QnhGh0/${LIB}/libgamemodeauto.so.0:/tmp/pressure-vessel-libs-QnhGh0/${LIB}/gameoverlayrenderer.so:/tmp/pressure-vessel-libs-QnhGh0/${LIB}/libMangoHud_shim.so

------------------------------------------------------------
PID:  26274
PPID: 26210
USER: mocha
COMM: plugplay.exe
CMD:  C:\windows\system32\plugplay.exe                                                                                                                                                                                                                         

ENV MangoHud/Mocha/GameMode/Steam:
MANGOHUD=1
MANGOHUD_CONFIGFILE=/usr/local/share/mocha/mangohud/MangoHud.conf
MouseWarpOverride=force
SDL_VIDEO_MINIMIZE_ON_FOCUS_LOSS=0
SteamAppId=2169200
SteamGameId=2169200
LD_PRELOAD=/tmp/pressure-vessel-libs-QnhGh0/${LIB}/libgamemodeauto.so.0:/tmp/pressure-vessel-libs-QnhGh0/${LIB}/gameoverlayrenderer.so:/tmp/pressure-vessel-libs-QnhGh0/${LIB}/libMangoHud_shim.so

------------------------------------------------------------
PID:  26280
PPID: 26210
USER: mocha
COMM: svchost.exe
CMD:  C:\windows\system32\svchost.exe -k LocalServiceNetworkRestricted                                                                                                                                                                                                                         

ENV MangoHud/Mocha/GameMode/Steam:
MANGOHUD=1
MANGOHUD_CONFIGFILE=/usr/local/share/mocha/mangohud/MangoHud.conf
MouseWarpOverride=force
SDL_VIDEO_MINIMIZE_ON_FOCUS_LOSS=0
SteamAppId=2169200
SteamGameId=2169200
LD_PRELOAD=/tmp/pressure-vessel-libs-QnhGh0/${LIB}/libgamemodeauto.so.0:/tmp/pressure-vessel-libs-QnhGh0/${LIB}/gameoverlayrenderer.so:/tmp/pressure-vessel-libs-QnhGh0/${LIB}/libMangoHud_shim.so

------------------------------------------------------------
PID:  26287
PPID: 26210
USER: mocha
COMM: winedevice.exe
CMD:  C:\windows\system32\winedevice.exe                                                                                                                                                                                                                         

ENV MangoHud/Mocha/GameMode/Steam:
MANGOHUD=1
MANGOHUD_CONFIGFILE=/usr/local/share/mocha/mangohud/MangoHud.conf
MouseWarpOverride=force
SDL_VIDEO_MINIMIZE_ON_FOCUS_LOSS=0
SteamAppId=2169200
SteamGameId=2169200
LD_PRELOAD=/tmp/pressure-vessel-libs-QnhGh0/${LIB}/libgamemodeauto.so.0:/tmp/pressure-vessel-libs-QnhGh0/${LIB}/gameoverlayrenderer.so:/tmp/pressure-vessel-libs-QnhGh0/${LIB}/libMangoHud_shim.so

------------------------------------------------------------
PID:  26303
PPID: 26210
USER: mocha
COMM: explorer.exe
CMD:  C:\windows\system32\explorer.exe /desktop                                                                                                                                                                                                                         

ENV MangoHud/Mocha/GameMode/Steam:
MANGOHUD=1
MANGOHUD_CONFIGFILE=/usr/local/share/mocha/mangohud/MangoHud.conf
MouseWarpOverride=force
SDL_VIDEO_MINIMIZE_ON_FOCUS_LOSS=0
SteamAppId=2169200
SteamGameId=2169200
LD_PRELOAD=/tmp/pressure-vessel-libs-QnhGh0/${LIB}/libgamemodeauto.so.0:/tmp/pressure-vessel-libs-QnhGh0/${LIB}/libMangoHud_shim.so

------------------------------------------------------------
PID:  26310
PPID: 26210
USER: mocha
COMM: rpcss.exe
CMD:  C:\windows\system32\rpcss.exe                                                                                                                                                                                                                         

ENV MangoHud/Mocha/GameMode/Steam:
MANGOHUD=1
MANGOHUD_CONFIGFILE=/usr/local/share/mocha/mangohud/MangoHud.conf
MouseWarpOverride=force
SDL_VIDEO_MINIMIZE_ON_FOCUS_LOSS=0
SteamAppId=2169200
SteamGameId=2169200
LD_PRELOAD=/tmp/pressure-vessel-libs-QnhGh0/${LIB}/libgamemodeauto.so.0:/tmp/pressure-vessel-libs-QnhGh0/${LIB}/gameoverlayrenderer.so:/tmp/pressure-vessel-libs-QnhGh0/${LIB}/libMangoHud_shim.so

------------------------------------------------------------
PID:  26320
PPID: 26210
USER: mocha
COMM: tabtip.exe
CMD:  C:\windows\system32\tabtip.exe                                                                                                                                                                                                                         

ENV MangoHud/Mocha/GameMode/Steam:
MANGOHUD=1
MANGOHUD_CONFIGFILE=/usr/local/share/mocha/mangohud/MangoHud.conf
MouseWarpOverride=force
SDL_VIDEO_MINIMIZE_ON_FOCUS_LOSS=0
SteamAppId=2169200
SteamGameId=2169200
LD_PRELOAD=/tmp/pressure-vessel-libs-QnhGh0/${LIB}/libgamemodeauto.so.0:/tmp/pressure-vessel-libs-QnhGh0/${LIB}/gameoverlayrenderer.so:/tmp/pressure-vessel-libs-QnhGh0/${LIB}/libMangoHud_shim.so

------------------------------------------------------------
PID:  26322
PPID: 26210
USER: mocha
COMM: xalia.exe
CMD:  \\?\S:\common\Proton - Experimental\files\share\wine/../xalia/xalia.exe                                                                                                                                                                                                                         

ENV MangoHud/Mocha/GameMode/Steam:
MANGOHUD=1
MANGOHUD_CONFIGFILE=/usr/local/share/mocha/mangohud/MangoHud.conf
MouseWarpOverride=force
SDL_VIDEO_MINIMIZE_ON_FOCUS_LOSS=0
SteamAppId=2169200
SteamGameId=2169200
LD_PRELOAD=/tmp/pressure-vessel-libs-QnhGh0/${LIB}/libgamemodeauto.so.0:/tmp/pressure-vessel-libs-QnhGh0/${LIB}/gameoverlayrenderer.so:/tmp/pressure-vessel-libs-QnhGh0/${LIB}/libMangoHud_shim.so

------------------------------------------------------------
PID:  26328
PPID: 26210
USER: mocha
COMM: SniperResistanc
CMD:  S:\common\Sniper Elite Resistance\launcher\SniperResistance.exe                                                                                                                                                                                                                         

ENV MangoHud/Mocha/GameMode/Steam:
MANGOHUD=1
MANGOHUD_CONFIGFILE=/usr/local/share/mocha/mangohud/MangoHud.conf
MouseWarpOverride=force
SDL_VIDEO_MINIMIZE_ON_FOCUS_LOSS=0
SteamAppId=2169200
SteamGameId=2169200
LD_PRELOAD=/tmp/pressure-vessel-libs-QnhGh0/${LIB}/libgamemodeauto.so.0:/tmp/pressure-vessel-libs-QnhGh0/${LIB}/gameoverlayrenderer.so:/tmp/pressure-vessel-libs-QnhGh0/${LIB}/libMangoHud_shim.so

------------------------------------------------------------
PID:  26516
PPID: 26210
USER: mocha
COMM: MainThread
CMD:  S:\common\Sniper Elite Resistance\bin\sniperresistance_dx12.exe -SelectDeviceLUID=f2030000-00000000 -skipdrivercheck                                                                                                                                                                                                                         

ENV MangoHud/Mocha/GameMode/Steam:
MANGOHUD=1
MANGOHUD_CONFIGFILE=/usr/local/share/mocha/mangohud/MangoHud.conf
MouseWarpOverride=force
SDL_VIDEO_MINIMIZE_ON_FOCUS_LOSS=0
SteamAppId=2169200
SteamGameId=2169200
LD_PRELOAD=/tmp/pressure-vessel-libs-QnhGh0/${LIB}/libgamemodeauto.so.0:/tmp/pressure-vessel-libs-QnhGh0/${LIB}/gameoverlayrenderer.so:/tmp/pressure-vessel-libs-QnhGh0/${LIB}/libMangoHud_shim.so

------------------------------------------------------------
PID:  26654
PPID: 25474
USER: mocha
COMM: gameoverlayui
CMD:  /home/mocha/.local/share/Steam/ubuntu12_32/gameoverlayui -pid 26516 -steampid 25474 -manuallyclearframes 0 -gameid 2169200 

ENV MangoHud/Mocha/GameMode/Steam:
SDL_VIDEO_MINIMIZE_ON_FOCUS_LOSS=0
MANGOHUD=1
MANGOHUD_CONFIGFILE=/usr/local/share/mocha/mangohud/MangoHud.conf

------------------------------------------------------------
PID:  26919
PPID: 23430
USER: mocha
COMM: bash
CMD:  /bin/bash 

ENV MangoHud/Mocha/GameMode/Steam:
  nenhum env relevante encontrado

------------------------------------------------------------
PID:  26923
PPID: 26919
USER: mocha
COMM: bash
CMD:  bash 

ENV MangoHud/Mocha/GameMode/Steam:
  nenhum env relevante encontrado

------------------------------------------------------------
PID:  26928
PPID: 26923
USER: mocha
COMM: bash
CMD:  bash 

ENV MangoHud/Mocha/GameMode/Steam:
  nenhum env relevante encontrado

------------------------------------------------------------
PID:  26935
PPID: 26923
USER: mocha
COMM: tee
CMD:  tee -a /media/mochafast/MochaArch/ativo/logs/20260627-232843-diagnostico-origem-mangohud.log 

ENV MangoHud/Mocha/GameMode/Steam:
  nenhum env relevante encontrado

------------------------------------------------------------
PID:  26953
PPID: 26928
USER: mocha
COMM: sleep
CMD:  sleep 30 

ENV MangoHud/Mocha/GameMode/Steam:
  nenhum env relevante encontrado

============================================================
[6] Cadeia de pais dos processos com MANGOHUD ativo
============================================================
bash: line 211: /proc/1/environ: Permission denied
bash: line 211: /proc/10/environ: Permission denied
bash: line 211: /proc/101/environ: Permission denied
bash: line 211: /proc/102/environ: Permission denied
bash: line 211: /proc/103/environ: Permission denied
bash: line 211: /proc/1031/environ: Permission denied
bash: line 211: /proc/104/environ: Permission denied
bash: line 211: /proc/105/environ: Permission denied
bash: line 211: /proc/1068/environ: Permission denied
bash: line 211: /proc/107/environ: Permission denied
bash: line 211: /proc/108/environ: Permission denied
bash: line 211: /proc/10817/environ: Permission denied
bash: line 211: /proc/109/environ: Permission denied
bash: line 211: /proc/11/environ: Permission denied
bash: line 211: /proc/110/environ: Permission denied
bash: line 211: /proc/111/environ: Permission denied
bash: line 211: /proc/11151/environ: Permission denied
bash: line 211: /proc/113/environ: Permission denied
bash: line 211: /proc/1136/environ: Permission denied
bash: line 211: /proc/114/environ: Permission denied
bash: line 211: /proc/115/environ: Permission denied
bash: line 211: /proc/116/environ: Permission denied
bash: line 211: /proc/117/environ: Permission denied
bash: line 211: /proc/118/environ: Permission denied
bash: line 211: /proc/1183/environ: Permission denied
bash: line 211: /proc/119/environ: Permission denied
bash: line 211: /proc/120/environ: Permission denied
bash: line 211: /proc/122/environ: Permission denied
bash: line 211: /proc/1228/environ: Permission denied
bash: line 211: /proc/123/environ: Permission denied
bash: line 211: /proc/124/environ: Permission denied
bash: line 211: /proc/125/environ: Permission denied
bash: line 211: /proc/126/environ: Permission denied
bash: line 211: /proc/127/environ: Permission denied
bash: line 211: /proc/128/environ: Permission denied
bash: line 211: /proc/129/environ: Permission denied
bash: line 211: /proc/12905/environ: Permission denied
bash: line 211: /proc/12949/environ: Permission denied
bash: line 211: /proc/12953/environ: Permission denied
bash: line 211: /proc/13062/environ: Permission denied
bash: line 211: /proc/131/environ: Permission denied
bash: line 211: /proc/133/environ: Permission denied
bash: line 211: /proc/134/environ: Permission denied
bash: line 211: /proc/135/environ: Permission denied
bash: line 211: /proc/136/environ: Permission denied
bash: line 211: /proc/137/environ: Permission denied
bash: line 211: /proc/138/environ: Permission denied
bash: line 211: /proc/139/environ: Permission denied
bash: line 211: /proc/14/environ: Permission denied
bash: line 211: /proc/140/environ: Permission denied
bash: line 211: /proc/141/environ: Permission denied
bash: line 211: /proc/142/environ: Permission denied
bash: line 211: /proc/145/environ: Permission denied
bash: line 211: /proc/146/environ: Permission denied
bash: line 211: /proc/147/environ: Permission denied
bash: line 211: /proc/148/environ: Permission denied
bash: line 211: /proc/1482/environ: Permission denied
bash: line 211: /proc/149/environ: Permission denied
bash: line 211: /proc/15/environ: Permission denied
bash: line 211: /proc/150/environ: Permission denied
bash: line 211: /proc/151/environ: Permission denied
bash: line 211: /proc/152/environ: Permission denied
bash: line 211: /proc/153/environ: Permission denied
bash: line 211: /proc/154/environ: Permission denied
bash: line 211: /proc/15430/environ: Permission denied
bash: line 211: /proc/155/environ: Permission denied
bash: line 211: /proc/156/environ: Permission denied
bash: line 211: /proc/158/environ: Permission denied
bash: line 211: /proc/16/environ: Permission denied
bash: line 211: /proc/165/environ: Permission denied
bash: line 211: /proc/166/environ: Permission denied
bash: line 211: /proc/167/environ: Permission denied
bash: line 211: /proc/1672/environ: Permission denied
bash: line 211: /proc/168/environ: Permission denied
bash: line 211: /proc/17/environ: Permission denied
bash: line 211: /proc/171/environ: Permission denied
bash: line 211: /proc/172/environ: Permission denied
bash: line 211: /proc/176/environ: Permission denied
bash: line 211: /proc/18/environ: Permission denied
bash: line 211: /proc/181/environ: Permission denied
bash: line 211: /proc/184/environ: Permission denied
bash: line 211: /proc/1848/environ: Permission denied
bash: line 211: /proc/185/environ: Permission denied
bash: line 211: /proc/18891/environ: Permission denied
bash: line 211: /proc/18893/environ: Permission denied
bash: line 211: /proc/18894/environ: Permission denied
bash: line 211: /proc/19/environ: Permission denied
bash: line 211: /proc/2/environ: Permission denied
bash: line 211: /proc/20/environ: Permission denied
bash: line 211: /proc/20219/environ: Permission denied
bash: line 211: /proc/21/environ: Permission denied
bash: line 211: /proc/217/environ: Permission denied
bash: line 211: /proc/218/environ: Permission denied
bash: line 211: /proc/21849/environ: Permission denied
bash: line 211: /proc/219/environ: Permission denied
bash: line 211: /proc/21970/environ: Permission denied
bash: line 211: /proc/22/environ: Permission denied
bash: line 211: /proc/220/environ: Permission denied
bash: line 211: /proc/221/environ: Permission denied
bash: line 211: /proc/222/environ: Permission denied
bash: line 211: /proc/22479/environ: Permission denied
bash: line 211: /proc/2284/environ: Permission denied
bash: line 211: /proc/23/environ: Permission denied
bash: line 211: /proc/24/environ: Permission denied
bash: line 211: /proc/24196/environ: Permission denied
bash: line 211: /proc/24197/environ: Permission denied
bash: line 211: /proc/24221/environ: Permission denied
bash: line 211: /proc/24222/environ: Permission denied
bash: line 211: /proc/24260/environ: Permission denied
bash: line 211: /proc/24262/environ: Permission denied
bash: line 211: /proc/24263/environ: Permission denied
bash: line 211: /proc/24264/environ: Permission denied
bash: line 211: /proc/24270/environ: Permission denied
bash: line 211: /proc/245/environ: Permission denied
bash: line 211: /proc/246/environ: Permission denied
bash: line 211: /proc/247/environ: Permission denied
bash: line 211: /proc/248/environ: Permission denied
bash: line 211: /proc/249/environ: Permission denied
bash: line 211: /proc/25/environ: Permission denied
bash: line 211: /proc/251/environ: Permission denied
bash: line 211: /proc/25153/environ: Permission denied
bash: line 211: /proc/252/environ: Permission denied
bash: line 211: /proc/253/environ: Permission denied
bash: line 211: /proc/254/environ: Permission denied
bash: line 211: /proc/25482/environ: Permission denied
bash: line 211: /proc/255/environ: Permission denied
bash: line 211: /proc/256/environ: Permission denied
bash: line 211: /proc/257/environ: Permission denied
bash: line 211: /proc/25726/environ: Permission denied
bash: line 211: /proc/25729/environ: Permission denied
bash: line 211: /proc/25732/environ: Permission denied
bash: line 211: /proc/25733/environ: Permission denied
bash: line 211: /proc/25734/environ: Permission denied
bash: line 211: /proc/258/environ: Permission denied
bash: line 211: /proc/25820/environ: Permission denied
bash: line 211: /proc/25862/environ: Permission denied
bash: line 211: /proc/25885/environ: Permission denied
bash: line 211: /proc/259/environ: Permission denied
bash: line 211: /proc/26/environ: Permission denied
bash: line 211: /proc/260/environ: Permission denied
bash: line 211: /proc/26304/environ: Permission denied
bash: line 211: /proc/26398/environ: Permission denied
bash: line 211: /proc/26399/environ: Permission denied
bash: line 211: /proc/26400/environ: Permission denied
bash: line 211: /proc/26536/environ: Permission denied
bash: line 211: /proc/26579/environ: Permission denied
bash: line 211: /proc/26582/environ: Permission denied
bash: line 211: /proc/26585/environ: Permission denied
bash: line 211: /proc/26586/environ: Permission denied
bash: line 211: /proc/26587/environ: Permission denied
bash: line 211: /proc/26588/environ: Permission denied
bash: line 211: /proc/26589/environ: Permission denied
bash: line 211: /proc/26590/environ: Permission denied
bash: line 211: /proc/26591/environ: Permission denied
bash: line 211: /proc/26592/environ: Permission denied
bash: line 211: /proc/26593/environ: Permission denied
bash: line 211: /proc/26594/environ: Permission denied
bash: line 211: /proc/26595/environ: Permission denied
bash: line 211: /proc/26596/environ: Permission denied
bash: line 211: /proc/26597/environ: Permission denied
bash: line 211: /proc/26598/environ: Permission denied
bash: line 211: /proc/26698/environ: Permission denied
bash: line 211: /proc/26877/environ: Permission denied
bash: line 211: /proc/26893/environ: Permission denied
bash: line 211: /proc/2690/environ: Permission denied
bash: line 211: /proc/27/environ: Permission denied
bash: line 211: /proc/29/environ: Permission denied
bash: line 211: /proc/299/environ: Permission denied
bash: line 211: /proc/3/environ: Permission denied
bash: line 211: /proc/30/environ: Permission denied
bash: line 211: /proc/301/environ: Permission denied
bash: line 211: /proc/302/environ: Permission denied
bash: line 211: /proc/303/environ: Permission denied
bash: line 211: /proc/304/environ: Permission denied
bash: line 211: /proc/305/environ: Permission denied
bash: line 211: /proc/306/environ: Permission denied
bash: line 211: /proc/307/environ: Permission denied
bash: line 211: /proc/3096/environ: Permission denied
bash: line 211: /proc/31/environ: Permission denied
bash: line 211: /proc/310/environ: Permission denied
bash: line 211: /proc/32/environ: Permission denied
bash: line 211: /proc/32142/environ: No such file or directory
bash: line 212: /proc/32142/cmdline: No such file or directory
bash: line 211: /proc/32198/environ: No such file or directory
bash: line 212: /proc/32198/cmdline: No such file or directory
bash: line 211: /proc/32200/environ: No such file or directory
bash: line 212: /proc/32200/cmdline: No such file or directory
bash: line 211: /proc/33/environ: Permission denied
bash: line 211: /proc/344/environ: Permission denied
bash: line 211: /proc/345/environ: Permission denied
bash: line 211: /proc/35/environ: Permission denied
bash: line 211: /proc/36/environ: Permission denied
bash: line 211: /proc/367/environ: Permission denied
bash: line 211: /proc/37/environ: Permission denied
bash: line 211: /proc/38/environ: Permission denied
bash: line 211: /proc/39/environ: Permission denied
bash: line 211: /proc/394/environ: Permission denied
bash: line 211: /proc/4/environ: Permission denied
bash: line 211: /proc/405/environ: Permission denied
bash: line 211: /proc/41/environ: Permission denied
bash: line 211: /proc/412/environ: Permission denied
bash: line 211: /proc/413/environ: Permission denied
bash: line 211: /proc/42/environ: Permission denied
bash: line 211: /proc/423/environ: Permission denied
bash: line 211: /proc/426/environ: Permission denied
bash: line 211: /proc/427/environ: Permission denied
bash: line 211: /proc/428/environ: Permission denied
bash: line 211: /proc/43/environ: Permission denied
bash: line 211: /proc/44/environ: Permission denied
bash: line 211: /proc/449/environ: Permission denied
bash: line 211: /proc/45/environ: Permission denied
bash: line 211: /proc/458/environ: Permission denied
bash: line 211: /proc/463/environ: Permission denied
bash: line 211: /proc/468/environ: Permission denied
bash: line 211: /proc/47/environ: Permission denied
bash: line 211: /proc/470/environ: Permission denied
bash: line 211: /proc/48/environ: Permission denied
bash: line 211: /proc/49/environ: Permission denied
bash: line 211: /proc/5/environ: Permission denied
bash: line 211: /proc/50/environ: Permission denied
bash: line 211: /proc/51/environ: Permission denied
bash: line 211: /proc/53/environ: Permission denied
bash: line 211: /proc/54/environ: Permission denied
bash: line 211: /proc/547/environ: Permission denied
bash: line 211: /proc/55/environ: Permission denied
bash: line 211: /proc/56/environ: Permission denied
bash: line 211: /proc/565/environ: Permission denied
bash: line 211: /proc/57/environ: Permission denied
bash: line 211: /proc/579/environ: Permission denied
bash: line 211: /proc/580/environ: Permission denied
bash: line 211: /proc/59/environ: Permission denied
bash: line 211: /proc/6/environ: Permission denied
bash: line 211: /proc/60/environ: Permission denied
bash: line 211: /proc/604/environ: Permission denied
bash: line 211: /proc/605/environ: Permission denied
bash: line 211: /proc/606/environ: Permission denied
bash: line 211: /proc/607/environ: Permission denied
bash: line 211: /proc/608/environ: Permission denied
bash: line 211: /proc/609/environ: Permission denied
bash: line 211: /proc/61/environ: Permission denied
bash: line 211: /proc/610/environ: Permission denied
bash: line 211: /proc/611/environ: Permission denied
bash: line 211: /proc/612/environ: Permission denied
bash: line 211: /proc/613/environ: Permission denied
bash: line 211: /proc/614/environ: Permission denied
bash: line 211: /proc/615/environ: Permission denied
bash: line 211: /proc/617/environ: Permission denied
bash: line 211: /proc/618/environ: Permission denied
bash: line 211: /proc/62/environ: Permission denied
bash: line 211: /proc/6251/environ: Permission denied
bash: line 211: /proc/63/environ: Permission denied
bash: line 211: /proc/638/environ: Permission denied
bash: line 211: /proc/639/environ: Permission denied
bash: line 211: /proc/64/environ: Permission denied
bash: line 211: /proc/640/environ: Permission denied
bash: line 211: /proc/644/environ: Permission denied
bash: line 211: /proc/645/environ: Permission denied
bash: line 211: /proc/648/environ: Permission denied
bash: line 211: /proc/649/environ: Permission denied
bash: line 211: /proc/65/environ: Permission denied
bash: line 211: /proc/650/environ: Permission denied
bash: line 211: /proc/652/environ: Permission denied
bash: line 211: /proc/653/environ: Permission denied
bash: line 211: /proc/656/environ: Permission denied
bash: line 211: /proc/657/environ: Permission denied
bash: line 211: /proc/66/environ: Permission denied
bash: line 211: /proc/663/environ: Permission denied
bash: line 211: /proc/665/environ: Permission denied
bash: line 211: /proc/666/environ: Permission denied
bash: line 211: /proc/667/environ: Permission denied
bash: line 211: /proc/668/environ: Permission denied
bash: line 211: /proc/669/environ: Permission denied
bash: line 211: /proc/67/environ: Permission denied
bash: line 211: /proc/670/environ: Permission denied
bash: line 211: /proc/671/environ: Permission denied
bash: line 211: /proc/679/environ: Permission denied
bash: line 211: /proc/68/environ: Permission denied
bash: line 211: /proc/69/environ: Permission denied
bash: line 211: /proc/7/environ: Permission denied
bash: line 211: /proc/71/environ: Permission denied
bash: line 211: /proc/714/environ: Permission denied
bash: line 211: /proc/715/environ: Permission denied
bash: line 211: /proc/72/environ: Permission denied
bash: line 211: /proc/722/environ: Permission denied
bash: line 211: /proc/724/environ: Permission denied
bash: line 211: /proc/727/environ: Permission denied
bash: line 211: /proc/73/environ: Permission denied
bash: line 211: /proc/74/environ: Permission denied
bash: line 211: /proc/75/environ: Permission denied
bash: line 211: /proc/77/environ: Permission denied
bash: line 211: /proc/78/environ: Permission denied
bash: line 211: /proc/783/environ: Permission denied
bash: line 211: /proc/784/environ: Permission denied
bash: line 211: /proc/79/environ: Permission denied
bash: line 211: /proc/792/environ: Permission denied
bash: line 211: /proc/8/environ: Permission denied
bash: line 211: /proc/80/environ: Permission denied
bash: line 211: /proc/81/environ: Permission denied
bash: line 211: /proc/812/environ: Permission denied
bash: line 211: /proc/83/environ: Permission denied
bash: line 211: /proc/836/environ: Permission denied
bash: line 211: /proc/84/environ: Permission denied
bash: line 211: /proc/842/environ: Permission denied
bash: line 211: /proc/844/environ: Permission denied
bash: line 211: /proc/85/environ: Permission denied
bash: line 211: /proc/86/environ: Permission denied
bash: line 211: /proc/87/environ: Permission denied
bash: line 211: /proc/89/environ: Permission denied
bash: line 211: /proc/8918/environ: Permission denied
bash: line 211: /proc/90/environ: Permission denied
bash: line 211: /proc/91/environ: Permission denied
bash: line 211: /proc/917/environ: Permission denied
bash: line 211: /proc/92/environ: Permission denied
bash: line 211: /proc/925/environ: Permission denied
bash: line 211: /proc/9267/environ: Permission denied
bash: line 211: /proc/93/environ: Permission denied
bash: line 211: /proc/935/environ: Permission denied
bash: line 211: /proc/937/environ: Permission denied
bash: line 211: /proc/938/environ: Permission denied
bash: line 211: /proc/94/environ: Permission denied
bash: line 211: /proc/941/environ: Permission denied
bash: line 211: /proc/944/environ: Permission denied
bash: line 211: /proc/945/environ: Permission denied
bash: line 211: /proc/946/environ: Permission denied
bash: line 211: /proc/947/environ: Permission denied
bash: line 211: /proc/948/environ: Permission denied
bash: line 211: /proc/949/environ: Permission denied
bash: line 211: /proc/95/environ: Permission denied
bash: line 211: /proc/96/environ: Permission denied
bash: line 211: /proc/964/environ: Permission denied
bash: line 211: /proc/965/environ: Permission denied
bash: line 211: /proc/97/environ: Permission denied
bash: line 211: /proc/974/environ: Permission denied
bash: line 211: /proc/98/environ: Permission denied
bash: line 211: /proc/99/environ: Permission denied
bash: line 211: /proc/996/environ: Permission denied

---- árvore de pais para PID 25357 ----
PID=25357 PPID=842 COMM=bash CMD=bash /home/mocha/.local/share/Steam/steam.sh -srt-logger-opened 
PID=842 PPID=1 COMM=systemd CMD=/usr/lib/systemd/systemd --user 
PID=1 PPID=0 COMM=systemd CMD=/sbin/init splash 

---- árvore de pais para PID 25360 ----
PID=25360 PPID=25357 COMM=bash CMD=bash /usr/local/bin/mocha-steam-launchopts-watch 
PID=25357 PPID=842 COMM=bash CMD=bash /home/mocha/.local/share/Steam/steam.sh -srt-logger-opened 
PID=842 PPID=1 COMM=systemd CMD=/usr/lib/systemd/systemd --user 
PID=1 PPID=0 COMM=systemd CMD=/sbin/init splash 

---- árvore de pais para PID 25381 ----
PID=25381 PPID=842 COMM=srt-logger CMD=/home/mocha/.local/share/Steam/ubuntu12_32/steam-runtime/usr/libexec/steam-runtime-tools-0/srt-logger --sh-syntax --rotate=8388608 --log-directory /home/mocha/.local/share/Steam/logs --filename console-linux.txt --log-fd=7 --journal-fd=5 --parse-level-prefix 
PID=842 PPID=1 COMM=systemd CMD=/usr/lib/systemd/systemd --user 
PID=1 PPID=0 COMM=systemd CMD=/sbin/init splash 

---- árvore de pais para PID 25474 ----
PID=25474 PPID=25357 COMM=steam CMD=/home/mocha/.local/share/Steam/ubuntu12_32/steam -srt-logger-opened 
PID=25357 PPID=842 COMM=bash CMD=bash /home/mocha/.local/share/Steam/steam.sh -srt-logger-opened 
PID=842 PPID=1 COMM=systemd CMD=/usr/lib/systemd/systemd --user 
PID=1 PPID=0 COMM=systemd CMD=/sbin/init splash 

---- árvore de pais para PID 25497 ----
PID=25497 PPID=25474 COMM=srt-bwrap CMD=/home/mocha/.local/share/Steam/steamrt64/pv-runtime/steam-runtime-steamrt/pressure-vessel/libexec/steam-runtime-tools-0/srt-bwrap --args 26 /usr/lib/pressure-vessel/from-host/libexec/steam-runtime-tools-0/pv-adverb --prefix=/usr/lib/pressure-vessel/from-host --generate-locales --fd 11 --regenerate-ld.so-cache /var/pressure-vessel/ldso --add-ld.so-path /usr/lib/pressure-vessel/overrides/lib/x86_64-linux-gnu --add-ld.so-path /usr/lib/pressure-vessel/overrides/lib/i386-linux-gnu --set-ld-library-path /usr/lib/pressure-vessel/overrides/lib/x86_64-linux-gnu/aliases:/usr/lib/pressure-vessel/overrides/lib/i386-linux-gnu/aliases --overrides-path /usr/lib/pressure-vessel/overrides --assign-fd=1=3 --assign-fd=2=4 -- /home/mocha/.local/share/Steam/ubuntu12_64/steamwebhelper_sniper_wrap.sh -nocrashdialog -lang=pt_BR -cachedir=/home/mocha/.local/share/Steam/config/htmlcache -steampid=25474 -buildid=1782533657 -steamid=0 -logdir=/home/mocha/.local/share/Steam/logs -uimode=7 -startcount=0 -steamuniverse=Public -realm=Global -clientui=/home/mocha/.local/share/Steam/clientui -steampath=/home/mocha/.local/share/Steam/ubuntu12_32/steam -launcher=0 -use_xcomposite_workaround --valve-initial-threadpool-size=4 --valve-enable-site-isolation --enable-smooth-scrolling --disable-gpu-compositing --disable-gpu --password-store=basic --log-file=/home/mocha/.local/share/Steam/logs/cef_log.txt --disable-quick-menu --disable-component-update --gaia-url=http://disabled.invalid --disable-features=WinRetrieveSuggestionsOnlyOnDemand,SpareRendererForSitePerProcess,DcheckIsFatal,BlockPromptsIfIgnoredOften,WebUsbDeviceDetection,ValveFFmpegAllowLowDelayHEVC 
PID=25474 PPID=25357 COMM=steam CMD=/home/mocha/.local/share/Steam/ubuntu12_32/steam -srt-logger-opened 
PID=25357 PPID=842 COMM=bash CMD=bash /home/mocha/.local/share/Steam/steam.sh -srt-logger-opened 
PID=842 PPID=1 COMM=systemd CMD=/usr/lib/systemd/systemd --user 
PID=1 PPID=0 COMM=systemd CMD=/sbin/init splash 

---- árvore de pais para PID 25509 ----
PID=25509 PPID=842 COMM=srt-logger CMD=/home/mocha/.local/share/Steam/ubuntu12_32/steam-runtime/usr/libexec/steam-runtime-tools-0/srt-logger --sh-syntax --rotate=8388608 --log-directory /home/mocha/.steam/steam/logs --filename webhelper-linux.txt --log-fd=7 --journal-fd=5 --parse-level-prefix --journal-level=info 
PID=842 PPID=1 COMM=systemd CMD=/usr/lib/systemd/systemd --user 
PID=1 PPID=0 COMM=systemd CMD=/sbin/init splash 

---- árvore de pais para PID 25566 ----
PID=25566 PPID=25474 COMM=steam-runtime-l CMD=steam-runtime-launcher-service --alongside-steam 
PID=25474 PPID=25357 COMM=steam CMD=/home/mocha/.local/share/Steam/ubuntu12_32/steam -srt-logger-opened 
PID=25357 PPID=842 COMM=bash CMD=bash /home/mocha/.local/share/Steam/steam.sh -srt-logger-opened 
PID=842 PPID=1 COMM=systemd CMD=/usr/lib/systemd/systemd --user 
PID=1 PPID=0 COMM=systemd CMD=/sbin/init splash 

---- árvore de pais para PID 25662 ----
PID=25662 PPID=25497 COMM=pv-adverb CMD=/usr/lib/pressure-vessel/from-host/libexec/steam-runtime-tools-0/pv-adverb --prefix=/usr/lib/pressure-vessel/from-host --generate-locales --fd 11 --regenerate-ld.so-cache /var/pressure-vessel/ldso --add-ld.so-path /usr/lib/pressure-vessel/overrides/lib/x86_64-linux-gnu --add-ld.so-path /usr/lib/pressure-vessel/overrides/lib/i386-linux-gnu --set-ld-library-path /usr/lib/pressure-vessel/overrides/lib/x86_64-linux-gnu/aliases:/usr/lib/pressure-vessel/overrides/lib/i386-linux-gnu/aliases --overrides-path /usr/lib/pressure-vessel/overrides --assign-fd=1=3 --assign-fd=2=4 -- /home/mocha/.local/share/Steam/ubuntu12_64/steamwebhelper_sniper_wrap.sh -nocrashdialog -lang=pt_BR -cachedir=/home/mocha/.local/share/Steam/config/htmlcache -steampid=25474 -buildid=1782533657 -steamid=0 -logdir=/home/mocha/.local/share/Steam/logs -uimode=7 -startcount=0 -steamuniverse=Public -realm=Global -clientui=/home/mocha/.local/share/Steam/clientui -steampath=/home/mocha/.local/share/Steam/ubuntu12_32/steam -launcher=0 -use_xcomposite_workaround --valve-initial-threadpool-size=4 --valve-enable-site-isolation --enable-smooth-scrolling --disable-gpu-compositing --disable-gpu --password-store=basic --log-file=/home/mocha/.local/share/Steam/logs/cef_log.txt --disable-quick-menu --disable-component-update --gaia-url=http://disabled.invalid --disable-features=WinRetrieveSuggestionsOnlyOnDemand,SpareRendererForSitePerProcess,DcheckIsFatal,BlockPromptsIfIgnoredOften,WebUsbDeviceDetection,ValveFFmpegAllowLowDelayHEVC 
PID=25497 PPID=25474 COMM=srt-bwrap CMD=/home/mocha/.local/share/Steam/steamrt64/pv-runtime/steam-runtime-steamrt/pressure-vessel/libexec/steam-runtime-tools-0/srt-bwrap --args 26 /usr/lib/pressure-vessel/from-host/libexec/steam-runtime-tools-0/pv-adverb --prefix=/usr/lib/pressure-vessel/from-host --generate-locales --fd 11 --regenerate-ld.so-cache /var/pressure-vessel/ldso --add-ld.so-path /usr/lib/pressure-vessel/overrides/lib/x86_64-linux-gnu --add-ld.so-path /usr/lib/pressure-vessel/overrides/lib/i386-linux-gnu --set-ld-library-path /usr/lib/pressure-vessel/overrides/lib/x86_64-linux-gnu/aliases:/usr/lib/pressure-vessel/overrides/lib/i386-linux-gnu/aliases --overrides-path /usr/lib/pressure-vessel/overrides --assign-fd=1=3 --assign-fd=2=4 -- /home/mocha/.local/share/Steam/ubuntu12_64/steamwebhelper_sniper_wrap.sh -nocrashdialog -lang=pt_BR -cachedir=/home/mocha/.local/share/Steam/config/htmlcache -steampid=25474 -buildid=1782533657 -steamid=0 -logdir=/home/mocha/.local/share/Steam/logs -uimode=7 -startcount=0 -steamuniverse=Public -realm=Global -clientui=/home/mocha/.local/share/Steam/clientui -steampath=/home/mocha/.local/share/Steam/ubuntu12_32/steam -launcher=0 -use_xcomposite_workaround --valve-initial-threadpool-size=4 --valve-enable-site-isolation --enable-smooth-scrolling --disable-gpu-compositing --disable-gpu --password-store=basic --log-file=/home/mocha/.local/share/Steam/logs/cef_log.txt --disable-quick-menu --disable-component-update --gaia-url=http://disabled.invalid --disable-features=WinRetrieveSuggestionsOnlyOnDemand,SpareRendererForSitePerProcess,DcheckIsFatal,BlockPromptsIfIgnoredOften,WebUsbDeviceDetection,ValveFFmpegAllowLowDelayHEVC 
PID=25474 PPID=25357 COMM=steam CMD=/home/mocha/.local/share/Steam/ubuntu12_32/steam -srt-logger-opened 
PID=25357 PPID=842 COMM=bash CMD=bash /home/mocha/.local/share/Steam/steam.sh -srt-logger-opened 
PID=842 PPID=1 COMM=systemd CMD=/usr/lib/systemd/systemd --user 
PID=1 PPID=0 COMM=systemd CMD=/sbin/init splash 

---- árvore de pais para PID 25695 ----
PID=25695 PPID=25662 COMM=steamwebhelper CMD=./steamwebhelper -nocrashdialog -lang=pt_BR -cachedir=/home/mocha/.local/share/Steam/config/htmlcache -steampid=25474 -buildid=1782533657 -steamid=0 -logdir=/home/mocha/.local/share/Steam/logs -uimode=7 -startcount=0 -steamuniverse=Public -realm=Global -clientui=/home/mocha/.local/share/Steam/clientui -steampath=/home/mocha/.local/share/Steam/ubuntu12_32/steam -launcher=0 -use_xcomposite_workaround --valve-initial-threadpool-size=4 --valve-enable-site-isolation --enable-smooth-scrolling --disable-gpu-compositing --disable-gpu --password-store=basic --log-file=/home/mocha/.local/share/Steam/logs/cef_log.txt --disable-quick-menu --disable-component-update --gaia-url=http://disabled.invalid --disable-features=WinRetrieveSuggestionsOnlyOnDemand,SpareRendererForSitePerProcess,DcheckIsFatal,BlockPromptsIfIgnoredOften,WebUsbDeviceDetection,ValveFFmpegAllowLowDelayHEVC 
PID=25662 PPID=25497 COMM=pv-adverb CMD=/usr/lib/pressure-vessel/from-host/libexec/steam-runtime-tools-0/pv-adverb --prefix=/usr/lib/pressure-vessel/from-host --generate-locales --fd 11 --regenerate-ld.so-cache /var/pressure-vessel/ldso --add-ld.so-path /usr/lib/pressure-vessel/overrides/lib/x86_64-linux-gnu --add-ld.so-path /usr/lib/pressure-vessel/overrides/lib/i386-linux-gnu --set-ld-library-path /usr/lib/pressure-vessel/overrides/lib/x86_64-linux-gnu/aliases:/usr/lib/pressure-vessel/overrides/lib/i386-linux-gnu/aliases --overrides-path /usr/lib/pressure-vessel/overrides --assign-fd=1=3 --assign-fd=2=4 -- /home/mocha/.local/share/Steam/ubuntu12_64/steamwebhelper_sniper_wrap.sh -nocrashdialog -lang=pt_BR -cachedir=/home/mocha/.local/share/Steam/config/htmlcache -steampid=25474 -buildid=1782533657 -steamid=0 -logdir=/home/mocha/.local/share/Steam/logs -uimode=7 -startcount=0 -steamuniverse=Public -realm=Global -clientui=/home/mocha/.local/share/Steam/clientui -steampath=/home/mocha/.local/share/Steam/ubuntu12_32/steam -launcher=0 -use_xcomposite_workaround --valve-initial-threadpool-size=4 --valve-enable-site-isolation --enable-smooth-scrolling --disable-gpu-compositing --disable-gpu --password-store=basic --log-file=/home/mocha/.local/share/Steam/logs/cef_log.txt --disable-quick-menu --disable-component-update --gaia-url=http://disabled.invalid --disable-features=WinRetrieveSuggestionsOnlyOnDemand,SpareRendererForSitePerProcess,DcheckIsFatal,BlockPromptsIfIgnoredOften,WebUsbDeviceDetection,ValveFFmpegAllowLowDelayHEVC 
PID=25497 PPID=25474 COMM=srt-bwrap CMD=/home/mocha/.local/share/Steam/steamrt64/pv-runtime/steam-runtime-steamrt/pressure-vessel/libexec/steam-runtime-tools-0/srt-bwrap --args 26 /usr/lib/pressure-vessel/from-host/libexec/steam-runtime-tools-0/pv-adverb --prefix=/usr/lib/pressure-vessel/from-host --generate-locales --fd 11 --regenerate-ld.so-cache /var/pressure-vessel/ldso --add-ld.so-path /usr/lib/pressure-vessel/overrides/lib/x86_64-linux-gnu --add-ld.so-path /usr/lib/pressure-vessel/overrides/lib/i386-linux-gnu --set-ld-library-path /usr/lib/pressure-vessel/overrides/lib/x86_64-linux-gnu/aliases:/usr/lib/pressure-vessel/overrides/lib/i386-linux-gnu/aliases --overrides-path /usr/lib/pressure-vessel/overrides --assign-fd=1=3 --assign-fd=2=4 -- /home/mocha/.local/share/Steam/ubuntu12_64/steamwebhelper_sniper_wrap.sh -nocrashdialog -lang=pt_BR -cachedir=/home/mocha/.local/share/Steam/config/htmlcache -steampid=25474 -buildid=1782533657 -steamid=0 -logdir=/home/mocha/.local/share/Steam/logs -uimode=7 -startcount=0 -steamuniverse=Public -realm=Global -clientui=/home/mocha/.local/share/Steam/clientui -steampath=/home/mocha/.local/share/Steam/ubuntu12_32/steam -launcher=0 -use_xcomposite_workaround --valve-initial-threadpool-size=4 --valve-enable-site-isolation --enable-smooth-scrolling --disable-gpu-compositing --disable-gpu --password-store=basic --log-file=/home/mocha/.local/share/Steam/logs/cef_log.txt --disable-quick-menu --disable-component-update --gaia-url=http://disabled.invalid --disable-features=WinRetrieveSuggestionsOnlyOnDemand,SpareRendererForSitePerProcess,DcheckIsFatal,BlockPromptsIfIgnoredOften,WebUsbDeviceDetection,ValveFFmpegAllowLowDelayHEVC 
PID=25474 PPID=25357 COMM=steam CMD=/home/mocha/.local/share/Steam/ubuntu12_32/steam -srt-logger-opened 
PID=25357 PPID=842 COMM=bash CMD=bash /home/mocha/.local/share/Steam/steam.sh -srt-logger-opened 
PID=842 PPID=1 COMM=systemd CMD=/usr/lib/systemd/systemd --user 
PID=1 PPID=0 COMM=systemd CMD=/sbin/init splash 

---- árvore de pais para PID 25698 ----
PID=25698 PPID=25662 COMM=steamwebhelper CMD=/home/mocha/.local/share/Steam/ubuntu12_64/steamwebhelper --monitor-self-annotation=ptype=crashpad-handler --type=crashpad-handler --max-uploads=5 --max-db-size=20 --max-db-age=5 --database=/tmp/dumps --url=https://crash.steampowered.com/submit --annotation=lsb-release=Steam Runtime 3c (steamrt3c) --annotation=platform=linux64 --annotation=product=cefwebhelper --annotation=version=1782533657 --initial-client-fd=8 --shared-client-connection 
PID=25662 PPID=25497 COMM=pv-adverb CMD=/usr/lib/pressure-vessel/from-host/libexec/steam-runtime-tools-0/pv-adverb --prefix=/usr/lib/pressure-vessel/from-host --generate-locales --fd 11 --regenerate-ld.so-cache /var/pressure-vessel/ldso --add-ld.so-path /usr/lib/pressure-vessel/overrides/lib/x86_64-linux-gnu --add-ld.so-path /usr/lib/pressure-vessel/overrides/lib/i386-linux-gnu --set-ld-library-path /usr/lib/pressure-vessel/overrides/lib/x86_64-linux-gnu/aliases:/usr/lib/pressure-vessel/overrides/lib/i386-linux-gnu/aliases --overrides-path /usr/lib/pressure-vessel/overrides --assign-fd=1=3 --assign-fd=2=4 -- /home/mocha/.local/share/Steam/ubuntu12_64/steamwebhelper_sniper_wrap.sh -nocrashdialog -lang=pt_BR -cachedir=/home/mocha/.local/share/Steam/config/htmlcache -steampid=25474 -buildid=1782533657 -steamid=0 -logdir=/home/mocha/.local/share/Steam/logs -uimode=7 -startcount=0 -steamuniverse=Public -realm=Global -clientui=/home/mocha/.local/share/Steam/clientui -steampath=/home/mocha/.local/share/Steam/ubuntu12_32/steam -launcher=0 -use_xcomposite_workaround --valve-initial-threadpool-size=4 --valve-enable-site-isolation --enable-smooth-scrolling --disable-gpu-compositing --disable-gpu --password-store=basic --log-file=/home/mocha/.local/share/Steam/logs/cef_log.txt --disable-quick-menu --disable-component-update --gaia-url=http://disabled.invalid --disable-features=WinRetrieveSuggestionsOnlyOnDemand,SpareRendererForSitePerProcess,DcheckIsFatal,BlockPromptsIfIgnoredOften,WebUsbDeviceDetection,ValveFFmpegAllowLowDelayHEVC 
PID=25497 PPID=25474 COMM=srt-bwrap CMD=/home/mocha/.local/share/Steam/steamrt64/pv-runtime/steam-runtime-steamrt/pressure-vessel/libexec/steam-runtime-tools-0/srt-bwrap --args 26 /usr/lib/pressure-vessel/from-host/libexec/steam-runtime-tools-0/pv-adverb --prefix=/usr/lib/pressure-vessel/from-host --generate-locales --fd 11 --regenerate-ld.so-cache /var/pressure-vessel/ldso --add-ld.so-path /usr/lib/pressure-vessel/overrides/lib/x86_64-linux-gnu --add-ld.so-path /usr/lib/pressure-vessel/overrides/lib/i386-linux-gnu --set-ld-library-path /usr/lib/pressure-vessel/overrides/lib/x86_64-linux-gnu/aliases:/usr/lib/pressure-vessel/overrides/lib/i386-linux-gnu/aliases --overrides-path /usr/lib/pressure-vessel/overrides --assign-fd=1=3 --assign-fd=2=4 -- /home/mocha/.local/share/Steam/ubuntu12_64/steamwebhelper_sniper_wrap.sh -nocrashdialog -lang=pt_BR -cachedir=/home/mocha/.local/share/Steam/config/htmlcache -steampid=25474 -buildid=1782533657 -steamid=0 -logdir=/home/mocha/.local/share/Steam/logs -uimode=7 -startcount=0 -steamuniverse=Public -realm=Global -clientui=/home/mocha/.local/share/Steam/clientui -steampath=/home/mocha/.local/share/Steam/ubuntu12_32/steam -launcher=0 -use_xcomposite_workaround --valve-initial-threadpool-size=4 --valve-enable-site-isolation --enable-smooth-scrolling --disable-gpu-compositing --disable-gpu --password-store=basic --log-file=/home/mocha/.local/share/Steam/logs/cef_log.txt --disable-quick-menu --disable-component-update --gaia-url=http://disabled.invalid --disable-features=WinRetrieveSuggestionsOnlyOnDemand,SpareRendererForSitePerProcess,DcheckIsFatal,BlockPromptsIfIgnoredOften,WebUsbDeviceDetection,ValveFFmpegAllowLowDelayHEVC 
PID=25474 PPID=25357 COMM=steam CMD=/home/mocha/.local/share/Steam/ubuntu12_32/steam -srt-logger-opened 
PID=25357 PPID=842 COMM=bash CMD=bash /home/mocha/.local/share/Steam/steam.sh -srt-logger-opened 
PID=842 PPID=1 COMM=systemd CMD=/usr/lib/systemd/systemd --user 
PID=1 PPID=0 COMM=systemd CMD=/sbin/init splash 

---- árvore de pais para PID 25703 ----
PID=25703 PPID=25695 COMM=steamwebhelper CMD=/home/mocha/.local/share/Steam/ubuntu12_64/steamwebhelper --type=zygote --no-zygote-sandbox --crashpad-handler-pid=25698 --enable-crash-reporter=, --change-stack-guard-on-fork=enable --enable-chrome-runtime --user-data-dir=/home/mocha/.local/share/Steam/config/htmlcache --user-agent-product=Valve Steam Client --buildid=1782533657 --steamid=0 --valve-initial-threadpool-size=4 
PID=25695 PPID=25662 COMM=steamwebhelper CMD=./steamwebhelper -nocrashdialog -lang=pt_BR -cachedir=/home/mocha/.local/share/Steam/config/htmlcache -steampid=25474 -buildid=1782533657 -steamid=0 -logdir=/home/mocha/.local/share/Steam/logs -uimode=7 -startcount=0 -steamuniverse=Public -realm=Global -clientui=/home/mocha/.local/share/Steam/clientui -steampath=/home/mocha/.local/share/Steam/ubuntu12_32/steam -launcher=0 -use_xcomposite_workaround --valve-initial-threadpool-size=4 --valve-enable-site-isolation --enable-smooth-scrolling --disable-gpu-compositing --disable-gpu --password-store=basic --log-file=/home/mocha/.local/share/Steam/logs/cef_log.txt --disable-quick-menu --disable-component-update --gaia-url=http://disabled.invalid --disable-features=WinRetrieveSuggestionsOnlyOnDemand,SpareRendererForSitePerProcess,DcheckIsFatal,BlockPromptsIfIgnoredOften,WebUsbDeviceDetection,ValveFFmpegAllowLowDelayHEVC 
PID=25662 PPID=25497 COMM=pv-adverb CMD=/usr/lib/pressure-vessel/from-host/libexec/steam-runtime-tools-0/pv-adverb --prefix=/usr/lib/pressure-vessel/from-host --generate-locales --fd 11 --regenerate-ld.so-cache /var/pressure-vessel/ldso --add-ld.so-path /usr/lib/pressure-vessel/overrides/lib/x86_64-linux-gnu --add-ld.so-path /usr/lib/pressure-vessel/overrides/lib/i386-linux-gnu --set-ld-library-path /usr/lib/pressure-vessel/overrides/lib/x86_64-linux-gnu/aliases:/usr/lib/pressure-vessel/overrides/lib/i386-linux-gnu/aliases --overrides-path /usr/lib/pressure-vessel/overrides --assign-fd=1=3 --assign-fd=2=4 -- /home/mocha/.local/share/Steam/ubuntu12_64/steamwebhelper_sniper_wrap.sh -nocrashdialog -lang=pt_BR -cachedir=/home/mocha/.local/share/Steam/config/htmlcache -steampid=25474 -buildid=1782533657 -steamid=0 -logdir=/home/mocha/.local/share/Steam/logs -uimode=7 -startcount=0 -steamuniverse=Public -realm=Global -clientui=/home/mocha/.local/share/Steam/clientui -steampath=/home/mocha/.local/share/Steam/ubuntu12_32/steam -launcher=0 -use_xcomposite_workaround --valve-initial-threadpool-size=4 --valve-enable-site-isolation --enable-smooth-scrolling --disable-gpu-compositing --disable-gpu --password-store=basic --log-file=/home/mocha/.local/share/Steam/logs/cef_log.txt --disable-quick-menu --disable-component-update --gaia-url=http://disabled.invalid --disable-features=WinRetrieveSuggestionsOnlyOnDemand,SpareRendererForSitePerProcess,DcheckIsFatal,BlockPromptsIfIgnoredOften,WebUsbDeviceDetection,ValveFFmpegAllowLowDelayHEVC 
PID=25497 PPID=25474 COMM=srt-bwrap CMD=/home/mocha/.local/share/Steam/steamrt64/pv-runtime/steam-runtime-steamrt/pressure-vessel/libexec/steam-runtime-tools-0/srt-bwrap --args 26 /usr/lib/pressure-vessel/from-host/libexec/steam-runtime-tools-0/pv-adverb --prefix=/usr/lib/pressure-vessel/from-host --generate-locales --fd 11 --regenerate-ld.so-cache /var/pressure-vessel/ldso --add-ld.so-path /usr/lib/pressure-vessel/overrides/lib/x86_64-linux-gnu --add-ld.so-path /usr/lib/pressure-vessel/overrides/lib/i386-linux-gnu --set-ld-library-path /usr/lib/pressure-vessel/overrides/lib/x86_64-linux-gnu/aliases:/usr/lib/pressure-vessel/overrides/lib/i386-linux-gnu/aliases --overrides-path /usr/lib/pressure-vessel/overrides --assign-fd=1=3 --assign-fd=2=4 -- /home/mocha/.local/share/Steam/ubuntu12_64/steamwebhelper_sniper_wrap.sh -nocrashdialog -lang=pt_BR -cachedir=/home/mocha/.local/share/Steam/config/htmlcache -steampid=25474 -buildid=1782533657 -steamid=0 -logdir=/home/mocha/.local/share/Steam/logs -uimode=7 -startcount=0 -steamuniverse=Public -realm=Global -clientui=/home/mocha/.local/share/Steam/clientui -steampath=/home/mocha/.local/share/Steam/ubuntu12_32/steam -launcher=0 -use_xcomposite_workaround --valve-initial-threadpool-size=4 --valve-enable-site-isolation --enable-smooth-scrolling --disable-gpu-compositing --disable-gpu --password-store=basic --log-file=/home/mocha/.local/share/Steam/logs/cef_log.txt --disable-quick-menu --disable-component-update --gaia-url=http://disabled.invalid --disable-features=WinRetrieveSuggestionsOnlyOnDemand,SpareRendererForSitePerProcess,DcheckIsFatal,BlockPromptsIfIgnoredOften,WebUsbDeviceDetection,ValveFFmpegAllowLowDelayHEVC 
PID=25474 PPID=25357 COMM=steam CMD=/home/mocha/.local/share/Steam/ubuntu12_32/steam -srt-logger-opened 
PID=25357 PPID=842 COMM=bash CMD=bash /home/mocha/.local/share/Steam/steam.sh -srt-logger-opened 
PID=842 PPID=1 COMM=systemd CMD=/usr/lib/systemd/systemd --user 
PID=1 PPID=0 COMM=systemd CMD=/sbin/init splash 

---- árvore de pais para PID 25704 ----
PID=25704 PPID=25695 COMM=steamwebhelper CMD=/home/mocha/.local/share/Steam/ubuntu12_64/steamwebhelper --type=zygote --crashpad-handler-pid=25698 --enable-crash-reporter=, --change-stack-guard-on-fork=enable --enable-chrome-runtime --user-data-dir=/home/mocha/.local/share/Steam/config/htmlcache --user-agent-product=Valve Steam Client --buildid=1782533657 --steamid=0 --valve-initial-threadpool-size=4 
PID=25695 PPID=25662 COMM=steamwebhelper CMD=./steamwebhelper -nocrashdialog -lang=pt_BR -cachedir=/home/mocha/.local/share/Steam/config/htmlcache -steampid=25474 -buildid=1782533657 -steamid=0 -logdir=/home/mocha/.local/share/Steam/logs -uimode=7 -startcount=0 -steamuniverse=Public -realm=Global -clientui=/home/mocha/.local/share/Steam/clientui -steampath=/home/mocha/.local/share/Steam/ubuntu12_32/steam -launcher=0 -use_xcomposite_workaround --valve-initial-threadpool-size=4 --valve-enable-site-isolation --enable-smooth-scrolling --disable-gpu-compositing --disable-gpu --password-store=basic --log-file=/home/mocha/.local/share/Steam/logs/cef_log.txt --disable-quick-menu --disable-component-update --gaia-url=http://disabled.invalid --disable-features=WinRetrieveSuggestionsOnlyOnDemand,SpareRendererForSitePerProcess,DcheckIsFatal,BlockPromptsIfIgnoredOften,WebUsbDeviceDetection,ValveFFmpegAllowLowDelayHEVC 
PID=25662 PPID=25497 COMM=pv-adverb CMD=/usr/lib/pressure-vessel/from-host/libexec/steam-runtime-tools-0/pv-adverb --prefix=/usr/lib/pressure-vessel/from-host --generate-locales --fd 11 --regenerate-ld.so-cache /var/pressure-vessel/ldso --add-ld.so-path /usr/lib/pressure-vessel/overrides/lib/x86_64-linux-gnu --add-ld.so-path /usr/lib/pressure-vessel/overrides/lib/i386-linux-gnu --set-ld-library-path /usr/lib/pressure-vessel/overrides/lib/x86_64-linux-gnu/aliases:/usr/lib/pressure-vessel/overrides/lib/i386-linux-gnu/aliases --overrides-path /usr/lib/pressure-vessel/overrides --assign-fd=1=3 --assign-fd=2=4 -- /home/mocha/.local/share/Steam/ubuntu12_64/steamwebhelper_sniper_wrap.sh -nocrashdialog -lang=pt_BR -cachedir=/home/mocha/.local/share/Steam/config/htmlcache -steampid=25474 -buildid=1782533657 -steamid=0 -logdir=/home/mocha/.local/share/Steam/logs -uimode=7 -startcount=0 -steamuniverse=Public -realm=Global -clientui=/home/mocha/.local/share/Steam/clientui -steampath=/home/mocha/.local/share/Steam/ubuntu12_32/steam -launcher=0 -use_xcomposite_workaround --valve-initial-threadpool-size=4 --valve-enable-site-isolation --enable-smooth-scrolling --disable-gpu-compositing --disable-gpu --password-store=basic --log-file=/home/mocha/.local/share/Steam/logs/cef_log.txt --disable-quick-menu --disable-component-update --gaia-url=http://disabled.invalid --disable-features=WinRetrieveSuggestionsOnlyOnDemand,SpareRendererForSitePerProcess,DcheckIsFatal,BlockPromptsIfIgnoredOften,WebUsbDeviceDetection,ValveFFmpegAllowLowDelayHEVC 
PID=25497 PPID=25474 COMM=srt-bwrap CMD=/home/mocha/.local/share/Steam/steamrt64/pv-runtime/steam-runtime-steamrt/pressure-vessel/libexec/steam-runtime-tools-0/srt-bwrap --args 26 /usr/lib/pressure-vessel/from-host/libexec/steam-runtime-tools-0/pv-adverb --prefix=/usr/lib/pressure-vessel/from-host --generate-locales --fd 11 --regenerate-ld.so-cache /var/pressure-vessel/ldso --add-ld.so-path /usr/lib/pressure-vessel/overrides/lib/x86_64-linux-gnu --add-ld.so-path /usr/lib/pressure-vessel/overrides/lib/i386-linux-gnu --set-ld-library-path /usr/lib/pressure-vessel/overrides/lib/x86_64-linux-gnu/aliases:/usr/lib/pressure-vessel/overrides/lib/i386-linux-gnu/aliases --overrides-path /usr/lib/pressure-vessel/overrides --assign-fd=1=3 --assign-fd=2=4 -- /home/mocha/.local/share/Steam/ubuntu12_64/steamwebhelper_sniper_wrap.sh -nocrashdialog -lang=pt_BR -cachedir=/home/mocha/.local/share/Steam/config/htmlcache -steampid=25474 -buildid=1782533657 -steamid=0 -logdir=/home/mocha/.local/share/Steam/logs -uimode=7 -startcount=0 -steamuniverse=Public -realm=Global -clientui=/home/mocha/.local/share/Steam/clientui -steampath=/home/mocha/.local/share/Steam/ubuntu12_32/steam -launcher=0 -use_xcomposite_workaround --valve-initial-threadpool-size=4 --valve-enable-site-isolation --enable-smooth-scrolling --disable-gpu-compositing --disable-gpu --password-store=basic --log-file=/home/mocha/.local/share/Steam/logs/cef_log.txt --disable-quick-menu --disable-component-update --gaia-url=http://disabled.invalid --disable-features=WinRetrieveSuggestionsOnlyOnDemand,SpareRendererForSitePerProcess,DcheckIsFatal,BlockPromptsIfIgnoredOften,WebUsbDeviceDetection,ValveFFmpegAllowLowDelayHEVC 
PID=25474 PPID=25357 COMM=steam CMD=/home/mocha/.local/share/Steam/ubuntu12_32/steam -srt-logger-opened 
PID=25357 PPID=842 COMM=bash CMD=bash /home/mocha/.local/share/Steam/steam.sh -srt-logger-opened 
PID=842 PPID=1 COMM=systemd CMD=/usr/lib/systemd/systemd --user 
PID=1 PPID=0 COMM=systemd CMD=/sbin/init splash 

---- árvore de pais para PID 25706 ----
PID=25706 PPID=25704 COMM=steamwebhelper CMD=/home/mocha/.local/share/Steam/ubuntu12_64/steamwebhelper --type=zygote --crashpad-handler-pid=25698 --enable-crash-reporter=, --change-stack-guard-on-fork=enable --enable-chrome-runtime --user-data-dir=/home/mocha/.local/share/Steam/config/htmlcache --user-agent-product=Valve Steam Client --buildid=1782533657 --steamid=0 --valve-initial-threadpool-size=4 
PID=25704 PPID=25695 COMM=steamwebhelper CMD=/home/mocha/.local/share/Steam/ubuntu12_64/steamwebhelper --type=zygote --crashpad-handler-pid=25698 --enable-crash-reporter=, --change-stack-guard-on-fork=enable --enable-chrome-runtime --user-data-dir=/home/mocha/.local/share/Steam/config/htmlcache --user-agent-product=Valve Steam Client --buildid=1782533657 --steamid=0 --valve-initial-threadpool-size=4 
PID=25695 PPID=25662 COMM=steamwebhelper CMD=./steamwebhelper -nocrashdialog -lang=pt_BR -cachedir=/home/mocha/.local/share/Steam/config/htmlcache -steampid=25474 -buildid=1782533657 -steamid=0 -logdir=/home/mocha/.local/share/Steam/logs -uimode=7 -startcount=0 -steamuniverse=Public -realm=Global -clientui=/home/mocha/.local/share/Steam/clientui -steampath=/home/mocha/.local/share/Steam/ubuntu12_32/steam -launcher=0 -use_xcomposite_workaround --valve-initial-threadpool-size=4 --valve-enable-site-isolation --enable-smooth-scrolling --disable-gpu-compositing --disable-gpu --password-store=basic --log-file=/home/mocha/.local/share/Steam/logs/cef_log.txt --disable-quick-menu --disable-component-update --gaia-url=http://disabled.invalid --disable-features=WinRetrieveSuggestionsOnlyOnDemand,SpareRendererForSitePerProcess,DcheckIsFatal,BlockPromptsIfIgnoredOften,WebUsbDeviceDetection,ValveFFmpegAllowLowDelayHEVC 
PID=25662 PPID=25497 COMM=pv-adverb CMD=/usr/lib/pressure-vessel/from-host/libexec/steam-runtime-tools-0/pv-adverb --prefix=/usr/lib/pressure-vessel/from-host --generate-locales --fd 11 --regenerate-ld.so-cache /var/pressure-vessel/ldso --add-ld.so-path /usr/lib/pressure-vessel/overrides/lib/x86_64-linux-gnu --add-ld.so-path /usr/lib/pressure-vessel/overrides/lib/i386-linux-gnu --set-ld-library-path /usr/lib/pressure-vessel/overrides/lib/x86_64-linux-gnu/aliases:/usr/lib/pressure-vessel/overrides/lib/i386-linux-gnu/aliases --overrides-path /usr/lib/pressure-vessel/overrides --assign-fd=1=3 --assign-fd=2=4 -- /home/mocha/.local/share/Steam/ubuntu12_64/steamwebhelper_sniper_wrap.sh -nocrashdialog -lang=pt_BR -cachedir=/home/mocha/.local/share/Steam/config/htmlcache -steampid=25474 -buildid=1782533657 -steamid=0 -logdir=/home/mocha/.local/share/Steam/logs -uimode=7 -startcount=0 -steamuniverse=Public -realm=Global -clientui=/home/mocha/.local/share/Steam/clientui -steampath=/home/mocha/.local/share/Steam/ubuntu12_32/steam -launcher=0 -use_xcomposite_workaround --valve-initial-threadpool-size=4 --valve-enable-site-isolation --enable-smooth-scrolling --disable-gpu-compositing --disable-gpu --password-store=basic --log-file=/home/mocha/.local/share/Steam/logs/cef_log.txt --disable-quick-menu --disable-component-update --gaia-url=http://disabled.invalid --disable-features=WinRetrieveSuggestionsOnlyOnDemand,SpareRendererForSitePerProcess,DcheckIsFatal,BlockPromptsIfIgnoredOften,WebUsbDeviceDetection,ValveFFmpegAllowLowDelayHEVC 
PID=25497 PPID=25474 COMM=srt-bwrap CMD=/home/mocha/.local/share/Steam/steamrt64/pv-runtime/steam-runtime-steamrt/pressure-vessel/libexec/steam-runtime-tools-0/srt-bwrap --args 26 /usr/lib/pressure-vessel/from-host/libexec/steam-runtime-tools-0/pv-adverb --prefix=/usr/lib/pressure-vessel/from-host --generate-locales --fd 11 --regenerate-ld.so-cache /var/pressure-vessel/ldso --add-ld.so-path /usr/lib/pressure-vessel/overrides/lib/x86_64-linux-gnu --add-ld.so-path /usr/lib/pressure-vessel/overrides/lib/i386-linux-gnu --set-ld-library-path /usr/lib/pressure-vessel/overrides/lib/x86_64-linux-gnu/aliases:/usr/lib/pressure-vessel/overrides/lib/i386-linux-gnu/aliases --overrides-path /usr/lib/pressure-vessel/overrides --assign-fd=1=3 --assign-fd=2=4 -- /home/mocha/.local/share/Steam/ubuntu12_64/steamwebhelper_sniper_wrap.sh -nocrashdialog -lang=pt_BR -cachedir=/home/mocha/.local/share/Steam/config/htmlcache -steampid=25474 -buildid=1782533657 -steamid=0 -logdir=/home/mocha/.local/share/Steam/logs -uimode=7 -startcount=0 -steamuniverse=Public -realm=Global -clientui=/home/mocha/.local/share/Steam/clientui -steampath=/home/mocha/.local/share/Steam/ubuntu12_32/steam -launcher=0 -use_xcomposite_workaround --valve-initial-threadpool-size=4 --valve-enable-site-isolation --enable-smooth-scrolling --disable-gpu-compositing --disable-gpu --password-store=basic --log-file=/home/mocha/.local/share/Steam/logs/cef_log.txt --disable-quick-menu --disable-component-update --gaia-url=http://disabled.invalid --disable-features=WinRetrieveSuggestionsOnlyOnDemand,SpareRendererForSitePerProcess,DcheckIsFatal,BlockPromptsIfIgnoredOften,WebUsbDeviceDetection,ValveFFmpegAllowLowDelayHEVC 
PID=25474 PPID=25357 COMM=steam CMD=/home/mocha/.local/share/Steam/ubuntu12_32/steam -srt-logger-opened 
PID=25357 PPID=842 COMM=bash CMD=bash /home/mocha/.local/share/Steam/steam.sh -srt-logger-opened 
PID=842 PPID=1 COMM=systemd CMD=/usr/lib/systemd/systemd --user 
PID=1 PPID=0 COMM=systemd CMD=/sbin/init splash 

---- árvore de pais para PID 25724 ----
PID=25724 PPID=25703 COMM=steamwebhelper CMD=/home/mocha/.local/share/Steam/ubuntu12_64/steamwebhelper --type=zygote --no-zygote-sandbox --crashpad-handler-pid=25698 --enable-crash-reporter=, --change-stack-guard-on-fork=enable --enable-chrome-runtime --user-data-dir=/home/mocha/.local/share/Steam/config/htmlcache --user-agent-product=Valve Steam Client --buildid=1782533657 --steamid=0 --valve-initial-threadpool-size=4 
PID=25703 PPID=25695 COMM=steamwebhelper CMD=/home/mocha/.local/share/Steam/ubuntu12_64/steamwebhelper --type=zygote --no-zygote-sandbox --crashpad-handler-pid=25698 --enable-crash-reporter=, --change-stack-guard-on-fork=enable --enable-chrome-runtime --user-data-dir=/home/mocha/.local/share/Steam/config/htmlcache --user-agent-product=Valve Steam Client --buildid=1782533657 --steamid=0 --valve-initial-threadpool-size=4 
PID=25695 PPID=25662 COMM=steamwebhelper CMD=./steamwebhelper -nocrashdialog -lang=pt_BR -cachedir=/home/mocha/.local/share/Steam/config/htmlcache -steampid=25474 -buildid=1782533657 -steamid=0 -logdir=/home/mocha/.local/share/Steam/logs -uimode=7 -startcount=0 -steamuniverse=Public -realm=Global -clientui=/home/mocha/.local/share/Steam/clientui -steampath=/home/mocha/.local/share/Steam/ubuntu12_32/steam -launcher=0 -use_xcomposite_workaround --valve-initial-threadpool-size=4 --valve-enable-site-isolation --enable-smooth-scrolling --disable-gpu-compositing --disable-gpu --password-store=basic --log-file=/home/mocha/.local/share/Steam/logs/cef_log.txt --disable-quick-menu --disable-component-update --gaia-url=http://disabled.invalid --disable-features=WinRetrieveSuggestionsOnlyOnDemand,SpareRendererForSitePerProcess,DcheckIsFatal,BlockPromptsIfIgnoredOften,WebUsbDeviceDetection,ValveFFmpegAllowLowDelayHEVC 
PID=25662 PPID=25497 COMM=pv-adverb CMD=/usr/lib/pressure-vessel/from-host/libexec/steam-runtime-tools-0/pv-adverb --prefix=/usr/lib/pressure-vessel/from-host --generate-locales --fd 11 --regenerate-ld.so-cache /var/pressure-vessel/ldso --add-ld.so-path /usr/lib/pressure-vessel/overrides/lib/x86_64-linux-gnu --add-ld.so-path /usr/lib/pressure-vessel/overrides/lib/i386-linux-gnu --set-ld-library-path /usr/lib/pressure-vessel/overrides/lib/x86_64-linux-gnu/aliases:/usr/lib/pressure-vessel/overrides/lib/i386-linux-gnu/aliases --overrides-path /usr/lib/pressure-vessel/overrides --assign-fd=1=3 --assign-fd=2=4 -- /home/mocha/.local/share/Steam/ubuntu12_64/steamwebhelper_sniper_wrap.sh -nocrashdialog -lang=pt_BR -cachedir=/home/mocha/.local/share/Steam/config/htmlcache -steampid=25474 -buildid=1782533657 -steamid=0 -logdir=/home/mocha/.local/share/Steam/logs -uimode=7 -startcount=0 -steamuniverse=Public -realm=Global -clientui=/home/mocha/.local/share/Steam/clientui -steampath=/home/mocha/.local/share/Steam/ubuntu12_32/steam -launcher=0 -use_xcomposite_workaround --valve-initial-threadpool-size=4 --valve-enable-site-isolation --enable-smooth-scrolling --disable-gpu-compositing --disable-gpu --password-store=basic --log-file=/home/mocha/.local/share/Steam/logs/cef_log.txt --disable-quick-menu --disable-component-update --gaia-url=http://disabled.invalid --disable-features=WinRetrieveSuggestionsOnlyOnDemand,SpareRendererForSitePerProcess,DcheckIsFatal,BlockPromptsIfIgnoredOften,WebUsbDeviceDetection,ValveFFmpegAllowLowDelayHEVC 
PID=25497 PPID=25474 COMM=srt-bwrap CMD=/home/mocha/.local/share/Steam/steamrt64/pv-runtime/steam-runtime-steamrt/pressure-vessel/libexec/steam-runtime-tools-0/srt-bwrap --args 26 /usr/lib/pressure-vessel/from-host/libexec/steam-runtime-tools-0/pv-adverb --prefix=/usr/lib/pressure-vessel/from-host --generate-locales --fd 11 --regenerate-ld.so-cache /var/pressure-vessel/ldso --add-ld.so-path /usr/lib/pressure-vessel/overrides/lib/x86_64-linux-gnu --add-ld.so-path /usr/lib/pressure-vessel/overrides/lib/i386-linux-gnu --set-ld-library-path /usr/lib/pressure-vessel/overrides/lib/x86_64-linux-gnu/aliases:/usr/lib/pressure-vessel/overrides/lib/i386-linux-gnu/aliases --overrides-path /usr/lib/pressure-vessel/overrides --assign-fd=1=3 --assign-fd=2=4 -- /home/mocha/.local/share/Steam/ubuntu12_64/steamwebhelper_sniper_wrap.sh -nocrashdialog -lang=pt_BR -cachedir=/home/mocha/.local/share/Steam/config/htmlcache -steampid=25474 -buildid=1782533657 -steamid=0 -logdir=/home/mocha/.local/share/Steam/logs -uimode=7 -startcount=0 -steamuniverse=Public -realm=Global -clientui=/home/mocha/.local/share/Steam/clientui -steampath=/home/mocha/.local/share/Steam/ubuntu12_32/steam -launcher=0 -use_xcomposite_workaround --valve-initial-threadpool-size=4 --valve-enable-site-isolation --enable-smooth-scrolling --disable-gpu-compositing --disable-gpu --password-store=basic --log-file=/home/mocha/.local/share/Steam/logs/cef_log.txt --disable-quick-menu --disable-component-update --gaia-url=http://disabled.invalid --disable-features=WinRetrieveSuggestionsOnlyOnDemand,SpareRendererForSitePerProcess,DcheckIsFatal,BlockPromptsIfIgnoredOften,WebUsbDeviceDetection,ValveFFmpegAllowLowDelayHEVC 
PID=25474 PPID=25357 COMM=steam CMD=/home/mocha/.local/share/Steam/ubuntu12_32/steam -srt-logger-opened 
PID=25357 PPID=842 COMM=bash CMD=bash /home/mocha/.local/share/Steam/steam.sh -srt-logger-opened 
PID=842 PPID=1 COMM=systemd CMD=/usr/lib/systemd/systemd --user 
PID=1 PPID=0 COMM=systemd CMD=/sbin/init splash 

---- árvore de pais para PID 25744 ----
PID=25744 PPID=25695 COMM=steamwebhelper CMD=/proc/self/exe --type=utility --utility-sub-type=network.mojom.NetworkService --lang=pt-BR --service-sandbox-type=none --crashpad-handler-pid=25698 --enable-crash-reporter=, --change-stack-guard-on-fork=enable --enable-chrome-runtime --user-data-dir=/home/mocha/.local/share/Steam/config/htmlcache --user-agent-product=Valve Steam Client --buildid=1782533657 --steamid=0 --valve-initial-threadpool-size=4 --shared-files --field-trial-handle=3,i,4767953005085949346,552316716061898660,262144 --disable-features=BlockPromptsIfIgnoredOften,DcheckIsFatal,SpareRendererForSitePerProcess,ValveFFmpegAllowLowDelayHEVC,WebUsbDeviceDetection,WinRetrieveSuggestionsOnlyOnDemand --variations-seed-version --log-file=/home/mocha/.local/share/Steam/logs/cef_log.txt 
PID=25695 PPID=25662 COMM=steamwebhelper CMD=./steamwebhelper -nocrashdialog -lang=pt_BR -cachedir=/home/mocha/.local/share/Steam/config/htmlcache -steampid=25474 -buildid=1782533657 -steamid=0 -logdir=/home/mocha/.local/share/Steam/logs -uimode=7 -startcount=0 -steamuniverse=Public -realm=Global -clientui=/home/mocha/.local/share/Steam/clientui -steampath=/home/mocha/.local/share/Steam/ubuntu12_32/steam -launcher=0 -use_xcomposite_workaround --valve-initial-threadpool-size=4 --valve-enable-site-isolation --enable-smooth-scrolling --disable-gpu-compositing --disable-gpu --password-store=basic --log-file=/home/mocha/.local/share/Steam/logs/cef_log.txt --disable-quick-menu --disable-component-update --gaia-url=http://disabled.invalid --disable-features=WinRetrieveSuggestionsOnlyOnDemand,SpareRendererForSitePerProcess,DcheckIsFatal,BlockPromptsIfIgnoredOften,WebUsbDeviceDetection,ValveFFmpegAllowLowDelayHEVC 
PID=25662 PPID=25497 COMM=pv-adverb CMD=/usr/lib/pressure-vessel/from-host/libexec/steam-runtime-tools-0/pv-adverb --prefix=/usr/lib/pressure-vessel/from-host --generate-locales --fd 11 --regenerate-ld.so-cache /var/pressure-vessel/ldso --add-ld.so-path /usr/lib/pressure-vessel/overrides/lib/x86_64-linux-gnu --add-ld.so-path /usr/lib/pressure-vessel/overrides/lib/i386-linux-gnu --set-ld-library-path /usr/lib/pressure-vessel/overrides/lib/x86_64-linux-gnu/aliases:/usr/lib/pressure-vessel/overrides/lib/i386-linux-gnu/aliases --overrides-path /usr/lib/pressure-vessel/overrides --assign-fd=1=3 --assign-fd=2=4 -- /home/mocha/.local/share/Steam/ubuntu12_64/steamwebhelper_sniper_wrap.sh -nocrashdialog -lang=pt_BR -cachedir=/home/mocha/.local/share/Steam/config/htmlcache -steampid=25474 -buildid=1782533657 -steamid=0 -logdir=/home/mocha/.local/share/Steam/logs -uimode=7 -startcount=0 -steamuniverse=Public -realm=Global -clientui=/home/mocha/.local/share/Steam/clientui -steampath=/home/mocha/.local/share/Steam/ubuntu12_32/steam -launcher=0 -use_xcomposite_workaround --valve-initial-threadpool-size=4 --valve-enable-site-isolation --enable-smooth-scrolling --disable-gpu-compositing --disable-gpu --password-store=basic --log-file=/home/mocha/.local/share/Steam/logs/cef_log.txt --disable-quick-menu --disable-component-update --gaia-url=http://disabled.invalid --disable-features=WinRetrieveSuggestionsOnlyOnDemand,SpareRendererForSitePerProcess,DcheckIsFatal,BlockPromptsIfIgnoredOften,WebUsbDeviceDetection,ValveFFmpegAllowLowDelayHEVC 
PID=25497 PPID=25474 COMM=srt-bwrap CMD=/home/mocha/.local/share/Steam/steamrt64/pv-runtime/steam-runtime-steamrt/pressure-vessel/libexec/steam-runtime-tools-0/srt-bwrap --args 26 /usr/lib/pressure-vessel/from-host/libexec/steam-runtime-tools-0/pv-adverb --prefix=/usr/lib/pressure-vessel/from-host --generate-locales --fd 11 --regenerate-ld.so-cache /var/pressure-vessel/ldso --add-ld.so-path /usr/lib/pressure-vessel/overrides/lib/x86_64-linux-gnu --add-ld.so-path /usr/lib/pressure-vessel/overrides/lib/i386-linux-gnu --set-ld-library-path /usr/lib/pressure-vessel/overrides/lib/x86_64-linux-gnu/aliases:/usr/lib/pressure-vessel/overrides/lib/i386-linux-gnu/aliases --overrides-path /usr/lib/pressure-vessel/overrides --assign-fd=1=3 --assign-fd=2=4 -- /home/mocha/.local/share/Steam/ubuntu12_64/steamwebhelper_sniper_wrap.sh -nocrashdialog -lang=pt_BR -cachedir=/home/mocha/.local/share/Steam/config/htmlcache -steampid=25474 -buildid=1782533657 -steamid=0 -logdir=/home/mocha/.local/share/Steam/logs -uimode=7 -startcount=0 -steamuniverse=Public -realm=Global -clientui=/home/mocha/.local/share/Steam/clientui -steampath=/home/mocha/.local/share/Steam/ubuntu12_32/steam -launcher=0 -use_xcomposite_workaround --valve-initial-threadpool-size=4 --valve-enable-site-isolation --enable-smooth-scrolling --disable-gpu-compositing --disable-gpu --password-store=basic --log-file=/home/mocha/.local/share/Steam/logs/cef_log.txt --disable-quick-menu --disable-component-update --gaia-url=http://disabled.invalid --disable-features=WinRetrieveSuggestionsOnlyOnDemand,SpareRendererForSitePerProcess,DcheckIsFatal,BlockPromptsIfIgnoredOften,WebUsbDeviceDetection,ValveFFmpegAllowLowDelayHEVC 
PID=25474 PPID=25357 COMM=steam CMD=/home/mocha/.local/share/Steam/ubuntu12_32/steam -srt-logger-opened 
PID=25357 PPID=842 COMM=bash CMD=bash /home/mocha/.local/share/Steam/steam.sh -srt-logger-opened 
PID=842 PPID=1 COMM=systemd CMD=/usr/lib/systemd/systemd --user 
PID=1 PPID=0 COMM=systemd CMD=/sbin/init splash 

---- árvore de pais para PID 25746 ----
PID=25746 PPID=25706 COMM=steamwebhelper CMD=/home/mocha/.local/share/Steam/ubuntu12_64/steamwebhelper --type=zygote --crashpad-handler-pid=25698 --enable-crash-reporter=, --change-stack-guard-on-fork=enable --enable-chrome-runtime --user-data-dir=/home/mocha/.local/share/Steam/config/htmlcache --user-agent-product=Valve Steam Client --buildid=1782533657 --steamid=0 --valve-initial-threadpool-size=4 
PID=25706 PPID=25704 COMM=steamwebhelper CMD=/home/mocha/.local/share/Steam/ubuntu12_64/steamwebhelper --type=zygote --crashpad-handler-pid=25698 --enable-crash-reporter=, --change-stack-guard-on-fork=enable --enable-chrome-runtime --user-data-dir=/home/mocha/.local/share/Steam/config/htmlcache --user-agent-product=Valve Steam Client --buildid=1782533657 --steamid=0 --valve-initial-threadpool-size=4 
PID=25704 PPID=25695 COMM=steamwebhelper CMD=/home/mocha/.local/share/Steam/ubuntu12_64/steamwebhelper --type=zygote --crashpad-handler-pid=25698 --enable-crash-reporter=, --change-stack-guard-on-fork=enable --enable-chrome-runtime --user-data-dir=/home/mocha/.local/share/Steam/config/htmlcache --user-agent-product=Valve Steam Client --buildid=1782533657 --steamid=0 --valve-initial-threadpool-size=4 
PID=25695 PPID=25662 COMM=steamwebhelper CMD=./steamwebhelper -nocrashdialog -lang=pt_BR -cachedir=/home/mocha/.local/share/Steam/config/htmlcache -steampid=25474 -buildid=1782533657 -steamid=0 -logdir=/home/mocha/.local/share/Steam/logs -uimode=7 -startcount=0 -steamuniverse=Public -realm=Global -clientui=/home/mocha/.local/share/Steam/clientui -steampath=/home/mocha/.local/share/Steam/ubuntu12_32/steam -launcher=0 -use_xcomposite_workaround --valve-initial-threadpool-size=4 --valve-enable-site-isolation --enable-smooth-scrolling --disable-gpu-compositing --disable-gpu --password-store=basic --log-file=/home/mocha/.local/share/Steam/logs/cef_log.txt --disable-quick-menu --disable-component-update --gaia-url=http://disabled.invalid --disable-features=WinRetrieveSuggestionsOnlyOnDemand,SpareRendererForSitePerProcess,DcheckIsFatal,BlockPromptsIfIgnoredOften,WebUsbDeviceDetection,ValveFFmpegAllowLowDelayHEVC 
PID=25662 PPID=25497 COMM=pv-adverb CMD=/usr/lib/pressure-vessel/from-host/libexec/steam-runtime-tools-0/pv-adverb --prefix=/usr/lib/pressure-vessel/from-host --generate-locales --fd 11 --regenerate-ld.so-cache /var/pressure-vessel/ldso --add-ld.so-path /usr/lib/pressure-vessel/overrides/lib/x86_64-linux-gnu --add-ld.so-path /usr/lib/pressure-vessel/overrides/lib/i386-linux-gnu --set-ld-library-path /usr/lib/pressure-vessel/overrides/lib/x86_64-linux-gnu/aliases:/usr/lib/pressure-vessel/overrides/lib/i386-linux-gnu/aliases --overrides-path /usr/lib/pressure-vessel/overrides --assign-fd=1=3 --assign-fd=2=4 -- /home/mocha/.local/share/Steam/ubuntu12_64/steamwebhelper_sniper_wrap.sh -nocrashdialog -lang=pt_BR -cachedir=/home/mocha/.local/share/Steam/config/htmlcache -steampid=25474 -buildid=1782533657 -steamid=0 -logdir=/home/mocha/.local/share/Steam/logs -uimode=7 -startcount=0 -steamuniverse=Public -realm=Global -clientui=/home/mocha/.local/share/Steam/clientui -steampath=/home/mocha/.local/share/Steam/ubuntu12_32/steam -launcher=0 -use_xcomposite_workaround --valve-initial-threadpool-size=4 --valve-enable-site-isolation --enable-smooth-scrolling --disable-gpu-compositing --disable-gpu --password-store=basic --log-file=/home/mocha/.local/share/Steam/logs/cef_log.txt --disable-quick-menu --disable-component-update --gaia-url=http://disabled.invalid --disable-features=WinRetrieveSuggestionsOnlyOnDemand,SpareRendererForSitePerProcess,DcheckIsFatal,BlockPromptsIfIgnoredOften,WebUsbDeviceDetection,ValveFFmpegAllowLowDelayHEVC 
PID=25497 PPID=25474 COMM=srt-bwrap CMD=/home/mocha/.local/share/Steam/steamrt64/pv-runtime/steam-runtime-steamrt/pressure-vessel/libexec/steam-runtime-tools-0/srt-bwrap --args 26 /usr/lib/pressure-vessel/from-host/libexec/steam-runtime-tools-0/pv-adverb --prefix=/usr/lib/pressure-vessel/from-host --generate-locales --fd 11 --regenerate-ld.so-cache /var/pressure-vessel/ldso --add-ld.so-path /usr/lib/pressure-vessel/overrides/lib/x86_64-linux-gnu --add-ld.so-path /usr/lib/pressure-vessel/overrides/lib/i386-linux-gnu --set-ld-library-path /usr/lib/pressure-vessel/overrides/lib/x86_64-linux-gnu/aliases:/usr/lib/pressure-vessel/overrides/lib/i386-linux-gnu/aliases --overrides-path /usr/lib/pressure-vessel/overrides --assign-fd=1=3 --assign-fd=2=4 -- /home/mocha/.local/share/Steam/ubuntu12_64/steamwebhelper_sniper_wrap.sh -nocrashdialog -lang=pt_BR -cachedir=/home/mocha/.local/share/Steam/config/htmlcache -steampid=25474 -buildid=1782533657 -steamid=0 -logdir=/home/mocha/.local/share/Steam/logs -uimode=7 -startcount=0 -steamuniverse=Public -realm=Global -clientui=/home/mocha/.local/share/Steam/clientui -steampath=/home/mocha/.local/share/Steam/ubuntu12_32/steam -launcher=0 -use_xcomposite_workaround --valve-initial-threadpool-size=4 --valve-enable-site-isolation --enable-smooth-scrolling --disable-gpu-compositing --disable-gpu --password-store=basic --log-file=/home/mocha/.local/share/Steam/logs/cef_log.txt --disable-quick-menu --disable-component-update --gaia-url=http://disabled.invalid --disable-features=WinRetrieveSuggestionsOnlyOnDemand,SpareRendererForSitePerProcess,DcheckIsFatal,BlockPromptsIfIgnoredOften,WebUsbDeviceDetection,ValveFFmpegAllowLowDelayHEVC 
PID=25474 PPID=25357 COMM=steam CMD=/home/mocha/.local/share/Steam/ubuntu12_32/steam -srt-logger-opened 
PID=25357 PPID=842 COMM=bash CMD=bash /home/mocha/.local/share/Steam/steam.sh -srt-logger-opened 
PID=842 PPID=1 COMM=systemd CMD=/usr/lib/systemd/systemd --user 
PID=1 PPID=0 COMM=systemd CMD=/sbin/init splash 

---- árvore de pais para PID 25794 ----
PID=25794 PPID=25706 COMM=steamwebhelper CMD=/home/mocha/.local/share/Steam/ubuntu12_64/steamwebhelper --type=zygote --crashpad-handler-pid=25698 --enable-crash-reporter=, --change-stack-guard-on-fork=enable --enable-chrome-runtime --user-data-dir=/home/mocha/.local/share/Steam/config/htmlcache --user-agent-product=Valve Steam Client --buildid=1782533657 --steamid=0 --valve-initial-threadpool-size=4 
PID=25706 PPID=25704 COMM=steamwebhelper CMD=/home/mocha/.local/share/Steam/ubuntu12_64/steamwebhelper --type=zygote --crashpad-handler-pid=25698 --enable-crash-reporter=, --change-stack-guard-on-fork=enable --enable-chrome-runtime --user-data-dir=/home/mocha/.local/share/Steam/config/htmlcache --user-agent-product=Valve Steam Client --buildid=1782533657 --steamid=0 --valve-initial-threadpool-size=4 
PID=25704 PPID=25695 COMM=steamwebhelper CMD=/home/mocha/.local/share/Steam/ubuntu12_64/steamwebhelper --type=zygote --crashpad-handler-pid=25698 --enable-crash-reporter=, --change-stack-guard-on-fork=enable --enable-chrome-runtime --user-data-dir=/home/mocha/.local/share/Steam/config/htmlcache --user-agent-product=Valve Steam Client --buildid=1782533657 --steamid=0 --valve-initial-threadpool-size=4 
PID=25695 PPID=25662 COMM=steamwebhelper CMD=./steamwebhelper -nocrashdialog -lang=pt_BR -cachedir=/home/mocha/.local/share/Steam/config/htmlcache -steampid=25474 -buildid=1782533657 -steamid=0 -logdir=/home/mocha/.local/share/Steam/logs -uimode=7 -startcount=0 -steamuniverse=Public -realm=Global -clientui=/home/mocha/.local/share/Steam/clientui -steampath=/home/mocha/.local/share/Steam/ubuntu12_32/steam -launcher=0 -use_xcomposite_workaround --valve-initial-threadpool-size=4 --valve-enable-site-isolation --enable-smooth-scrolling --disable-gpu-compositing --disable-gpu --password-store=basic --log-file=/home/mocha/.local/share/Steam/logs/cef_log.txt --disable-quick-menu --disable-component-update --gaia-url=http://disabled.invalid --disable-features=WinRetrieveSuggestionsOnlyOnDemand,SpareRendererForSitePerProcess,DcheckIsFatal,BlockPromptsIfIgnoredOften,WebUsbDeviceDetection,ValveFFmpegAllowLowDelayHEVC 
PID=25662 PPID=25497 COMM=pv-adverb CMD=/usr/lib/pressure-vessel/from-host/libexec/steam-runtime-tools-0/pv-adverb --prefix=/usr/lib/pressure-vessel/from-host --generate-locales --fd 11 --regenerate-ld.so-cache /var/pressure-vessel/ldso --add-ld.so-path /usr/lib/pressure-vessel/overrides/lib/x86_64-linux-gnu --add-ld.so-path /usr/lib/pressure-vessel/overrides/lib/i386-linux-gnu --set-ld-library-path /usr/lib/pressure-vessel/overrides/lib/x86_64-linux-gnu/aliases:/usr/lib/pressure-vessel/overrides/lib/i386-linux-gnu/aliases --overrides-path /usr/lib/pressure-vessel/overrides --assign-fd=1=3 --assign-fd=2=4 -- /home/mocha/.local/share/Steam/ubuntu12_64/steamwebhelper_sniper_wrap.sh -nocrashdialog -lang=pt_BR -cachedir=/home/mocha/.local/share/Steam/config/htmlcache -steampid=25474 -buildid=1782533657 -steamid=0 -logdir=/home/mocha/.local/share/Steam/logs -uimode=7 -startcount=0 -steamuniverse=Public -realm=Global -clientui=/home/mocha/.local/share/Steam/clientui -steampath=/home/mocha/.local/share/Steam/ubuntu12_32/steam -launcher=0 -use_xcomposite_workaround --valve-initial-threadpool-size=4 --valve-enable-site-isolation --enable-smooth-scrolling --disable-gpu-compositing --disable-gpu --password-store=basic --log-file=/home/mocha/.local/share/Steam/logs/cef_log.txt --disable-quick-menu --disable-component-update --gaia-url=http://disabled.invalid --disable-features=WinRetrieveSuggestionsOnlyOnDemand,SpareRendererForSitePerProcess,DcheckIsFatal,BlockPromptsIfIgnoredOften,WebUsbDeviceDetection,ValveFFmpegAllowLowDelayHEVC 
PID=25497 PPID=25474 COMM=srt-bwrap CMD=/home/mocha/.local/share/Steam/steamrt64/pv-runtime/steam-runtime-steamrt/pressure-vessel/libexec/steam-runtime-tools-0/srt-bwrap --args 26 /usr/lib/pressure-vessel/from-host/libexec/steam-runtime-tools-0/pv-adverb --prefix=/usr/lib/pressure-vessel/from-host --generate-locales --fd 11 --regenerate-ld.so-cache /var/pressure-vessel/ldso --add-ld.so-path /usr/lib/pressure-vessel/overrides/lib/x86_64-linux-gnu --add-ld.so-path /usr/lib/pressure-vessel/overrides/lib/i386-linux-gnu --set-ld-library-path /usr/lib/pressure-vessel/overrides/lib/x86_64-linux-gnu/aliases:/usr/lib/pressure-vessel/overrides/lib/i386-linux-gnu/aliases --overrides-path /usr/lib/pressure-vessel/overrides --assign-fd=1=3 --assign-fd=2=4 -- /home/mocha/.local/share/Steam/ubuntu12_64/steamwebhelper_sniper_wrap.sh -nocrashdialog -lang=pt_BR -cachedir=/home/mocha/.local/share/Steam/config/htmlcache -steampid=25474 -buildid=1782533657 -steamid=0 -logdir=/home/mocha/.local/share/Steam/logs -uimode=7 -startcount=0 -steamuniverse=Public -realm=Global -clientui=/home/mocha/.local/share/Steam/clientui -steampath=/home/mocha/.local/share/Steam/ubuntu12_32/steam -launcher=0 -use_xcomposite_workaround --valve-initial-threadpool-size=4 --valve-enable-site-isolation --enable-smooth-scrolling --disable-gpu-compositing --disable-gpu --password-store=basic --log-file=/home/mocha/.local/share/Steam/logs/cef_log.txt --disable-quick-menu --disable-component-update --gaia-url=http://disabled.invalid --disable-features=WinRetrieveSuggestionsOnlyOnDemand,SpareRendererForSitePerProcess,DcheckIsFatal,BlockPromptsIfIgnoredOften,WebUsbDeviceDetection,ValveFFmpegAllowLowDelayHEVC 
PID=25474 PPID=25357 COMM=steam CMD=/home/mocha/.local/share/Steam/ubuntu12_32/steam -srt-logger-opened 
PID=25357 PPID=842 COMM=bash CMD=bash /home/mocha/.local/share/Steam/steam.sh -srt-logger-opened 
PID=842 PPID=1 COMM=systemd CMD=/usr/lib/systemd/systemd --user 
PID=1 PPID=0 COMM=systemd CMD=/sbin/init splash 

---- árvore de pais para PID 25919 ----
PID=25919 PPID=25706 COMM=steamwebhelper CMD=/home/mocha/.local/share/Steam/ubuntu12_64/steamwebhelper --type=zygote --crashpad-handler-pid=25698 --enable-crash-reporter=, --change-stack-guard-on-fork=enable --enable-chrome-runtime --user-data-dir=/home/mocha/.local/share/Steam/config/htmlcache --user-agent-product=Valve Steam Client --buildid=1782533657 --steamid=0 --valve-initial-threadpool-size=4 
PID=25706 PPID=25704 COMM=steamwebhelper CMD=/home/mocha/.local/share/Steam/ubuntu12_64/steamwebhelper --type=zygote --crashpad-handler-pid=25698 --enable-crash-reporter=, --change-stack-guard-on-fork=enable --enable-chrome-runtime --user-data-dir=/home/mocha/.local/share/Steam/config/htmlcache --user-agent-product=Valve Steam Client --buildid=1782533657 --steamid=0 --valve-initial-threadpool-size=4 
PID=25704 PPID=25695 COMM=steamwebhelper CMD=/home/mocha/.local/share/Steam/ubuntu12_64/steamwebhelper --type=zygote --crashpad-handler-pid=25698 --enable-crash-reporter=, --change-stack-guard-on-fork=enable --enable-chrome-runtime --user-data-dir=/home/mocha/.local/share/Steam/config/htmlcache --user-agent-product=Valve Steam Client --buildid=1782533657 --steamid=0 --valve-initial-threadpool-size=4 
PID=25695 PPID=25662 COMM=steamwebhelper CMD=./steamwebhelper -nocrashdialog -lang=pt_BR -cachedir=/home/mocha/.local/share/Steam/config/htmlcache -steampid=25474 -buildid=1782533657 -steamid=0 -logdir=/home/mocha/.local/share/Steam/logs -uimode=7 -startcount=0 -steamuniverse=Public -realm=Global -clientui=/home/mocha/.local/share/Steam/clientui -steampath=/home/mocha/.local/share/Steam/ubuntu12_32/steam -launcher=0 -use_xcomposite_workaround --valve-initial-threadpool-size=4 --valve-enable-site-isolation --enable-smooth-scrolling --disable-gpu-compositing --disable-gpu --password-store=basic --log-file=/home/mocha/.local/share/Steam/logs/cef_log.txt --disable-quick-menu --disable-component-update --gaia-url=http://disabled.invalid --disable-features=WinRetrieveSuggestionsOnlyOnDemand,SpareRendererForSitePerProcess,DcheckIsFatal,BlockPromptsIfIgnoredOften,WebUsbDeviceDetection,ValveFFmpegAllowLowDelayHEVC 
PID=25662 PPID=25497 COMM=pv-adverb CMD=/usr/lib/pressure-vessel/from-host/libexec/steam-runtime-tools-0/pv-adverb --prefix=/usr/lib/pressure-vessel/from-host --generate-locales --fd 11 --regenerate-ld.so-cache /var/pressure-vessel/ldso --add-ld.so-path /usr/lib/pressure-vessel/overrides/lib/x86_64-linux-gnu --add-ld.so-path /usr/lib/pressure-vessel/overrides/lib/i386-linux-gnu --set-ld-library-path /usr/lib/pressure-vessel/overrides/lib/x86_64-linux-gnu/aliases:/usr/lib/pressure-vessel/overrides/lib/i386-linux-gnu/aliases --overrides-path /usr/lib/pressure-vessel/overrides --assign-fd=1=3 --assign-fd=2=4 -- /home/mocha/.local/share/Steam/ubuntu12_64/steamwebhelper_sniper_wrap.sh -nocrashdialog -lang=pt_BR -cachedir=/home/mocha/.local/share/Steam/config/htmlcache -steampid=25474 -buildid=1782533657 -steamid=0 -logdir=/home/mocha/.local/share/Steam/logs -uimode=7 -startcount=0 -steamuniverse=Public -realm=Global -clientui=/home/mocha/.local/share/Steam/clientui -steampath=/home/mocha/.local/share/Steam/ubuntu12_32/steam -launcher=0 -use_xcomposite_workaround --valve-initial-threadpool-size=4 --valve-enable-site-isolation --enable-smooth-scrolling --disable-gpu-compositing --disable-gpu --password-store=basic --log-file=/home/mocha/.local/share/Steam/logs/cef_log.txt --disable-quick-menu --disable-component-update --gaia-url=http://disabled.invalid --disable-features=WinRetrieveSuggestionsOnlyOnDemand,SpareRendererForSitePerProcess,DcheckIsFatal,BlockPromptsIfIgnoredOften,WebUsbDeviceDetection,ValveFFmpegAllowLowDelayHEVC 
PID=25497 PPID=25474 COMM=srt-bwrap CMD=/home/mocha/.local/share/Steam/steamrt64/pv-runtime/steam-runtime-steamrt/pressure-vessel/libexec/steam-runtime-tools-0/srt-bwrap --args 26 /usr/lib/pressure-vessel/from-host/libexec/steam-runtime-tools-0/pv-adverb --prefix=/usr/lib/pressure-vessel/from-host --generate-locales --fd 11 --regenerate-ld.so-cache /var/pressure-vessel/ldso --add-ld.so-path /usr/lib/pressure-vessel/overrides/lib/x86_64-linux-gnu --add-ld.so-path /usr/lib/pressure-vessel/overrides/lib/i386-linux-gnu --set-ld-library-path /usr/lib/pressure-vessel/overrides/lib/x86_64-linux-gnu/aliases:/usr/lib/pressure-vessel/overrides/lib/i386-linux-gnu/aliases --overrides-path /usr/lib/pressure-vessel/overrides --assign-fd=1=3 --assign-fd=2=4 -- /home/mocha/.local/share/Steam/ubuntu12_64/steamwebhelper_sniper_wrap.sh -nocrashdialog -lang=pt_BR -cachedir=/home/mocha/.local/share/Steam/config/htmlcache -steampid=25474 -buildid=1782533657 -steamid=0 -logdir=/home/mocha/.local/share/Steam/logs -uimode=7 -startcount=0 -steamuniverse=Public -realm=Global -clientui=/home/mocha/.local/share/Steam/clientui -steampath=/home/mocha/.local/share/Steam/ubuntu12_32/steam -launcher=0 -use_xcomposite_workaround --valve-initial-threadpool-size=4 --valve-enable-site-isolation --enable-smooth-scrolling --disable-gpu-compositing --disable-gpu --password-store=basic --log-file=/home/mocha/.local/share/Steam/logs/cef_log.txt --disable-quick-menu --disable-component-update --gaia-url=http://disabled.invalid --disable-features=WinRetrieveSuggestionsOnlyOnDemand,SpareRendererForSitePerProcess,DcheckIsFatal,BlockPromptsIfIgnoredOften,WebUsbDeviceDetection,ValveFFmpegAllowLowDelayHEVC 
PID=25474 PPID=25357 COMM=steam CMD=/home/mocha/.local/share/Steam/ubuntu12_32/steam -srt-logger-opened 
PID=25357 PPID=842 COMM=bash CMD=bash /home/mocha/.local/share/Steam/steam.sh -srt-logger-opened 
PID=842 PPID=1 COMM=systemd CMD=/usr/lib/systemd/systemd --user 
PID=1 PPID=0 COMM=systemd CMD=/sbin/init splash 

---- árvore de pais para PID 26138 ----
PID=26138 PPID=25474 COMM=reaper CMD=/home/mocha/.local/share/Steam/ubuntu12_32/reaper SteamLaunch AppId=2169200 -- /home/mocha/.local/share/Steam/steamapps/common/SteamLinuxRuntime_4/_v2-entry-point --verb=waitforexitandrun -- /home/mocha/.local/share/Steam/steamapps/common/Proton - Experimental/proton waitforexitandrun /home/mocha/.local/share/Steam/steamapps/common/Sniper Elite Resistance/launcher/SniperResistance.exe 
PID=25474 PPID=25357 COMM=steam CMD=/home/mocha/.local/share/Steam/ubuntu12_32/steam -srt-logger-opened 
PID=25357 PPID=842 COMM=bash CMD=bash /home/mocha/.local/share/Steam/steam.sh -srt-logger-opened 
PID=842 PPID=1 COMM=systemd CMD=/usr/lib/systemd/systemd --user 
PID=1 PPID=0 COMM=systemd CMD=/sbin/init splash 

---- árvore de pais para PID 26148 ----
PID=26148 PPID=26138 COMM=srt-bwrap CMD=/home/mocha/.local/share/Steam/steamapps/common/SteamLinuxRuntime_4/pressure-vessel/libexec/steam-runtime-tools-0/srt-bwrap --args 26 /usr/lib/pressure-vessel/from-host/libexec/steam-runtime-tools-0/pv-adverb --prefix=/usr/lib/pressure-vessel/from-host --generate-locales --fd 11 --regenerate-ld.so-cache /var/pressure-vessel/ldso --add-ld.so-path /usr/lib/pressure-vessel/overrides/lib/x86_64-linux-gnu --add-ld.so-path /usr/lib/pressure-vessel/overrides/lib/i386-linux-gnu --set-ld-library-path /usr/lib/pressure-vessel/overrides/lib/x86_64-linux-gnu/aliases:/usr/lib/pressure-vessel/overrides/lib/i386-linux-gnu/aliases --overrides-path /usr/lib/pressure-vessel/overrides --assign-fd=1=3 --assign-fd=2=4 --ld-preload=/run/host/usr/lib/libgamemodeauto.so.0:abi=x86_64-linux-gnu --ld-preload=/run/host/usr/lib32/libgamemodeauto.so.0:abi=i386-linux-gnu --ld-preload=/home/mocha/.local/share/Steam/ubuntu12_32/gameoverlayrenderer.so --ld-preload=/home/mocha/.local/share/Steam/ubuntu12_64/gameoverlayrenderer.so --ld-preload=/run/host/usr/lib/mangohud/libMangoHud_shim.so:abi=x86_64-linux-gnu --ld-preload=/run/host/usr/lib32/mangohud/libMangoHud_shim.so:abi=i386-linux-gnu -- /home/mocha/.local/share/Steam/steamapps/common/Proton - Experimental/proton waitforexitandrun /home/mocha/.local/share/Steam/steamapps/common/Sniper Elite Resistance/launcher/SniperResistance.exe 
PID=26138 PPID=25474 COMM=reaper CMD=/home/mocha/.local/share/Steam/ubuntu12_32/reaper SteamLaunch AppId=2169200 -- /home/mocha/.local/share/Steam/steamapps/common/SteamLinuxRuntime_4/_v2-entry-point --verb=waitforexitandrun -- /home/mocha/.local/share/Steam/steamapps/common/Proton - Experimental/proton waitforexitandrun /home/mocha/.local/share/Steam/steamapps/common/Sniper Elite Resistance/launcher/SniperResistance.exe 
PID=25474 PPID=25357 COMM=steam CMD=/home/mocha/.local/share/Steam/ubuntu12_32/steam -srt-logger-opened 
PID=25357 PPID=842 COMM=bash CMD=bash /home/mocha/.local/share/Steam/steam.sh -srt-logger-opened 
PID=842 PPID=1 COMM=systemd CMD=/usr/lib/systemd/systemd --user 
PID=1 PPID=0 COMM=systemd CMD=/sbin/init splash 

---- árvore de pais para PID 26210 ----
PID=26210 PPID=26148 COMM=pv-adverb CMD=/usr/lib/pressure-vessel/from-host/libexec/steam-runtime-tools-0/pv-adverb --prefix=/usr/lib/pressure-vessel/from-host --generate-locales --fd 11 --regenerate-ld.so-cache /var/pressure-vessel/ldso --add-ld.so-path /usr/lib/pressure-vessel/overrides/lib/x86_64-linux-gnu --add-ld.so-path /usr/lib/pressure-vessel/overrides/lib/i386-linux-gnu --set-ld-library-path /usr/lib/pressure-vessel/overrides/lib/x86_64-linux-gnu/aliases:/usr/lib/pressure-vessel/overrides/lib/i386-linux-gnu/aliases --overrides-path /usr/lib/pressure-vessel/overrides --assign-fd=1=3 --assign-fd=2=4 --ld-preload=/run/host/usr/lib/libgamemodeauto.so.0:abi=x86_64-linux-gnu --ld-preload=/run/host/usr/lib32/libgamemodeauto.so.0:abi=i386-linux-gnu --ld-preload=/home/mocha/.local/share/Steam/ubuntu12_32/gameoverlayrenderer.so --ld-preload=/home/mocha/.local/share/Steam/ubuntu12_64/gameoverlayrenderer.so --ld-preload=/run/host/usr/lib/mangohud/libMangoHud_shim.so:abi=x86_64-linux-gnu --ld-preload=/run/host/usr/lib32/mangohud/libMangoHud_shim.so:abi=i386-linux-gnu -- /home/mocha/.local/share/Steam/steamapps/common/Proton - Experimental/proton waitforexitandrun /home/mocha/.local/share/Steam/steamapps/common/Sniper Elite Resistance/launcher/SniperResistance.exe 
PID=26148 PPID=26138 COMM=srt-bwrap CMD=/home/mocha/.local/share/Steam/steamapps/common/SteamLinuxRuntime_4/pressure-vessel/libexec/steam-runtime-tools-0/srt-bwrap --args 26 /usr/lib/pressure-vessel/from-host/libexec/steam-runtime-tools-0/pv-adverb --prefix=/usr/lib/pressure-vessel/from-host --generate-locales --fd 11 --regenerate-ld.so-cache /var/pressure-vessel/ldso --add-ld.so-path /usr/lib/pressure-vessel/overrides/lib/x86_64-linux-gnu --add-ld.so-path /usr/lib/pressure-vessel/overrides/lib/i386-linux-gnu --set-ld-library-path /usr/lib/pressure-vessel/overrides/lib/x86_64-linux-gnu/aliases:/usr/lib/pressure-vessel/overrides/lib/i386-linux-gnu/aliases --overrides-path /usr/lib/pressure-vessel/overrides --assign-fd=1=3 --assign-fd=2=4 --ld-preload=/run/host/usr/lib/libgamemodeauto.so.0:abi=x86_64-linux-gnu --ld-preload=/run/host/usr/lib32/libgamemodeauto.so.0:abi=i386-linux-gnu --ld-preload=/home/mocha/.local/share/Steam/ubuntu12_32/gameoverlayrenderer.so --ld-preload=/home/mocha/.local/share/Steam/ubuntu12_64/gameoverlayrenderer.so --ld-preload=/run/host/usr/lib/mangohud/libMangoHud_shim.so:abi=x86_64-linux-gnu --ld-preload=/run/host/usr/lib32/mangohud/libMangoHud_shim.so:abi=i386-linux-gnu -- /home/mocha/.local/share/Steam/steamapps/common/Proton - Experimental/proton waitforexitandrun /home/mocha/.local/share/Steam/steamapps/common/Sniper Elite Resistance/launcher/SniperResistance.exe 
PID=26138 PPID=25474 COMM=reaper CMD=/home/mocha/.local/share/Steam/ubuntu12_32/reaper SteamLaunch AppId=2169200 -- /home/mocha/.local/share/Steam/steamapps/common/SteamLinuxRuntime_4/_v2-entry-point --verb=waitforexitandrun -- /home/mocha/.local/share/Steam/steamapps/common/Proton - Experimental/proton waitforexitandrun /home/mocha/.local/share/Steam/steamapps/common/Sniper Elite Resistance/launcher/SniperResistance.exe 
PID=25474 PPID=25357 COMM=steam CMD=/home/mocha/.local/share/Steam/ubuntu12_32/steam -srt-logger-opened 
PID=25357 PPID=842 COMM=bash CMD=bash /home/mocha/.local/share/Steam/steam.sh -srt-logger-opened 
PID=842 PPID=1 COMM=systemd CMD=/usr/lib/systemd/systemd --user 
PID=1 PPID=0 COMM=systemd CMD=/sbin/init splash 

---- árvore de pais para PID 26243 ----
PID=26243 PPID=26210 COMM=python3 CMD=python3 /home/mocha/.local/share/Steam/steamapps/common/Proton - Experimental/proton waitforexitandrun /home/mocha/.local/share/Steam/steamapps/common/Sniper Elite Resistance/launcher/SniperResistance.exe 
PID=26210 PPID=26148 COMM=pv-adverb CMD=/usr/lib/pressure-vessel/from-host/libexec/steam-runtime-tools-0/pv-adverb --prefix=/usr/lib/pressure-vessel/from-host --generate-locales --fd 11 --regenerate-ld.so-cache /var/pressure-vessel/ldso --add-ld.so-path /usr/lib/pressure-vessel/overrides/lib/x86_64-linux-gnu --add-ld.so-path /usr/lib/pressure-vessel/overrides/lib/i386-linux-gnu --set-ld-library-path /usr/lib/pressure-vessel/overrides/lib/x86_64-linux-gnu/aliases:/usr/lib/pressure-vessel/overrides/lib/i386-linux-gnu/aliases --overrides-path /usr/lib/pressure-vessel/overrides --assign-fd=1=3 --assign-fd=2=4 --ld-preload=/run/host/usr/lib/libgamemodeauto.so.0:abi=x86_64-linux-gnu --ld-preload=/run/host/usr/lib32/libgamemodeauto.so.0:abi=i386-linux-gnu --ld-preload=/home/mocha/.local/share/Steam/ubuntu12_32/gameoverlayrenderer.so --ld-preload=/home/mocha/.local/share/Steam/ubuntu12_64/gameoverlayrenderer.so --ld-preload=/run/host/usr/lib/mangohud/libMangoHud_shim.so:abi=x86_64-linux-gnu --ld-preload=/run/host/usr/lib32/mangohud/libMangoHud_shim.so:abi=i386-linux-gnu -- /home/mocha/.local/share/Steam/steamapps/common/Proton - Experimental/proton waitforexitandrun /home/mocha/.local/share/Steam/steamapps/common/Sniper Elite Resistance/launcher/SniperResistance.exe 
PID=26148 PPID=26138 COMM=srt-bwrap CMD=/home/mocha/.local/share/Steam/steamapps/common/SteamLinuxRuntime_4/pressure-vessel/libexec/steam-runtime-tools-0/srt-bwrap --args 26 /usr/lib/pressure-vessel/from-host/libexec/steam-runtime-tools-0/pv-adverb --prefix=/usr/lib/pressure-vessel/from-host --generate-locales --fd 11 --regenerate-ld.so-cache /var/pressure-vessel/ldso --add-ld.so-path /usr/lib/pressure-vessel/overrides/lib/x86_64-linux-gnu --add-ld.so-path /usr/lib/pressure-vessel/overrides/lib/i386-linux-gnu --set-ld-library-path /usr/lib/pressure-vessel/overrides/lib/x86_64-linux-gnu/aliases:/usr/lib/pressure-vessel/overrides/lib/i386-linux-gnu/aliases --overrides-path /usr/lib/pressure-vessel/overrides --assign-fd=1=3 --assign-fd=2=4 --ld-preload=/run/host/usr/lib/libgamemodeauto.so.0:abi=x86_64-linux-gnu --ld-preload=/run/host/usr/lib32/libgamemodeauto.so.0:abi=i386-linux-gnu --ld-preload=/home/mocha/.local/share/Steam/ubuntu12_32/gameoverlayrenderer.so --ld-preload=/home/mocha/.local/share/Steam/ubuntu12_64/gameoverlayrenderer.so --ld-preload=/run/host/usr/lib/mangohud/libMangoHud_shim.so:abi=x86_64-linux-gnu --ld-preload=/run/host/usr/lib32/mangohud/libMangoHud_shim.so:abi=i386-linux-gnu -- /home/mocha/.local/share/Steam/steamapps/common/Proton - Experimental/proton waitforexitandrun /home/mocha/.local/share/Steam/steamapps/common/Sniper Elite Resistance/launcher/SniperResistance.exe 
PID=26138 PPID=25474 COMM=reaper CMD=/home/mocha/.local/share/Steam/ubuntu12_32/reaper SteamLaunch AppId=2169200 -- /home/mocha/.local/share/Steam/steamapps/common/SteamLinuxRuntime_4/_v2-entry-point --verb=waitforexitandrun -- /home/mocha/.local/share/Steam/steamapps/common/Proton - Experimental/proton waitforexitandrun /home/mocha/.local/share/Steam/steamapps/common/Sniper Elite Resistance/launcher/SniperResistance.exe 
PID=25474 PPID=25357 COMM=steam CMD=/home/mocha/.local/share/Steam/ubuntu12_32/steam -srt-logger-opened 
PID=25357 PPID=842 COMM=bash CMD=bash /home/mocha/.local/share/Steam/steam.sh -srt-logger-opened 
PID=842 PPID=1 COMM=systemd CMD=/usr/lib/systemd/systemd --user 
PID=1 PPID=0 COMM=systemd CMD=/sbin/init splash 

---- árvore de pais para PID 26255 ----
PID=26255 PPID=26243 COMM=steam.exe CMD=c:\windows\system32\steam.exe /home/mocha/.local/share/Steam/steamapps/common/Sniper Elite Resistance/launcher/SniperResistance.exe                                                                                                                                                                                                                         
PID=26243 PPID=26210 COMM=python3 CMD=python3 /home/mocha/.local/share/Steam/steamapps/common/Proton - Experimental/proton waitforexitandrun /home/mocha/.local/share/Steam/steamapps/common/Sniper Elite Resistance/launcher/SniperResistance.exe 
PID=26210 PPID=26148 COMM=pv-adverb CMD=/usr/lib/pressure-vessel/from-host/libexec/steam-runtime-tools-0/pv-adverb --prefix=/usr/lib/pressure-vessel/from-host --generate-locales --fd 11 --regenerate-ld.so-cache /var/pressure-vessel/ldso --add-ld.so-path /usr/lib/pressure-vessel/overrides/lib/x86_64-linux-gnu --add-ld.so-path /usr/lib/pressure-vessel/overrides/lib/i386-linux-gnu --set-ld-library-path /usr/lib/pressure-vessel/overrides/lib/x86_64-linux-gnu/aliases:/usr/lib/pressure-vessel/overrides/lib/i386-linux-gnu/aliases --overrides-path /usr/lib/pressure-vessel/overrides --assign-fd=1=3 --assign-fd=2=4 --ld-preload=/run/host/usr/lib/libgamemodeauto.so.0:abi=x86_64-linux-gnu --ld-preload=/run/host/usr/lib32/libgamemodeauto.so.0:abi=i386-linux-gnu --ld-preload=/home/mocha/.local/share/Steam/ubuntu12_32/gameoverlayrenderer.so --ld-preload=/home/mocha/.local/share/Steam/ubuntu12_64/gameoverlayrenderer.so --ld-preload=/run/host/usr/lib/mangohud/libMangoHud_shim.so:abi=x86_64-linux-gnu --ld-preload=/run/host/usr/lib32/mangohud/libMangoHud_shim.so:abi=i386-linux-gnu -- /home/mocha/.local/share/Steam/steamapps/common/Proton - Experimental/proton waitforexitandrun /home/mocha/.local/share/Steam/steamapps/common/Sniper Elite Resistance/launcher/SniperResistance.exe 
PID=26148 PPID=26138 COMM=srt-bwrap CMD=/home/mocha/.local/share/Steam/steamapps/common/SteamLinuxRuntime_4/pressure-vessel/libexec/steam-runtime-tools-0/srt-bwrap --args 26 /usr/lib/pressure-vessel/from-host/libexec/steam-runtime-tools-0/pv-adverb --prefix=/usr/lib/pressure-vessel/from-host --generate-locales --fd 11 --regenerate-ld.so-cache /var/pressure-vessel/ldso --add-ld.so-path /usr/lib/pressure-vessel/overrides/lib/x86_64-linux-gnu --add-ld.so-path /usr/lib/pressure-vessel/overrides/lib/i386-linux-gnu --set-ld-library-path /usr/lib/pressure-vessel/overrides/lib/x86_64-linux-gnu/aliases:/usr/lib/pressure-vessel/overrides/lib/i386-linux-gnu/aliases --overrides-path /usr/lib/pressure-vessel/overrides --assign-fd=1=3 --assign-fd=2=4 --ld-preload=/run/host/usr/lib/libgamemodeauto.so.0:abi=x86_64-linux-gnu --ld-preload=/run/host/usr/lib32/libgamemodeauto.so.0:abi=i386-linux-gnu --ld-preload=/home/mocha/.local/share/Steam/ubuntu12_32/gameoverlayrenderer.so --ld-preload=/home/mocha/.local/share/Steam/ubuntu12_64/gameoverlayrenderer.so --ld-preload=/run/host/usr/lib/mangohud/libMangoHud_shim.so:abi=x86_64-linux-gnu --ld-preload=/run/host/usr/lib32/mangohud/libMangoHud_shim.so:abi=i386-linux-gnu -- /home/mocha/.local/share/Steam/steamapps/common/Proton - Experimental/proton waitforexitandrun /home/mocha/.local/share/Steam/steamapps/common/Sniper Elite Resistance/launcher/SniperResistance.exe 
PID=26138 PPID=25474 COMM=reaper CMD=/home/mocha/.local/share/Steam/ubuntu12_32/reaper SteamLaunch AppId=2169200 -- /home/mocha/.local/share/Steam/steamapps/common/SteamLinuxRuntime_4/_v2-entry-point --verb=waitforexitandrun -- /home/mocha/.local/share/Steam/steamapps/common/Proton - Experimental/proton waitforexitandrun /home/mocha/.local/share/Steam/steamapps/common/Sniper Elite Resistance/launcher/SniperResistance.exe 
PID=25474 PPID=25357 COMM=steam CMD=/home/mocha/.local/share/Steam/ubuntu12_32/steam -srt-logger-opened 
PID=25357 PPID=842 COMM=bash CMD=bash /home/mocha/.local/share/Steam/steam.sh -srt-logger-opened 
PID=842 PPID=1 COMM=systemd CMD=/usr/lib/systemd/systemd --user 
PID=1 PPID=0 COMM=systemd CMD=/sbin/init splash 

---- árvore de pais para PID 26257 ----
PID=26257 PPID=26210 COMM=wineserver CMD=/home/mocha/.local/share/Steam/steamapps/common/Proton - Experimental/files/lib/wine/../../bin/wineserver 
PID=26210 PPID=26148 COMM=pv-adverb CMD=/usr/lib/pressure-vessel/from-host/libexec/steam-runtime-tools-0/pv-adverb --prefix=/usr/lib/pressure-vessel/from-host --generate-locales --fd 11 --regenerate-ld.so-cache /var/pressure-vessel/ldso --add-ld.so-path /usr/lib/pressure-vessel/overrides/lib/x86_64-linux-gnu --add-ld.so-path /usr/lib/pressure-vessel/overrides/lib/i386-linux-gnu --set-ld-library-path /usr/lib/pressure-vessel/overrides/lib/x86_64-linux-gnu/aliases:/usr/lib/pressure-vessel/overrides/lib/i386-linux-gnu/aliases --overrides-path /usr/lib/pressure-vessel/overrides --assign-fd=1=3 --assign-fd=2=4 --ld-preload=/run/host/usr/lib/libgamemodeauto.so.0:abi=x86_64-linux-gnu --ld-preload=/run/host/usr/lib32/libgamemodeauto.so.0:abi=i386-linux-gnu --ld-preload=/home/mocha/.local/share/Steam/ubuntu12_32/gameoverlayrenderer.so --ld-preload=/home/mocha/.local/share/Steam/ubuntu12_64/gameoverlayrenderer.so --ld-preload=/run/host/usr/lib/mangohud/libMangoHud_shim.so:abi=x86_64-linux-gnu --ld-preload=/run/host/usr/lib32/mangohud/libMangoHud_shim.so:abi=i386-linux-gnu -- /home/mocha/.local/share/Steam/steamapps/common/Proton - Experimental/proton waitforexitandrun /home/mocha/.local/share/Steam/steamapps/common/Sniper Elite Resistance/launcher/SniperResistance.exe 
PID=26148 PPID=26138 COMM=srt-bwrap CMD=/home/mocha/.local/share/Steam/steamapps/common/SteamLinuxRuntime_4/pressure-vessel/libexec/steam-runtime-tools-0/srt-bwrap --args 26 /usr/lib/pressure-vessel/from-host/libexec/steam-runtime-tools-0/pv-adverb --prefix=/usr/lib/pressure-vessel/from-host --generate-locales --fd 11 --regenerate-ld.so-cache /var/pressure-vessel/ldso --add-ld.so-path /usr/lib/pressure-vessel/overrides/lib/x86_64-linux-gnu --add-ld.so-path /usr/lib/pressure-vessel/overrides/lib/i386-linux-gnu --set-ld-library-path /usr/lib/pressure-vessel/overrides/lib/x86_64-linux-gnu/aliases:/usr/lib/pressure-vessel/overrides/lib/i386-linux-gnu/aliases --overrides-path /usr/lib/pressure-vessel/overrides --assign-fd=1=3 --assign-fd=2=4 --ld-preload=/run/host/usr/lib/libgamemodeauto.so.0:abi=x86_64-linux-gnu --ld-preload=/run/host/usr/lib32/libgamemodeauto.so.0:abi=i386-linux-gnu --ld-preload=/home/mocha/.local/share/Steam/ubuntu12_32/gameoverlayrenderer.so --ld-preload=/home/mocha/.local/share/Steam/ubuntu12_64/gameoverlayrenderer.so --ld-preload=/run/host/usr/lib/mangohud/libMangoHud_shim.so:abi=x86_64-linux-gnu --ld-preload=/run/host/usr/lib32/mangohud/libMangoHud_shim.so:abi=i386-linux-gnu -- /home/mocha/.local/share/Steam/steamapps/common/Proton - Experimental/proton waitforexitandrun /home/mocha/.local/share/Steam/steamapps/common/Sniper Elite Resistance/launcher/SniperResistance.exe 
PID=26138 PPID=25474 COMM=reaper CMD=/home/mocha/.local/share/Steam/ubuntu12_32/reaper SteamLaunch AppId=2169200 -- /home/mocha/.local/share/Steam/steamapps/common/SteamLinuxRuntime_4/_v2-entry-point --verb=waitforexitandrun -- /home/mocha/.local/share/Steam/steamapps/common/Proton - Experimental/proton waitforexitandrun /home/mocha/.local/share/Steam/steamapps/common/Sniper Elite Resistance/launcher/SniperResistance.exe 
PID=25474 PPID=25357 COMM=steam CMD=/home/mocha/.local/share/Steam/ubuntu12_32/steam -srt-logger-opened 
PID=25357 PPID=842 COMM=bash CMD=bash /home/mocha/.local/share/Steam/steam.sh -srt-logger-opened 
PID=842 PPID=1 COMM=systemd CMD=/usr/lib/systemd/systemd --user 
PID=1 PPID=0 COMM=systemd CMD=/sbin/init splash 

---- árvore de pais para PID 26261 ----
PID=26261 PPID=26210 COMM=services.exe CMD=C:\windows\system32\services.exe                                                                                                                                                                                                                         
PID=26210 PPID=26148 COMM=pv-adverb CMD=/usr/lib/pressure-vessel/from-host/libexec/steam-runtime-tools-0/pv-adverb --prefix=/usr/lib/pressure-vessel/from-host --generate-locales --fd 11 --regenerate-ld.so-cache /var/pressure-vessel/ldso --add-ld.so-path /usr/lib/pressure-vessel/overrides/lib/x86_64-linux-gnu --add-ld.so-path /usr/lib/pressure-vessel/overrides/lib/i386-linux-gnu --set-ld-library-path /usr/lib/pressure-vessel/overrides/lib/x86_64-linux-gnu/aliases:/usr/lib/pressure-vessel/overrides/lib/i386-linux-gnu/aliases --overrides-path /usr/lib/pressure-vessel/overrides --assign-fd=1=3 --assign-fd=2=4 --ld-preload=/run/host/usr/lib/libgamemodeauto.so.0:abi=x86_64-linux-gnu --ld-preload=/run/host/usr/lib32/libgamemodeauto.so.0:abi=i386-linux-gnu --ld-preload=/home/mocha/.local/share/Steam/ubuntu12_32/gameoverlayrenderer.so --ld-preload=/home/mocha/.local/share/Steam/ubuntu12_64/gameoverlayrenderer.so --ld-preload=/run/host/usr/lib/mangohud/libMangoHud_shim.so:abi=x86_64-linux-gnu --ld-preload=/run/host/usr/lib32/mangohud/libMangoHud_shim.so:abi=i386-linux-gnu -- /home/mocha/.local/share/Steam/steamapps/common/Proton - Experimental/proton waitforexitandrun /home/mocha/.local/share/Steam/steamapps/common/Sniper Elite Resistance/launcher/SniperResistance.exe 
PID=26148 PPID=26138 COMM=srt-bwrap CMD=/home/mocha/.local/share/Steam/steamapps/common/SteamLinuxRuntime_4/pressure-vessel/libexec/steam-runtime-tools-0/srt-bwrap --args 26 /usr/lib/pressure-vessel/from-host/libexec/steam-runtime-tools-0/pv-adverb --prefix=/usr/lib/pressure-vessel/from-host --generate-locales --fd 11 --regenerate-ld.so-cache /var/pressure-vessel/ldso --add-ld.so-path /usr/lib/pressure-vessel/overrides/lib/x86_64-linux-gnu --add-ld.so-path /usr/lib/pressure-vessel/overrides/lib/i386-linux-gnu --set-ld-library-path /usr/lib/pressure-vessel/overrides/lib/x86_64-linux-gnu/aliases:/usr/lib/pressure-vessel/overrides/lib/i386-linux-gnu/aliases --overrides-path /usr/lib/pressure-vessel/overrides --assign-fd=1=3 --assign-fd=2=4 --ld-preload=/run/host/usr/lib/libgamemodeauto.so.0:abi=x86_64-linux-gnu --ld-preload=/run/host/usr/lib32/libgamemodeauto.so.0:abi=i386-linux-gnu --ld-preload=/home/mocha/.local/share/Steam/ubuntu12_32/gameoverlayrenderer.so --ld-preload=/home/mocha/.local/share/Steam/ubuntu12_64/gameoverlayrenderer.so --ld-preload=/run/host/usr/lib/mangohud/libMangoHud_shim.so:abi=x86_64-linux-gnu --ld-preload=/run/host/usr/lib32/mangohud/libMangoHud_shim.so:abi=i386-linux-gnu -- /home/mocha/.local/share/Steam/steamapps/common/Proton - Experimental/proton waitforexitandrun /home/mocha/.local/share/Steam/steamapps/common/Sniper Elite Resistance/launcher/SniperResistance.exe 
PID=26138 PPID=25474 COMM=reaper CMD=/home/mocha/.local/share/Steam/ubuntu12_32/reaper SteamLaunch AppId=2169200 -- /home/mocha/.local/share/Steam/steamapps/common/SteamLinuxRuntime_4/_v2-entry-point --verb=waitforexitandrun -- /home/mocha/.local/share/Steam/steamapps/common/Proton - Experimental/proton waitforexitandrun /home/mocha/.local/share/Steam/steamapps/common/Sniper Elite Resistance/launcher/SniperResistance.exe 
PID=25474 PPID=25357 COMM=steam CMD=/home/mocha/.local/share/Steam/ubuntu12_32/steam -srt-logger-opened 
PID=25357 PPID=842 COMM=bash CMD=bash /home/mocha/.local/share/Steam/steam.sh -srt-logger-opened 
PID=842 PPID=1 COMM=systemd CMD=/usr/lib/systemd/systemd --user 
PID=1 PPID=0 COMM=systemd CMD=/sbin/init splash 

---- árvore de pais para PID 26264 ----
PID=26264 PPID=26210 COMM=winedevice.exe CMD=C:\windows\system32\winedevice.exe                                                                                                                                                                                                                         
PID=26210 PPID=26148 COMM=pv-adverb CMD=/usr/lib/pressure-vessel/from-host/libexec/steam-runtime-tools-0/pv-adverb --prefix=/usr/lib/pressure-vessel/from-host --generate-locales --fd 11 --regenerate-ld.so-cache /var/pressure-vessel/ldso --add-ld.so-path /usr/lib/pressure-vessel/overrides/lib/x86_64-linux-gnu --add-ld.so-path /usr/lib/pressure-vessel/overrides/lib/i386-linux-gnu --set-ld-library-path /usr/lib/pressure-vessel/overrides/lib/x86_64-linux-gnu/aliases:/usr/lib/pressure-vessel/overrides/lib/i386-linux-gnu/aliases --overrides-path /usr/lib/pressure-vessel/overrides --assign-fd=1=3 --assign-fd=2=4 --ld-preload=/run/host/usr/lib/libgamemodeauto.so.0:abi=x86_64-linux-gnu --ld-preload=/run/host/usr/lib32/libgamemodeauto.so.0:abi=i386-linux-gnu --ld-preload=/home/mocha/.local/share/Steam/ubuntu12_32/gameoverlayrenderer.so --ld-preload=/home/mocha/.local/share/Steam/ubuntu12_64/gameoverlayrenderer.so --ld-preload=/run/host/usr/lib/mangohud/libMangoHud_shim.so:abi=x86_64-linux-gnu --ld-preload=/run/host/usr/lib32/mangohud/libMangoHud_shim.so:abi=i386-linux-gnu -- /home/mocha/.local/share/Steam/steamapps/common/Proton - Experimental/proton waitforexitandrun /home/mocha/.local/share/Steam/steamapps/common/Sniper Elite Resistance/launcher/SniperResistance.exe 
PID=26148 PPID=26138 COMM=srt-bwrap CMD=/home/mocha/.local/share/Steam/steamapps/common/SteamLinuxRuntime_4/pressure-vessel/libexec/steam-runtime-tools-0/srt-bwrap --args 26 /usr/lib/pressure-vessel/from-host/libexec/steam-runtime-tools-0/pv-adverb --prefix=/usr/lib/pressure-vessel/from-host --generate-locales --fd 11 --regenerate-ld.so-cache /var/pressure-vessel/ldso --add-ld.so-path /usr/lib/pressure-vessel/overrides/lib/x86_64-linux-gnu --add-ld.so-path /usr/lib/pressure-vessel/overrides/lib/i386-linux-gnu --set-ld-library-path /usr/lib/pressure-vessel/overrides/lib/x86_64-linux-gnu/aliases:/usr/lib/pressure-vessel/overrides/lib/i386-linux-gnu/aliases --overrides-path /usr/lib/pressure-vessel/overrides --assign-fd=1=3 --assign-fd=2=4 --ld-preload=/run/host/usr/lib/libgamemodeauto.so.0:abi=x86_64-linux-gnu --ld-preload=/run/host/usr/lib32/libgamemodeauto.so.0:abi=i386-linux-gnu --ld-preload=/home/mocha/.local/share/Steam/ubuntu12_32/gameoverlayrenderer.so --ld-preload=/home/mocha/.local/share/Steam/ubuntu12_64/gameoverlayrenderer.so --ld-preload=/run/host/usr/lib/mangohud/libMangoHud_shim.so:abi=x86_64-linux-gnu --ld-preload=/run/host/usr/lib32/mangohud/libMangoHud_shim.so:abi=i386-linux-gnu -- /home/mocha/.local/share/Steam/steamapps/common/Proton - Experimental/proton waitforexitandrun /home/mocha/.local/share/Steam/steamapps/common/Sniper Elite Resistance/launcher/SniperResistance.exe 
PID=26138 PPID=25474 COMM=reaper CMD=/home/mocha/.local/share/Steam/ubuntu12_32/reaper SteamLaunch AppId=2169200 -- /home/mocha/.local/share/Steam/steamapps/common/SteamLinuxRuntime_4/_v2-entry-point --verb=waitforexitandrun -- /home/mocha/.local/share/Steam/steamapps/common/Proton - Experimental/proton waitforexitandrun /home/mocha/.local/share/Steam/steamapps/common/Sniper Elite Resistance/launcher/SniperResistance.exe 
PID=25474 PPID=25357 COMM=steam CMD=/home/mocha/.local/share/Steam/ubuntu12_32/steam -srt-logger-opened 
PID=25357 PPID=842 COMM=bash CMD=bash /home/mocha/.local/share/Steam/steam.sh -srt-logger-opened 
PID=842 PPID=1 COMM=systemd CMD=/usr/lib/systemd/systemd --user 
PID=1 PPID=0 COMM=systemd CMD=/sbin/init splash 

---- árvore de pais para PID 26274 ----
PID=26274 PPID=26210 COMM=plugplay.exe CMD=C:\windows\system32\plugplay.exe                                                                                                                                                                                                                         
PID=26210 PPID=26148 COMM=pv-adverb CMD=/usr/lib/pressure-vessel/from-host/libexec/steam-runtime-tools-0/pv-adverb --prefix=/usr/lib/pressure-vessel/from-host --generate-locales --fd 11 --regenerate-ld.so-cache /var/pressure-vessel/ldso --add-ld.so-path /usr/lib/pressure-vessel/overrides/lib/x86_64-linux-gnu --add-ld.so-path /usr/lib/pressure-vessel/overrides/lib/i386-linux-gnu --set-ld-library-path /usr/lib/pressure-vessel/overrides/lib/x86_64-linux-gnu/aliases:/usr/lib/pressure-vessel/overrides/lib/i386-linux-gnu/aliases --overrides-path /usr/lib/pressure-vessel/overrides --assign-fd=1=3 --assign-fd=2=4 --ld-preload=/run/host/usr/lib/libgamemodeauto.so.0:abi=x86_64-linux-gnu --ld-preload=/run/host/usr/lib32/libgamemodeauto.so.0:abi=i386-linux-gnu --ld-preload=/home/mocha/.local/share/Steam/ubuntu12_32/gameoverlayrenderer.so --ld-preload=/home/mocha/.local/share/Steam/ubuntu12_64/gameoverlayrenderer.so --ld-preload=/run/host/usr/lib/mangohud/libMangoHud_shim.so:abi=x86_64-linux-gnu --ld-preload=/run/host/usr/lib32/mangohud/libMangoHud_shim.so:abi=i386-linux-gnu -- /home/mocha/.local/share/Steam/steamapps/common/Proton - Experimental/proton waitforexitandrun /home/mocha/.local/share/Steam/steamapps/common/Sniper Elite Resistance/launcher/SniperResistance.exe 
PID=26148 PPID=26138 COMM=srt-bwrap CMD=/home/mocha/.local/share/Steam/steamapps/common/SteamLinuxRuntime_4/pressure-vessel/libexec/steam-runtime-tools-0/srt-bwrap --args 26 /usr/lib/pressure-vessel/from-host/libexec/steam-runtime-tools-0/pv-adverb --prefix=/usr/lib/pressure-vessel/from-host --generate-locales --fd 11 --regenerate-ld.so-cache /var/pressure-vessel/ldso --add-ld.so-path /usr/lib/pressure-vessel/overrides/lib/x86_64-linux-gnu --add-ld.so-path /usr/lib/pressure-vessel/overrides/lib/i386-linux-gnu --set-ld-library-path /usr/lib/pressure-vessel/overrides/lib/x86_64-linux-gnu/aliases:/usr/lib/pressure-vessel/overrides/lib/i386-linux-gnu/aliases --overrides-path /usr/lib/pressure-vessel/overrides --assign-fd=1=3 --assign-fd=2=4 --ld-preload=/run/host/usr/lib/libgamemodeauto.so.0:abi=x86_64-linux-gnu --ld-preload=/run/host/usr/lib32/libgamemodeauto.so.0:abi=i386-linux-gnu --ld-preload=/home/mocha/.local/share/Steam/ubuntu12_32/gameoverlayrenderer.so --ld-preload=/home/mocha/.local/share/Steam/ubuntu12_64/gameoverlayrenderer.so --ld-preload=/run/host/usr/lib/mangohud/libMangoHud_shim.so:abi=x86_64-linux-gnu --ld-preload=/run/host/usr/lib32/mangohud/libMangoHud_shim.so:abi=i386-linux-gnu -- /home/mocha/.local/share/Steam/steamapps/common/Proton - Experimental/proton waitforexitandrun /home/mocha/.local/share/Steam/steamapps/common/Sniper Elite Resistance/launcher/SniperResistance.exe 
PID=26138 PPID=25474 COMM=reaper CMD=/home/mocha/.local/share/Steam/ubuntu12_32/reaper SteamLaunch AppId=2169200 -- /home/mocha/.local/share/Steam/steamapps/common/SteamLinuxRuntime_4/_v2-entry-point --verb=waitforexitandrun -- /home/mocha/.local/share/Steam/steamapps/common/Proton - Experimental/proton waitforexitandrun /home/mocha/.local/share/Steam/steamapps/common/Sniper Elite Resistance/launcher/SniperResistance.exe 
PID=25474 PPID=25357 COMM=steam CMD=/home/mocha/.local/share/Steam/ubuntu12_32/steam -srt-logger-opened 
PID=25357 PPID=842 COMM=bash CMD=bash /home/mocha/.local/share/Steam/steam.sh -srt-logger-opened 
PID=842 PPID=1 COMM=systemd CMD=/usr/lib/systemd/systemd --user 
PID=1 PPID=0 COMM=systemd CMD=/sbin/init splash 

---- árvore de pais para PID 26280 ----
PID=26280 PPID=26210 COMM=svchost.exe CMD=C:\windows\system32\svchost.exe -k LocalServiceNetworkRestricted                                                                                                                                                                                                                         
PID=26210 PPID=26148 COMM=pv-adverb CMD=/usr/lib/pressure-vessel/from-host/libexec/steam-runtime-tools-0/pv-adverb --prefix=/usr/lib/pressure-vessel/from-host --generate-locales --fd 11 --regenerate-ld.so-cache /var/pressure-vessel/ldso --add-ld.so-path /usr/lib/pressure-vessel/overrides/lib/x86_64-linux-gnu --add-ld.so-path /usr/lib/pressure-vessel/overrides/lib/i386-linux-gnu --set-ld-library-path /usr/lib/pressure-vessel/overrides/lib/x86_64-linux-gnu/aliases:/usr/lib/pressure-vessel/overrides/lib/i386-linux-gnu/aliases --overrides-path /usr/lib/pressure-vessel/overrides --assign-fd=1=3 --assign-fd=2=4 --ld-preload=/run/host/usr/lib/libgamemodeauto.so.0:abi=x86_64-linux-gnu --ld-preload=/run/host/usr/lib32/libgamemodeauto.so.0:abi=i386-linux-gnu --ld-preload=/home/mocha/.local/share/Steam/ubuntu12_32/gameoverlayrenderer.so --ld-preload=/home/mocha/.local/share/Steam/ubuntu12_64/gameoverlayrenderer.so --ld-preload=/run/host/usr/lib/mangohud/libMangoHud_shim.so:abi=x86_64-linux-gnu --ld-preload=/run/host/usr/lib32/mangohud/libMangoHud_shim.so:abi=i386-linux-gnu -- /home/mocha/.local/share/Steam/steamapps/common/Proton - Experimental/proton waitforexitandrun /home/mocha/.local/share/Steam/steamapps/common/Sniper Elite Resistance/launcher/SniperResistance.exe 
PID=26148 PPID=26138 COMM=srt-bwrap CMD=/home/mocha/.local/share/Steam/steamapps/common/SteamLinuxRuntime_4/pressure-vessel/libexec/steam-runtime-tools-0/srt-bwrap --args 26 /usr/lib/pressure-vessel/from-host/libexec/steam-runtime-tools-0/pv-adverb --prefix=/usr/lib/pressure-vessel/from-host --generate-locales --fd 11 --regenerate-ld.so-cache /var/pressure-vessel/ldso --add-ld.so-path /usr/lib/pressure-vessel/overrides/lib/x86_64-linux-gnu --add-ld.so-path /usr/lib/pressure-vessel/overrides/lib/i386-linux-gnu --set-ld-library-path /usr/lib/pressure-vessel/overrides/lib/x86_64-linux-gnu/aliases:/usr/lib/pressure-vessel/overrides/lib/i386-linux-gnu/aliases --overrides-path /usr/lib/pressure-vessel/overrides --assign-fd=1=3 --assign-fd=2=4 --ld-preload=/run/host/usr/lib/libgamemodeauto.so.0:abi=x86_64-linux-gnu --ld-preload=/run/host/usr/lib32/libgamemodeauto.so.0:abi=i386-linux-gnu --ld-preload=/home/mocha/.local/share/Steam/ubuntu12_32/gameoverlayrenderer.so --ld-preload=/home/mocha/.local/share/Steam/ubuntu12_64/gameoverlayrenderer.so --ld-preload=/run/host/usr/lib/mangohud/libMangoHud_shim.so:abi=x86_64-linux-gnu --ld-preload=/run/host/usr/lib32/mangohud/libMangoHud_shim.so:abi=i386-linux-gnu -- /home/mocha/.local/share/Steam/steamapps/common/Proton - Experimental/proton waitforexitandrun /home/mocha/.local/share/Steam/steamapps/common/Sniper Elite Resistance/launcher/SniperResistance.exe 
PID=26138 PPID=25474 COMM=reaper CMD=/home/mocha/.local/share/Steam/ubuntu12_32/reaper SteamLaunch AppId=2169200 -- /home/mocha/.local/share/Steam/steamapps/common/SteamLinuxRuntime_4/_v2-entry-point --verb=waitforexitandrun -- /home/mocha/.local/share/Steam/steamapps/common/Proton - Experimental/proton waitforexitandrun /home/mocha/.local/share/Steam/steamapps/common/Sniper Elite Resistance/launcher/SniperResistance.exe 
PID=25474 PPID=25357 COMM=steam CMD=/home/mocha/.local/share/Steam/ubuntu12_32/steam -srt-logger-opened 
PID=25357 PPID=842 COMM=bash CMD=bash /home/mocha/.local/share/Steam/steam.sh -srt-logger-opened 
PID=842 PPID=1 COMM=systemd CMD=/usr/lib/systemd/systemd --user 
PID=1 PPID=0 COMM=systemd CMD=/sbin/init splash 

---- árvore de pais para PID 26287 ----
PID=26287 PPID=26210 COMM=winedevice.exe CMD=C:\windows\system32\winedevice.exe                                                                                                                                                                                                                         
PID=26210 PPID=26148 COMM=pv-adverb CMD=/usr/lib/pressure-vessel/from-host/libexec/steam-runtime-tools-0/pv-adverb --prefix=/usr/lib/pressure-vessel/from-host --generate-locales --fd 11 --regenerate-ld.so-cache /var/pressure-vessel/ldso --add-ld.so-path /usr/lib/pressure-vessel/overrides/lib/x86_64-linux-gnu --add-ld.so-path /usr/lib/pressure-vessel/overrides/lib/i386-linux-gnu --set-ld-library-path /usr/lib/pressure-vessel/overrides/lib/x86_64-linux-gnu/aliases:/usr/lib/pressure-vessel/overrides/lib/i386-linux-gnu/aliases --overrides-path /usr/lib/pressure-vessel/overrides --assign-fd=1=3 --assign-fd=2=4 --ld-preload=/run/host/usr/lib/libgamemodeauto.so.0:abi=x86_64-linux-gnu --ld-preload=/run/host/usr/lib32/libgamemodeauto.so.0:abi=i386-linux-gnu --ld-preload=/home/mocha/.local/share/Steam/ubuntu12_32/gameoverlayrenderer.so --ld-preload=/home/mocha/.local/share/Steam/ubuntu12_64/gameoverlayrenderer.so --ld-preload=/run/host/usr/lib/mangohud/libMangoHud_shim.so:abi=x86_64-linux-gnu --ld-preload=/run/host/usr/lib32/mangohud/libMangoHud_shim.so:abi=i386-linux-gnu -- /home/mocha/.local/share/Steam/steamapps/common/Proton - Experimental/proton waitforexitandrun /home/mocha/.local/share/Steam/steamapps/common/Sniper Elite Resistance/launcher/SniperResistance.exe 
PID=26148 PPID=26138 COMM=srt-bwrap CMD=/home/mocha/.local/share/Steam/steamapps/common/SteamLinuxRuntime_4/pressure-vessel/libexec/steam-runtime-tools-0/srt-bwrap --args 26 /usr/lib/pressure-vessel/from-host/libexec/steam-runtime-tools-0/pv-adverb --prefix=/usr/lib/pressure-vessel/from-host --generate-locales --fd 11 --regenerate-ld.so-cache /var/pressure-vessel/ldso --add-ld.so-path /usr/lib/pressure-vessel/overrides/lib/x86_64-linux-gnu --add-ld.so-path /usr/lib/pressure-vessel/overrides/lib/i386-linux-gnu --set-ld-library-path /usr/lib/pressure-vessel/overrides/lib/x86_64-linux-gnu/aliases:/usr/lib/pressure-vessel/overrides/lib/i386-linux-gnu/aliases --overrides-path /usr/lib/pressure-vessel/overrides --assign-fd=1=3 --assign-fd=2=4 --ld-preload=/run/host/usr/lib/libgamemodeauto.so.0:abi=x86_64-linux-gnu --ld-preload=/run/host/usr/lib32/libgamemodeauto.so.0:abi=i386-linux-gnu --ld-preload=/home/mocha/.local/share/Steam/ubuntu12_32/gameoverlayrenderer.so --ld-preload=/home/mocha/.local/share/Steam/ubuntu12_64/gameoverlayrenderer.so --ld-preload=/run/host/usr/lib/mangohud/libMangoHud_shim.so:abi=x86_64-linux-gnu --ld-preload=/run/host/usr/lib32/mangohud/libMangoHud_shim.so:abi=i386-linux-gnu -- /home/mocha/.local/share/Steam/steamapps/common/Proton - Experimental/proton waitforexitandrun /home/mocha/.local/share/Steam/steamapps/common/Sniper Elite Resistance/launcher/SniperResistance.exe 
PID=26138 PPID=25474 COMM=reaper CMD=/home/mocha/.local/share/Steam/ubuntu12_32/reaper SteamLaunch AppId=2169200 -- /home/mocha/.local/share/Steam/steamapps/common/SteamLinuxRuntime_4/_v2-entry-point --verb=waitforexitandrun -- /home/mocha/.local/share/Steam/steamapps/common/Proton - Experimental/proton waitforexitandrun /home/mocha/.local/share/Steam/steamapps/common/Sniper Elite Resistance/launcher/SniperResistance.exe 
PID=25474 PPID=25357 COMM=steam CMD=/home/mocha/.local/share/Steam/ubuntu12_32/steam -srt-logger-opened 
PID=25357 PPID=842 COMM=bash CMD=bash /home/mocha/.local/share/Steam/steam.sh -srt-logger-opened 
PID=842 PPID=1 COMM=systemd CMD=/usr/lib/systemd/systemd --user 
PID=1 PPID=0 COMM=systemd CMD=/sbin/init splash 

---- árvore de pais para PID 26303 ----
PID=26303 PPID=26210 COMM=explorer.exe CMD=C:\windows\system32\explorer.exe /desktop                                                                                                                                                                                                                         
PID=26210 PPID=26148 COMM=pv-adverb CMD=/usr/lib/pressure-vessel/from-host/libexec/steam-runtime-tools-0/pv-adverb --prefix=/usr/lib/pressure-vessel/from-host --generate-locales --fd 11 --regenerate-ld.so-cache /var/pressure-vessel/ldso --add-ld.so-path /usr/lib/pressure-vessel/overrides/lib/x86_64-linux-gnu --add-ld.so-path /usr/lib/pressure-vessel/overrides/lib/i386-linux-gnu --set-ld-library-path /usr/lib/pressure-vessel/overrides/lib/x86_64-linux-gnu/aliases:/usr/lib/pressure-vessel/overrides/lib/i386-linux-gnu/aliases --overrides-path /usr/lib/pressure-vessel/overrides --assign-fd=1=3 --assign-fd=2=4 --ld-preload=/run/host/usr/lib/libgamemodeauto.so.0:abi=x86_64-linux-gnu --ld-preload=/run/host/usr/lib32/libgamemodeauto.so.0:abi=i386-linux-gnu --ld-preload=/home/mocha/.local/share/Steam/ubuntu12_32/gameoverlayrenderer.so --ld-preload=/home/mocha/.local/share/Steam/ubuntu12_64/gameoverlayrenderer.so --ld-preload=/run/host/usr/lib/mangohud/libMangoHud_shim.so:abi=x86_64-linux-gnu --ld-preload=/run/host/usr/lib32/mangohud/libMangoHud_shim.so:abi=i386-linux-gnu -- /home/mocha/.local/share/Steam/steamapps/common/Proton - Experimental/proton waitforexitandrun /home/mocha/.local/share/Steam/steamapps/common/Sniper Elite Resistance/launcher/SniperResistance.exe 
PID=26148 PPID=26138 COMM=srt-bwrap CMD=/home/mocha/.local/share/Steam/steamapps/common/SteamLinuxRuntime_4/pressure-vessel/libexec/steam-runtime-tools-0/srt-bwrap --args 26 /usr/lib/pressure-vessel/from-host/libexec/steam-runtime-tools-0/pv-adverb --prefix=/usr/lib/pressure-vessel/from-host --generate-locales --fd 11 --regenerate-ld.so-cache /var/pressure-vessel/ldso --add-ld.so-path /usr/lib/pressure-vessel/overrides/lib/x86_64-linux-gnu --add-ld.so-path /usr/lib/pressure-vessel/overrides/lib/i386-linux-gnu --set-ld-library-path /usr/lib/pressure-vessel/overrides/lib/x86_64-linux-gnu/aliases:/usr/lib/pressure-vessel/overrides/lib/i386-linux-gnu/aliases --overrides-path /usr/lib/pressure-vessel/overrides --assign-fd=1=3 --assign-fd=2=4 --ld-preload=/run/host/usr/lib/libgamemodeauto.so.0:abi=x86_64-linux-gnu --ld-preload=/run/host/usr/lib32/libgamemodeauto.so.0:abi=i386-linux-gnu --ld-preload=/home/mocha/.local/share/Steam/ubuntu12_32/gameoverlayrenderer.so --ld-preload=/home/mocha/.local/share/Steam/ubuntu12_64/gameoverlayrenderer.so --ld-preload=/run/host/usr/lib/mangohud/libMangoHud_shim.so:abi=x86_64-linux-gnu --ld-preload=/run/host/usr/lib32/mangohud/libMangoHud_shim.so:abi=i386-linux-gnu -- /home/mocha/.local/share/Steam/steamapps/common/Proton - Experimental/proton waitforexitandrun /home/mocha/.local/share/Steam/steamapps/common/Sniper Elite Resistance/launcher/SniperResistance.exe 
PID=26138 PPID=25474 COMM=reaper CMD=/home/mocha/.local/share/Steam/ubuntu12_32/reaper SteamLaunch AppId=2169200 -- /home/mocha/.local/share/Steam/steamapps/common/SteamLinuxRuntime_4/_v2-entry-point --verb=waitforexitandrun -- /home/mocha/.local/share/Steam/steamapps/common/Proton - Experimental/proton waitforexitandrun /home/mocha/.local/share/Steam/steamapps/common/Sniper Elite Resistance/launcher/SniperResistance.exe 
PID=25474 PPID=25357 COMM=steam CMD=/home/mocha/.local/share/Steam/ubuntu12_32/steam -srt-logger-opened 
PID=25357 PPID=842 COMM=bash CMD=bash /home/mocha/.local/share/Steam/steam.sh -srt-logger-opened 
PID=842 PPID=1 COMM=systemd CMD=/usr/lib/systemd/systemd --user 
PID=1 PPID=0 COMM=systemd CMD=/sbin/init splash 

---- árvore de pais para PID 26310 ----
PID=26310 PPID=26210 COMM=rpcss.exe CMD=C:\windows\system32\rpcss.exe                                                                                                                                                                                                                         
PID=26210 PPID=26148 COMM=pv-adverb CMD=/usr/lib/pressure-vessel/from-host/libexec/steam-runtime-tools-0/pv-adverb --prefix=/usr/lib/pressure-vessel/from-host --generate-locales --fd 11 --regenerate-ld.so-cache /var/pressure-vessel/ldso --add-ld.so-path /usr/lib/pressure-vessel/overrides/lib/x86_64-linux-gnu --add-ld.so-path /usr/lib/pressure-vessel/overrides/lib/i386-linux-gnu --set-ld-library-path /usr/lib/pressure-vessel/overrides/lib/x86_64-linux-gnu/aliases:/usr/lib/pressure-vessel/overrides/lib/i386-linux-gnu/aliases --overrides-path /usr/lib/pressure-vessel/overrides --assign-fd=1=3 --assign-fd=2=4 --ld-preload=/run/host/usr/lib/libgamemodeauto.so.0:abi=x86_64-linux-gnu --ld-preload=/run/host/usr/lib32/libgamemodeauto.so.0:abi=i386-linux-gnu --ld-preload=/home/mocha/.local/share/Steam/ubuntu12_32/gameoverlayrenderer.so --ld-preload=/home/mocha/.local/share/Steam/ubuntu12_64/gameoverlayrenderer.so --ld-preload=/run/host/usr/lib/mangohud/libMangoHud_shim.so:abi=x86_64-linux-gnu --ld-preload=/run/host/usr/lib32/mangohud/libMangoHud_shim.so:abi=i386-linux-gnu -- /home/mocha/.local/share/Steam/steamapps/common/Proton - Experimental/proton waitforexitandrun /home/mocha/.local/share/Steam/steamapps/common/Sniper Elite Resistance/launcher/SniperResistance.exe 
PID=26148 PPID=26138 COMM=srt-bwrap CMD=/home/mocha/.local/share/Steam/steamapps/common/SteamLinuxRuntime_4/pressure-vessel/libexec/steam-runtime-tools-0/srt-bwrap --args 26 /usr/lib/pressure-vessel/from-host/libexec/steam-runtime-tools-0/pv-adverb --prefix=/usr/lib/pressure-vessel/from-host --generate-locales --fd 11 --regenerate-ld.so-cache /var/pressure-vessel/ldso --add-ld.so-path /usr/lib/pressure-vessel/overrides/lib/x86_64-linux-gnu --add-ld.so-path /usr/lib/pressure-vessel/overrides/lib/i386-linux-gnu --set-ld-library-path /usr/lib/pressure-vessel/overrides/lib/x86_64-linux-gnu/aliases:/usr/lib/pressure-vessel/overrides/lib/i386-linux-gnu/aliases --overrides-path /usr/lib/pressure-vessel/overrides --assign-fd=1=3 --assign-fd=2=4 --ld-preload=/run/host/usr/lib/libgamemodeauto.so.0:abi=x86_64-linux-gnu --ld-preload=/run/host/usr/lib32/libgamemodeauto.so.0:abi=i386-linux-gnu --ld-preload=/home/mocha/.local/share/Steam/ubuntu12_32/gameoverlayrenderer.so --ld-preload=/home/mocha/.local/share/Steam/ubuntu12_64/gameoverlayrenderer.so --ld-preload=/run/host/usr/lib/mangohud/libMangoHud_shim.so:abi=x86_64-linux-gnu --ld-preload=/run/host/usr/lib32/mangohud/libMangoHud_shim.so:abi=i386-linux-gnu -- /home/mocha/.local/share/Steam/steamapps/common/Proton - Experimental/proton waitforexitandrun /home/mocha/.local/share/Steam/steamapps/common/Sniper Elite Resistance/launcher/SniperResistance.exe 
PID=26138 PPID=25474 COMM=reaper CMD=/home/mocha/.local/share/Steam/ubuntu12_32/reaper SteamLaunch AppId=2169200 -- /home/mocha/.local/share/Steam/steamapps/common/SteamLinuxRuntime_4/_v2-entry-point --verb=waitforexitandrun -- /home/mocha/.local/share/Steam/steamapps/common/Proton - Experimental/proton waitforexitandrun /home/mocha/.local/share/Steam/steamapps/common/Sniper Elite Resistance/launcher/SniperResistance.exe 
PID=25474 PPID=25357 COMM=steam CMD=/home/mocha/.local/share/Steam/ubuntu12_32/steam -srt-logger-opened 
PID=25357 PPID=842 COMM=bash CMD=bash /home/mocha/.local/share/Steam/steam.sh -srt-logger-opened 
PID=842 PPID=1 COMM=systemd CMD=/usr/lib/systemd/systemd --user 
PID=1 PPID=0 COMM=systemd CMD=/sbin/init splash 

---- árvore de pais para PID 26320 ----
PID=26320 PPID=26210 COMM=tabtip.exe CMD=C:\windows\system32\tabtip.exe                                                                                                                                                                                                                         
PID=26210 PPID=26148 COMM=pv-adverb CMD=/usr/lib/pressure-vessel/from-host/libexec/steam-runtime-tools-0/pv-adverb --prefix=/usr/lib/pressure-vessel/from-host --generate-locales --fd 11 --regenerate-ld.so-cache /var/pressure-vessel/ldso --add-ld.so-path /usr/lib/pressure-vessel/overrides/lib/x86_64-linux-gnu --add-ld.so-path /usr/lib/pressure-vessel/overrides/lib/i386-linux-gnu --set-ld-library-path /usr/lib/pressure-vessel/overrides/lib/x86_64-linux-gnu/aliases:/usr/lib/pressure-vessel/overrides/lib/i386-linux-gnu/aliases --overrides-path /usr/lib/pressure-vessel/overrides --assign-fd=1=3 --assign-fd=2=4 --ld-preload=/run/host/usr/lib/libgamemodeauto.so.0:abi=x86_64-linux-gnu --ld-preload=/run/host/usr/lib32/libgamemodeauto.so.0:abi=i386-linux-gnu --ld-preload=/home/mocha/.local/share/Steam/ubuntu12_32/gameoverlayrenderer.so --ld-preload=/home/mocha/.local/share/Steam/ubuntu12_64/gameoverlayrenderer.so --ld-preload=/run/host/usr/lib/mangohud/libMangoHud_shim.so:abi=x86_64-linux-gnu --ld-preload=/run/host/usr/lib32/mangohud/libMangoHud_shim.so:abi=i386-linux-gnu -- /home/mocha/.local/share/Steam/steamapps/common/Proton - Experimental/proton waitforexitandrun /home/mocha/.local/share/Steam/steamapps/common/Sniper Elite Resistance/launcher/SniperResistance.exe 
PID=26148 PPID=26138 COMM=srt-bwrap CMD=/home/mocha/.local/share/Steam/steamapps/common/SteamLinuxRuntime_4/pressure-vessel/libexec/steam-runtime-tools-0/srt-bwrap --args 26 /usr/lib/pressure-vessel/from-host/libexec/steam-runtime-tools-0/pv-adverb --prefix=/usr/lib/pressure-vessel/from-host --generate-locales --fd 11 --regenerate-ld.so-cache /var/pressure-vessel/ldso --add-ld.so-path /usr/lib/pressure-vessel/overrides/lib/x86_64-linux-gnu --add-ld.so-path /usr/lib/pressure-vessel/overrides/lib/i386-linux-gnu --set-ld-library-path /usr/lib/pressure-vessel/overrides/lib/x86_64-linux-gnu/aliases:/usr/lib/pressure-vessel/overrides/lib/i386-linux-gnu/aliases --overrides-path /usr/lib/pressure-vessel/overrides --assign-fd=1=3 --assign-fd=2=4 --ld-preload=/run/host/usr/lib/libgamemodeauto.so.0:abi=x86_64-linux-gnu --ld-preload=/run/host/usr/lib32/libgamemodeauto.so.0:abi=i386-linux-gnu --ld-preload=/home/mocha/.local/share/Steam/ubuntu12_32/gameoverlayrenderer.so --ld-preload=/home/mocha/.local/share/Steam/ubuntu12_64/gameoverlayrenderer.so --ld-preload=/run/host/usr/lib/mangohud/libMangoHud_shim.so:abi=x86_64-linux-gnu --ld-preload=/run/host/usr/lib32/mangohud/libMangoHud_shim.so:abi=i386-linux-gnu -- /home/mocha/.local/share/Steam/steamapps/common/Proton - Experimental/proton waitforexitandrun /home/mocha/.local/share/Steam/steamapps/common/Sniper Elite Resistance/launcher/SniperResistance.exe 
PID=26138 PPID=25474 COMM=reaper CMD=/home/mocha/.local/share/Steam/ubuntu12_32/reaper SteamLaunch AppId=2169200 -- /home/mocha/.local/share/Steam/steamapps/common/SteamLinuxRuntime_4/_v2-entry-point --verb=waitforexitandrun -- /home/mocha/.local/share/Steam/steamapps/common/Proton - Experimental/proton waitforexitandrun /home/mocha/.local/share/Steam/steamapps/common/Sniper Elite Resistance/launcher/SniperResistance.exe 
PID=25474 PPID=25357 COMM=steam CMD=/home/mocha/.local/share/Steam/ubuntu12_32/steam -srt-logger-opened 
PID=25357 PPID=842 COMM=bash CMD=bash /home/mocha/.local/share/Steam/steam.sh -srt-logger-opened 
PID=842 PPID=1 COMM=systemd CMD=/usr/lib/systemd/systemd --user 
PID=1 PPID=0 COMM=systemd CMD=/sbin/init splash 

---- árvore de pais para PID 26322 ----
PID=26322 PPID=26210 COMM=xalia.exe CMD=\\?\S:\common\Proton - Experimental\files\share\wine/../xalia/xalia.exe                                                                                                                                                                                                                         
PID=26210 PPID=26148 COMM=pv-adverb CMD=/usr/lib/pressure-vessel/from-host/libexec/steam-runtime-tools-0/pv-adverb --prefix=/usr/lib/pressure-vessel/from-host --generate-locales --fd 11 --regenerate-ld.so-cache /var/pressure-vessel/ldso --add-ld.so-path /usr/lib/pressure-vessel/overrides/lib/x86_64-linux-gnu --add-ld.so-path /usr/lib/pressure-vessel/overrides/lib/i386-linux-gnu --set-ld-library-path /usr/lib/pressure-vessel/overrides/lib/x86_64-linux-gnu/aliases:/usr/lib/pressure-vessel/overrides/lib/i386-linux-gnu/aliases --overrides-path /usr/lib/pressure-vessel/overrides --assign-fd=1=3 --assign-fd=2=4 --ld-preload=/run/host/usr/lib/libgamemodeauto.so.0:abi=x86_64-linux-gnu --ld-preload=/run/host/usr/lib32/libgamemodeauto.so.0:abi=i386-linux-gnu --ld-preload=/home/mocha/.local/share/Steam/ubuntu12_32/gameoverlayrenderer.so --ld-preload=/home/mocha/.local/share/Steam/ubuntu12_64/gameoverlayrenderer.so --ld-preload=/run/host/usr/lib/mangohud/libMangoHud_shim.so:abi=x86_64-linux-gnu --ld-preload=/run/host/usr/lib32/mangohud/libMangoHud_shim.so:abi=i386-linux-gnu -- /home/mocha/.local/share/Steam/steamapps/common/Proton - Experimental/proton waitforexitandrun /home/mocha/.local/share/Steam/steamapps/common/Sniper Elite Resistance/launcher/SniperResistance.exe 
PID=26148 PPID=26138 COMM=srt-bwrap CMD=/home/mocha/.local/share/Steam/steamapps/common/SteamLinuxRuntime_4/pressure-vessel/libexec/steam-runtime-tools-0/srt-bwrap --args 26 /usr/lib/pressure-vessel/from-host/libexec/steam-runtime-tools-0/pv-adverb --prefix=/usr/lib/pressure-vessel/from-host --generate-locales --fd 11 --regenerate-ld.so-cache /var/pressure-vessel/ldso --add-ld.so-path /usr/lib/pressure-vessel/overrides/lib/x86_64-linux-gnu --add-ld.so-path /usr/lib/pressure-vessel/overrides/lib/i386-linux-gnu --set-ld-library-path /usr/lib/pressure-vessel/overrides/lib/x86_64-linux-gnu/aliases:/usr/lib/pressure-vessel/overrides/lib/i386-linux-gnu/aliases --overrides-path /usr/lib/pressure-vessel/overrides --assign-fd=1=3 --assign-fd=2=4 --ld-preload=/run/host/usr/lib/libgamemodeauto.so.0:abi=x86_64-linux-gnu --ld-preload=/run/host/usr/lib32/libgamemodeauto.so.0:abi=i386-linux-gnu --ld-preload=/home/mocha/.local/share/Steam/ubuntu12_32/gameoverlayrenderer.so --ld-preload=/home/mocha/.local/share/Steam/ubuntu12_64/gameoverlayrenderer.so --ld-preload=/run/host/usr/lib/mangohud/libMangoHud_shim.so:abi=x86_64-linux-gnu --ld-preload=/run/host/usr/lib32/mangohud/libMangoHud_shim.so:abi=i386-linux-gnu -- /home/mocha/.local/share/Steam/steamapps/common/Proton - Experimental/proton waitforexitandrun /home/mocha/.local/share/Steam/steamapps/common/Sniper Elite Resistance/launcher/SniperResistance.exe 
PID=26138 PPID=25474 COMM=reaper CMD=/home/mocha/.local/share/Steam/ubuntu12_32/reaper SteamLaunch AppId=2169200 -- /home/mocha/.local/share/Steam/steamapps/common/SteamLinuxRuntime_4/_v2-entry-point --verb=waitforexitandrun -- /home/mocha/.local/share/Steam/steamapps/common/Proton - Experimental/proton waitforexitandrun /home/mocha/.local/share/Steam/steamapps/common/Sniper Elite Resistance/launcher/SniperResistance.exe 
PID=25474 PPID=25357 COMM=steam CMD=/home/mocha/.local/share/Steam/ubuntu12_32/steam -srt-logger-opened 
PID=25357 PPID=842 COMM=bash CMD=bash /home/mocha/.local/share/Steam/steam.sh -srt-logger-opened 
PID=842 PPID=1 COMM=systemd CMD=/usr/lib/systemd/systemd --user 
PID=1 PPID=0 COMM=systemd CMD=/sbin/init splash 

---- árvore de pais para PID 26328 ----
PID=26328 PPID=26210 COMM=SniperResistanc CMD=S:\common\Sniper Elite Resistance\launcher\SniperResistance.exe                                                                                                                                                                                                                         
PID=26210 PPID=26148 COMM=pv-adverb CMD=/usr/lib/pressure-vessel/from-host/libexec/steam-runtime-tools-0/pv-adverb --prefix=/usr/lib/pressure-vessel/from-host --generate-locales --fd 11 --regenerate-ld.so-cache /var/pressure-vessel/ldso --add-ld.so-path /usr/lib/pressure-vessel/overrides/lib/x86_64-linux-gnu --add-ld.so-path /usr/lib/pressure-vessel/overrides/lib/i386-linux-gnu --set-ld-library-path /usr/lib/pressure-vessel/overrides/lib/x86_64-linux-gnu/aliases:/usr/lib/pressure-vessel/overrides/lib/i386-linux-gnu/aliases --overrides-path /usr/lib/pressure-vessel/overrides --assign-fd=1=3 --assign-fd=2=4 --ld-preload=/run/host/usr/lib/libgamemodeauto.so.0:abi=x86_64-linux-gnu --ld-preload=/run/host/usr/lib32/libgamemodeauto.so.0:abi=i386-linux-gnu --ld-preload=/home/mocha/.local/share/Steam/ubuntu12_32/gameoverlayrenderer.so --ld-preload=/home/mocha/.local/share/Steam/ubuntu12_64/gameoverlayrenderer.so --ld-preload=/run/host/usr/lib/mangohud/libMangoHud_shim.so:abi=x86_64-linux-gnu --ld-preload=/run/host/usr/lib32/mangohud/libMangoHud_shim.so:abi=i386-linux-gnu -- /home/mocha/.local/share/Steam/steamapps/common/Proton - Experimental/proton waitforexitandrun /home/mocha/.local/share/Steam/steamapps/common/Sniper Elite Resistance/launcher/SniperResistance.exe 
PID=26148 PPID=26138 COMM=srt-bwrap CMD=/home/mocha/.local/share/Steam/steamapps/common/SteamLinuxRuntime_4/pressure-vessel/libexec/steam-runtime-tools-0/srt-bwrap --args 26 /usr/lib/pressure-vessel/from-host/libexec/steam-runtime-tools-0/pv-adverb --prefix=/usr/lib/pressure-vessel/from-host --generate-locales --fd 11 --regenerate-ld.so-cache /var/pressure-vessel/ldso --add-ld.so-path /usr/lib/pressure-vessel/overrides/lib/x86_64-linux-gnu --add-ld.so-path /usr/lib/pressure-vessel/overrides/lib/i386-linux-gnu --set-ld-library-path /usr/lib/pressure-vessel/overrides/lib/x86_64-linux-gnu/aliases:/usr/lib/pressure-vessel/overrides/lib/i386-linux-gnu/aliases --overrides-path /usr/lib/pressure-vessel/overrides --assign-fd=1=3 --assign-fd=2=4 --ld-preload=/run/host/usr/lib/libgamemodeauto.so.0:abi=x86_64-linux-gnu --ld-preload=/run/host/usr/lib32/libgamemodeauto.so.0:abi=i386-linux-gnu --ld-preload=/home/mocha/.local/share/Steam/ubuntu12_32/gameoverlayrenderer.so --ld-preload=/home/mocha/.local/share/Steam/ubuntu12_64/gameoverlayrenderer.so --ld-preload=/run/host/usr/lib/mangohud/libMangoHud_shim.so:abi=x86_64-linux-gnu --ld-preload=/run/host/usr/lib32/mangohud/libMangoHud_shim.so:abi=i386-linux-gnu -- /home/mocha/.local/share/Steam/steamapps/common/Proton - Experimental/proton waitforexitandrun /home/mocha/.local/share/Steam/steamapps/common/Sniper Elite Resistance/launcher/SniperResistance.exe 
PID=26138 PPID=25474 COMM=reaper CMD=/home/mocha/.local/share/Steam/ubuntu12_32/reaper SteamLaunch AppId=2169200 -- /home/mocha/.local/share/Steam/steamapps/common/SteamLinuxRuntime_4/_v2-entry-point --verb=waitforexitandrun -- /home/mocha/.local/share/Steam/steamapps/common/Proton - Experimental/proton waitforexitandrun /home/mocha/.local/share/Steam/steamapps/common/Sniper Elite Resistance/launcher/SniperResistance.exe 
PID=25474 PPID=25357 COMM=steam CMD=/home/mocha/.local/share/Steam/ubuntu12_32/steam -srt-logger-opened 
PID=25357 PPID=842 COMM=bash CMD=bash /home/mocha/.local/share/Steam/steam.sh -srt-logger-opened 
PID=842 PPID=1 COMM=systemd CMD=/usr/lib/systemd/systemd --user 
PID=1 PPID=0 COMM=systemd CMD=/sbin/init splash 

---- árvore de pais para PID 26516 ----
PID=26516 PPID=26210 COMM=MainThread CMD=S:\common\Sniper Elite Resistance\bin\sniperresistance_dx12.exe -SelectDeviceLUID=f2030000-00000000 -skipdrivercheck                                                                                                                                                                                                                         
PID=26210 PPID=26148 COMM=pv-adverb CMD=/usr/lib/pressure-vessel/from-host/libexec/steam-runtime-tools-0/pv-adverb --prefix=/usr/lib/pressure-vessel/from-host --generate-locales --fd 11 --regenerate-ld.so-cache /var/pressure-vessel/ldso --add-ld.so-path /usr/lib/pressure-vessel/overrides/lib/x86_64-linux-gnu --add-ld.so-path /usr/lib/pressure-vessel/overrides/lib/i386-linux-gnu --set-ld-library-path /usr/lib/pressure-vessel/overrides/lib/x86_64-linux-gnu/aliases:/usr/lib/pressure-vessel/overrides/lib/i386-linux-gnu/aliases --overrides-path /usr/lib/pressure-vessel/overrides --assign-fd=1=3 --assign-fd=2=4 --ld-preload=/run/host/usr/lib/libgamemodeauto.so.0:abi=x86_64-linux-gnu --ld-preload=/run/host/usr/lib32/libgamemodeauto.so.0:abi=i386-linux-gnu --ld-preload=/home/mocha/.local/share/Steam/ubuntu12_32/gameoverlayrenderer.so --ld-preload=/home/mocha/.local/share/Steam/ubuntu12_64/gameoverlayrenderer.so --ld-preload=/run/host/usr/lib/mangohud/libMangoHud_shim.so:abi=x86_64-linux-gnu --ld-preload=/run/host/usr/lib32/mangohud/libMangoHud_shim.so:abi=i386-linux-gnu -- /home/mocha/.local/share/Steam/steamapps/common/Proton - Experimental/proton waitforexitandrun /home/mocha/.local/share/Steam/steamapps/common/Sniper Elite Resistance/launcher/SniperResistance.exe 
PID=26148 PPID=26138 COMM=srt-bwrap CMD=/home/mocha/.local/share/Steam/steamapps/common/SteamLinuxRuntime_4/pressure-vessel/libexec/steam-runtime-tools-0/srt-bwrap --args 26 /usr/lib/pressure-vessel/from-host/libexec/steam-runtime-tools-0/pv-adverb --prefix=/usr/lib/pressure-vessel/from-host --generate-locales --fd 11 --regenerate-ld.so-cache /var/pressure-vessel/ldso --add-ld.so-path /usr/lib/pressure-vessel/overrides/lib/x86_64-linux-gnu --add-ld.so-path /usr/lib/pressure-vessel/overrides/lib/i386-linux-gnu --set-ld-library-path /usr/lib/pressure-vessel/overrides/lib/x86_64-linux-gnu/aliases:/usr/lib/pressure-vessel/overrides/lib/i386-linux-gnu/aliases --overrides-path /usr/lib/pressure-vessel/overrides --assign-fd=1=3 --assign-fd=2=4 --ld-preload=/run/host/usr/lib/libgamemodeauto.so.0:abi=x86_64-linux-gnu --ld-preload=/run/host/usr/lib32/libgamemodeauto.so.0:abi=i386-linux-gnu --ld-preload=/home/mocha/.local/share/Steam/ubuntu12_32/gameoverlayrenderer.so --ld-preload=/home/mocha/.local/share/Steam/ubuntu12_64/gameoverlayrenderer.so --ld-preload=/run/host/usr/lib/mangohud/libMangoHud_shim.so:abi=x86_64-linux-gnu --ld-preload=/run/host/usr/lib32/mangohud/libMangoHud_shim.so:abi=i386-linux-gnu -- /home/mocha/.local/share/Steam/steamapps/common/Proton - Experimental/proton waitforexitandrun /home/mocha/.local/share/Steam/steamapps/common/Sniper Elite Resistance/launcher/SniperResistance.exe 
PID=26138 PPID=25474 COMM=reaper CMD=/home/mocha/.local/share/Steam/ubuntu12_32/reaper SteamLaunch AppId=2169200 -- /home/mocha/.local/share/Steam/steamapps/common/SteamLinuxRuntime_4/_v2-entry-point --verb=waitforexitandrun -- /home/mocha/.local/share/Steam/steamapps/common/Proton - Experimental/proton waitforexitandrun /home/mocha/.local/share/Steam/steamapps/common/Sniper Elite Resistance/launcher/SniperResistance.exe 
PID=25474 PPID=25357 COMM=steam CMD=/home/mocha/.local/share/Steam/ubuntu12_32/steam -srt-logger-opened 
PID=25357 PPID=842 COMM=bash CMD=bash /home/mocha/.local/share/Steam/steam.sh -srt-logger-opened 
PID=842 PPID=1 COMM=systemd CMD=/usr/lib/systemd/systemd --user 
PID=1 PPID=0 COMM=systemd CMD=/sbin/init splash 

---- árvore de pais para PID 26654 ----
PID=26654 PPID=25474 COMM=gameoverlayui CMD=/home/mocha/.local/share/Steam/ubuntu12_32/gameoverlayui -pid 26516 -steampid 25474 -manuallyclearframes 0 -gameid 2169200 
PID=25474 PPID=25357 COMM=steam CMD=/home/mocha/.local/share/Steam/ubuntu12_32/steam -srt-logger-opened 
PID=25357 PPID=842 COMM=bash CMD=bash /home/mocha/.local/share/Steam/steam.sh -srt-logger-opened 
PID=842 PPID=1 COMM=systemd CMD=/usr/lib/systemd/systemd --user 
PID=1 PPID=0 COMM=systemd CMD=/sbin/init splash 

---- árvore de pais para PID 26935 ----
PID=26935 PPID=26923 COMM=tee CMD=tee -a /media/mochafast/MochaArch/ativo/logs/20260627-232843-diagnostico-origem-mangohud.log 
PID=26923 PPID=26919 COMM=bash CMD=bash 
PID=26919 PPID=23430 COMM=bash CMD=/bin/bash 
PID=23430 PPID=842 COMM=konsole CMD=/usr/bin/konsole 
PID=842 PPID=1 COMM=systemd CMD=/usr/lib/systemd/systemd --user 
PID=1 PPID=0 COMM=systemd CMD=/sbin/init splash 

---- árvore de pais para PID 28321 ----
PID=28321 PPID=25360 COMM=sleep CMD=sleep 30 
PID=25360 PPID=25357 COMM=bash CMD=bash /usr/local/bin/mocha-steam-launchopts-watch 
PID=25357 PPID=842 COMM=bash CMD=bash /home/mocha/.local/share/Steam/steam.sh -srt-logger-opened 
PID=842 PPID=1 COMM=systemd CMD=/usr/lib/systemd/systemd --user 
PID=1 PPID=0 COMM=systemd CMD=/sbin/init splash 

============================================================
[7] Procurando LaunchOptions Steam com MangoHud/Mocha
============================================================

============================================================
[8] Diagnóstico automático
============================================================
[OK] Arquivo canônico existe.
[OK] Wrapper oficial existe e é executável.
[OK] Wrapper aponta para o canônico absoluto.
[OK] Wrapper não contém MANGOHUD_CONFIG inline.

Interpretação:
  - Se algum processo do jogo tiver MANGOHUD_CONFIG=..., essa é a origem provável da configuração errada.
  - Se algum processo tiver MANGOHUD_CONFIGFILE apontando para outro arquivo, esse arquivo é a origem provável.
  - Se nenhum processo do jogo tiver MANGOHUD_CONFIGFILE=/usr/local/share/mocha/mangohud/MangoHud.conf,
    o jogo não está entrando pelo wrapper oficial.
  - Se a Steam mostrar LaunchOptions sem /usr/local/bin/mocha-steam-game-run %command%,
    a opção de inicialização do jogo está errada.

============================================================
 Concluído
============================================================
Envie o log abaixo se quiser que eu diga exatamente de onde veio:
  /media/mochafast/MochaArch/ativo/logs/20260627-232843-diagnostico-origem-mangohud.log
