iso_time	gamemode_state	gamemode_raw	gpu_pstate	gpu_util_pct	gpu_mem_util_pct	gpu_temp_c	gpu_power_w	gpu_power_limit_w	gpu_clock_mhz	gpu_mem_clock_mhz	cpu_min_mhz	cpu_avg_mhz	cpu_max_mhz	cpu_governors	load1	mem_used_mb	mem_avail_mb	psi_cpu_some10	psi_mem_some10	psi_io_some10	proc_count	proc_pids
2026-05-29T17:33:25-03:00	OFF	gamemode is inactive 	P8	3	3	37	11.92	180.00	435	405	3568	4042	4482	performancex16	2.34	4010	11768	0.00	0.00	0.00
2	1080170,1081390							
2026-05-29T17:33:30-03:00	OFF	gamemode is inactive 	P8	3	3	37	11.85	180.00	427	405	3590	4146	4501	performancex16	2.31	4058	11720	0.00	0.00	0.00
2	1080170,1081390							
2026-05-29T17:33:35-03:00	OFF	gamemode is inactive 	P8	3	3	37	11.80	180.00	420	405	3597	4099	4500	performancex16	2.28	4033	11744	0.00	0.00	0.00
2	1080170,1081390							
2026-05-29T17:33:40-03:00	OFF	gamemode is inactive 	P8	1	0	37	12.05	180.00	472	405	2393	3977	4525	performancex16	2.18	4006	11771	0.00	0.00	0.00
2	1080170,1081390							
2026-05-29T17:33:45-03:00	OFF	gamemode is inactive 	P8	1	1	37	11.88	180.00	450	405	3591	4149	4500	performancex16	2.25	4045	11732	0.00	0.00	0.00
2	1080170,1081390							
2026-05-29T17:33:50-03:00	OFF	gamemode is inactive 	P8	1	1	37	11.40	180.00	420	405	3603	4119	4501	performancex16	2.31	3967	11811	0.00	0.00	0.00
2	1080170,1081390							
2026-05-29T17:33:55-03:00	OFF	gamemode is inactive 	P0	1	0	38	24.68	180.00	2625	14001	3596	4238	4500	performancex16	2.28	3915	11862	0.00	0.00	0.00
2	1080170,1081390							
2026-05-29T17:34:01-03:00	OFF	gamemode is inactive 	P8	2	2	37	12.93	180.00	555	405	3615	4198	4504	performancex16	2.26	3929	11849	0.00	0.00	0.00
2	1080170,1081390							
2026-05-29T17:34:06-03:00	OFF	gamemode is inactive 	P8	14	13	37	13.78	180.00	592	405	4071	4376	4475	performancex16	2.24	4001	11777	0.00	0.00	0.00
2	1080170,1081390							
2026-05-29T17:34:11-03:00	OFF	gamemode is inactive 	P0	2	0	38	18.52	180.00	2632	14001	3510	3943	4414	performancex16	2.46	4127	11650	0.00	0.00	0.32
7	1080170,1081390,1868843,1868850,1870006,1870476,1872835							
2026-05-29T17:34:16-03:00	ON	gamemode is active 	P0	0	0	39	25.97	180.00	2617	14001	3579	4167	4496	performancex16	2.42	4377	11401	0.00	0.00	0.30
11	1080170,1081390,1875004,1875084,1875950,1876043,1876167,1876194,1876310,1877196,1878002							
2026-05-29T17:34:21-03:00	ON	gamemode is active 	P0	0	0	39	24.25	180.00	2617	14001	2393	3966	4502	performancex16	2.39	4835	10943	0.00	0.00	0.20
11	1080170,1081390,1875004,1875084,1875950,1876043,1876167,1876194,1876310,1877196,1878002							
2026-05-29T17:34:26-03:00	ON	gamemode is active 	P0	2	1	39	27.00	180.00	2625	14001	4390	4398	4400	performancex16	2.36	5632	10145	0.00	0.00	0.11
11	1080170,1081390,1875004,1875084,1875950,1876043,1876167,1876194,1876310,1877196,1878002							
2026-05-29T17:34:31-03:00	ON	gamemode is active 	P5	2	3	38	14.06	180.00	600	810	4015	4339	4394	performancex16	3.05	7045	8732	0.12	1.20	0.06
11	1080170,1081390,1875004,1875084,1875950,1876043,1876167,1876194,1876310,1877196,1878002							
2026-05-29T17:34:36-03:00	ON	gamemode is active 	P0	77	19	49	102.93	180.00	2782	14001	4364	4373	4375	performancex16	2.96	7284	8493	0.26	0.80	0.03
11	1080170,1081390,1875004,1875084,1875950,1876043,1876167,1876194,1876310,1877196,1878002							
2026-05-29T17:34:42-03:00	ON	gamemode is active 	P0	78	19	51	113.39	180.00	2767	14001	3644	4331	4400	performancex16	4.81	7311	8466	3.21	0.77	0.47
11	1080170,1081390,1875004,1875084,1875950,1876043,1876167,1876194,1876310,1877196,1878002							
2026-05-29T17:34:47-03:00	ON	gamemode is active 	P0	76	19	53	112.89	180.00	2775	14001	3640	4284	4375	performancex16	5.31	7348	8430	4.46	1.02	0.64
11	1080170,1081390,1875004,1875084,1875950,1876043,1876167,1876194,1876310,1877196,1878002							
2026-05-29T17:34:52-03:00	ON	gamemode is active 	P0	78	19	55	115.50	180.00	2767	14001	4132	4340	4400	performancex16	6.24	7504	8273	5.27	1.04	0.47
11	1080170,1081390,1875004,1875084,1875950,1876043,1876167,1876194,1876310,1877196,1878002							
2026-05-29T17:34:57-03:00	ON	gamemode is active 	P0	78	19	57	116.30	180.00	2767	14001	4399	4400	4400	performancex16	5.90	7558	8220	5.51	0.70	0.31
11	1080170,1081390,1875004,1875084,1875950,1876043,1876167,1876194,1876310,1877196,1878002							
2026-05-29T17:35:02-03:00	ON	gamemode is active 	P0	78	19	58	120.42	180.00	2767	14001	4374	4374	4375	performancex16	6.23	7553	8224	5.88	0.38	0.17
11	1080170,1081390,1875004,1875084,1875950,1876043,1876167,1876194,1876310,1877196,1878002							
2026-05-29T17:35:07-03:00	ON	gamemode is active 	P3	3	1	47	16.33	180.00	735	7001	4101	4355	4398	performancex16	6.21	7745	8033	3.83	0.21	0.09
11	1080170,1081390,1875004,1875084,1875950,1876043,1876167,1876194,1876310,1877196,1878002							
2026-05-29T17:35:12-03:00	ON	gamemode is active 	P5	9	9	44	12.97	180.00	337	810	4208	4446	4475	performancex16	6.04	7246	8532	2.72	4.48	0.06
11	1080170,1081390,1875004,1875084,1875950,1876043,1876167,1876194,1876310,1877196,1878002							
2026-05-29T17:35:18-03:00	ON	gamemode is active 	P0	57	18	52	95.63	180.00	2775	14001	4349	4349	4350	performancex16	6.59	7307	8471	4.64	3.98	0.60
11	1080170,1081390,1875004,1875084,1875950,1876043,1876167,1876194,1876310,1877196,1878002							
2026-05-29T17:35:23-03:00	ON	gamemode is active 	P0	72	22	54	115.46	180.00	2775	14001	4349	4350	4350	performancex16	6.39	7325	8452	6.58	2.66	0.40
11	1080170,1081390,1875004,1875084,1875950,1876043,1876167,1876194,1876310,1877196,1878002							
2026-05-29T17:35:28-03:00	ON	gamemode is active 	P0	55	19	52	96.22	180.00	2775	14001	4347	4349	4350	performancex16	7.32	7425	8353	8.43	1.46	0.22
11	1080170,1081390,1875004,1875084,1875950,1876043,1876167,1876194,1876310,1877196,1878002							
2026-05-29T17:35:33-03:00	ON	gamemode is active 	P0	51	14	52	94.22	180.00	2775	14001	4349	4350	4350	performancex16	7.45	7493	8285	8.94	0.98	0.14
11	1080170,1081390,1875004,1875084,1875950,1876043,1876167,1876194,1876310,1877196,1878002							
2026-05-29T17:35:38-03:00	ON	gamemode is active 	P0	58	15	52	99.80	180.00	2775	14001	4275	4275	4275	performancex16	7.17	7302	8475	9.27	0.53	0.08
11	1080170,1081390,1875004,1875084,1875950,1876043,1876167,1876194,1876310,1877196,1878002							
2026-05-29T17:35:43-03:00	ON	gamemode is active 	P0	60	15	51	95.46	180.00	2775	14001	4324	4327	4346	performancex16	7.72	6917	8861	10.47	3.95	0.04
11	1080170,1081390,1875004,1875084,1875950,1876043,1876167,1876194,1876310,1877196,1878002							
2026-05-29T17:35:48-03:00	ON	gamemode is active 	P0	59	13	50	90.21	180.00	2790	14001	4299	4300	4300	performancex16	8.38	6580	9198	10.49	4.18	0.02
11	1080170,1081390,1875004,1875084,1875950,1876043,1876167,1876194,1876310,1877196,1878002							
2026-05-29T17:35:54-03:00	ON	gamemode is active 	P0	63	15	51	104.12	180.00	2775	14001	4324	4325	4332	performancex16	9.39	6610	9167	10.51	3.26	0.01
11	1080170,1081390,1875004,1875084,1875950,1876043,1876167,1876194,1876310,1877196,1878002							
2026-05-29T17:35:59-03:00	ON	gamemode is active 	P0	64	16	51	100.21	180.00	2775	14001	4324	4325	4325	performancex16	9.52	6536	9242	10.34	2.52	0.00
11	1080170,1081390,1875004,1875084,1875950,1876043,1876167,1876194,1876310,1877196,1878002							
2026-05-29T17:36:04-03:00	ON	gamemode is active 	P0	79	19	53	116.12	180.00	2767	14001	4324	4324	4325	performancex16	10.28	6592	9185	10.04	1.38	0.00
11	1080170,1081390,1875004,1875084,1875950,1876043,1876167,1876194,1876310,1877196,1878002							
2026-05-29T17:36:09-03:00	ON	gamemode is active 	P0	78	23	54	121.00	180.00	2767	14001	4324	4326	4327	performancex16	9.94	6592	9186	10.02	0.92	0.00
11	1080170,1081390,1875004,1875084,1875950,1876043,1876167,1876194,1876310,1877196,1878002							
2026-05-29T17:36:14-03:00	ON	gamemode is active 	P0	78	21	55	116.93	180.00	2767	14001	3483	4244	4350	performancex16	10.26	6532	9246	9.74	0.50	0.00
11	1080170,1081390,1875004,1875084,1875950,1876043,1876167,1876194,1876310,1877196,1878002							
2026-05-29T17:36:19-03:00	ON	gamemode is active 	P0	74	21	55	116.96	180.00	2767	14001	4324	4336	4350	performancex16	11.04	6502	9276	9.86	0.27	0.00
11	1080170,1081390,1875004,1875084,1875950,1876043,1876167,1876194,1876310,1877196,1878002							
2026-05-29T17:36:24-03:00	ON	gamemode is active 	P0	56	16	52	99.61	180.00	2775	14001	4280	4282	4283	performancex16	10.56	6332	9446	10.59	1.93	0.00
11	1080170,1081390,1875004,1875084,1875950,1876043,1876167,1876194,1876310,1877196,1878002							
2026-05-29T17:36:30-03:00	ON	gamemode is active 	P0	81	24	54	114.97	180.00	2767	14001	4299	4300	4300	performancex16	10.11	6042	9736	10.72	2.87	0.00
11	1080170,1081390,1875004,1875084,1875950,1876043,1876167,1876194,1876310,1877196,1878002							
2026-05-29T17:36:35-03:00	ON	gamemode is active 	P0	61	18	54	107.40	180.00	2775	14001	4312	4315	4318	performancex16	10.57	5872	9906	10.63	2.22	0.00
11	1080170,1081390,1875004,1875084,1875950,1876043,1876167,1876194,1876310,1877196,1878002							
2026-05-29T17:36:40-03:00	ON	gamemode is active 	P0	76	23	55	118.83	180.00	2767	14001	4323	4324	4325	performancex16	10.93	5894	9884	10.74	2.00	0.00
11	1080170,1081390,1875004,1875084,1875950,1876043,1876167,1876194,1876310,1877196,1878002							
2026-05-29T17:36:45-03:00	ON	gamemode is active 	P0	69	17	54	107.67	180.00	2775	14001	4307	4319	4321	performancex16	11.17	5724	10053	10.67	1.52	0.00
11	1080170,1081390,1875004,1875084,1875950,1876043,1876167,1876194,1876310,1877196,1878002							
2026-05-29T17:36:50-03:00	ON	gamemode is active 	P0	78	19	56	118.96	180.00	2767	14001	4324	4325	4325	performancex16	11.16	5776	10001	10.94	1.20	0.00
11	1080170,1081390,1875004,1875084,1875950,1876043,1876167,1876194,1876310,1877196,1878002							
2026-05-29T17:36:55-03:00	ON	gamemode is active 	P0	80	22	56	123.85	180.00	2760	14001	4298	4299	4300	performancex16	11.15	5813	9965	10.78	0.65	0.00
11	1080170,1081390,1875004,1875084,1875950,1876043,1876167,1876194,1876310,1877196,1878002							
2026-05-29T17:37:00-03:00	ON	gamemode is active 	P0	76	20	56	122.63	180.00	2775	14001	4323	4324	4325	performancex16	10.41	5743	10034	10.34	0.44	0.00
11	1080170,1081390,1875004,1875084,1875950,1876043,1876167,1876194,1876310,1877196,1878002							
2026-05-29T17:37:06-03:00	ON	gamemode is active 	P0	76	21	55	119.78	180.00	2767	14001	4299	4302	4307	performancex16	11.26	5761	10017	10.18	0.24	0.00
11	1080170,1081390,1875004,1875084,1875950,1876043,1876167,1876194,1876310,1877196,1878002							
2026-05-29T17:37:11-03:00	ON	gamemode is active 	P0	81	22	56	122.15	180.00	2767	14001	4324	4325	4325	performancex16	10.52	5765	10013	9.94	0.16	0.00
11	1080170,1081390,1875004,1875084,1875950,1876043,1876167,1876194,1876310,1877196,1878002							
2026-05-29T17:37:16-03:00	ON	gamemode is active 	P0	81	21	57	121.68	180.00	2767	14001	4298	4299	4300	performancex16	11.20	5797	9981	9.51	0.08	0.00
11	1080170,1081390,1875004,1875084,1875950,1876043,1876167,1876194,1876310,1877196,1878002							
2026-05-29T17:37:21-03:00	ON	gamemode is active 	P0	81	21	56	121.09	180.00	2767	14001	3948	4284	4325	performancex16	10.54	5779	9999	9.67	0.05	0.00
11	1080170,1081390,1875004,1875084,1875950,1876043,1876167,1876194,1876310,1877196,1878002							
2026-05-29T17:37:26-03:00	ON	gamemode is active 	P0	81	21	56	120.36	180.00	2767	14001	4314	4324	4325	performancex16	11.22	5802	9976	9.49	0.03	0.00
11	1080170,1081390,1875004,1875084,1875950,1876043,1876167,1876194,1876310,1877196,1878002							
2026-05-29T17:37:31-03:00	ON	gamemode is active 	P0	81	21	56	120.32	180.00	2767	14001	4319	4321	4323	performancex16	11.76	5808	9969	9.27	0.01	0.00
11	1080170,1081390,1875004,1875084,1875950,1876043,1876167,1876194,1876310,1877196,1878002							
2026-05-29T17:37:37-03:00	ON	gamemode is active 	P0	81	22	57	115.61	180.00	2767	14001	4325	4325	4325	performancex16	11.38	5800	9977	9.32	0.01	0.00
11	1080170,1081390,1875004,1875084,1875950,1876043,1876167,1876194,1876310,1877196,1878002							
2026-05-29T17:37:42-03:00	ON	gamemode is active 	P0	81	25	57	124.24	180.00	2767	14001	4325	4325	4325	performancex16	10.95	5790	9988	9.30	0.00	0.00
11	1080170,1081390,1875004,1875084,1875950,1876043,1876167,1876194,1876310,1877196,1878002							
2026-05-29T17:37:47-03:00	ON	gamemode is active 	P0	82	21	57	122.00	180.00	2767	14001	4311	4319	4325	performancex16	10.87	5776	10002	9.35	0.00	0.00
11	1080170,1081390,1875004,1875084,1875950,1876043,1876167,1876194,1876310,1877196,1878002							
2026-05-29T17:37:52-03:00	ON	gamemode is active 	P0	83	22	57	125.65	180.00	2767	14001	4324	4324	4325	performancex16	11.60	5848	9929	9.31	0.00	0.00
11	1080170,1081390,1875004,1875084,1875950,1876043,1876167,1876194,1876310,1877196,1878002							
2026-05-29T17:37:57-03:00	ON	gamemode is active 	P0	82	24	57	126.37	180.00	2767	14001	4300	4300	4300	performancex16	11.24	5851	9926	9.17	0.00	0.00
11	1080170,1081390,1875004,1875084,1875950,1876043,1876167,1876194,1876310,1877196,1878002							
2026-05-29T17:38:02-03:00	ON	gamemode is active 	P0	82	23	57	126.49	180.00	2767	14001	4306	4311	4315	performancex16	11.78	5802	9976	9.29	0.00	0.00
11	1080170,1081390,1875004,1875084,1875950,1876043,1876167,1876194,1876310,1877196,1878002							
2026-05-29T17:38:07-03:00	ON	gamemode is active 	P0	80	23	58	126.49	180.00	2767	14001	4299	4299	4300	performancex16	12.28	5844	9933	9.76	0.00	0.00
11	1080170,1081390,1875004,1875084,1875950,1876043,1876167,1876194,1876310,1877196,1878002							
2026-05-29T17:38:13-03:00	ON	gamemode is active 	P0	69	19	57	115.54	180.00	2767	14001	4299	4299	4300	performancex16	11.53	5831	9946	9.84	0.00	0.00
11	1080170,1081390,1875004,1875084,1875950,1876043,1876167,1876194,1876310,1877196,1878002							
2026-05-29T17:38:18-03:00	ON	gamemode is active 	P0	81	24	57	126.20	180.00	2767	14001	4299	4300	4300	performancex16	10.93	5873	9904	9.76	0.00	0.00
11	1080170,1081390,1875004,1875084,1875950,1876043,1876167,1876194,1876310,1877196,1878002							
2026-05-29T17:38:23-03:00	ON	gamemode is active 	P0	84	22	58	128.76	180.00	2775	14001	4289	4299	4300	performancex16	11.26	5897	9880	9.84	0.00	0.00
11	1080170,1081390,1875004,1875084,1875950,1876043,1876167,1876194,1876310,1877196,1878002							
2026-05-29T17:38:28-03:00	ON	gamemode is active 	P0	82	21	58	126.67	180.00	2767	14001	4300	4300	4300	performancex16	10.59	5938	9840	9.28	0.00	0.00
11	1080170,1081390,1875004,1875084,1875950,1876043,1876167,1876194,1876310,1877196,1878002							
2026-05-29T17:38:33-03:00	ON	gamemode is active 	P0	81	23	58	125.67	180.00	2767	14001	4300	4300	4300	performancex16	10.07	5848	9929	9.75	0.00	0.00
11	1080170,1081390,1875004,1875084,1875950,1876043,1876167,1876194,1876310,1877196,1878002							
2026-05-29T17:38:38-03:00	ON	gamemode is active 	P0	82	21	58	124.89	180.00	2767	14001	4275	4275	4275	performancex16	10.62	5889	9888	9.50	0.00	0.00
11	1080170,1081390,1875004,1875084,1875950,1876043,1876167,1876194,1876310,1877196,1878002							
2026-05-29T17:38:44-03:00	ON	gamemode is active 	P0	81	23	58	124.04	180.00	2767	14001	4298	4300	4300	performancex16	10.09	5905	9873	9.72	0.00	0.00
11	1080170,1081390,1875004,1875084,1875950,1876043,1876167,1876194,1876310,1877196,1878002							
2026-05-29T17:38:49-03:00	ON	gamemode is active 	P0	67	17	58	115.65	180.00	2775	14001	4299	4300	4300	performancex16	10.08	5883	9895	9.81	0.00	0.00
11	1080170,1081390,1875004,1875084,1875950,1876043,1876167,1876194,1876310,1877196,1878002							
2026-05-29T17:38:54-03:00	ON	gamemode is active 	P0	72	16	57	109.52	180.00	2767	14001	4324	4325	4325	performancex16	10.32	5957	9821	9.90	0.00	0.00
11	1080170,1081390,1875004,1875084,1875950,1876043,1876167,1876194,1876310,1877196,1878002							
2026-05-29T17:38:59-03:00	ON	gamemode is active 	P0	84	23	59	127.96	180.00	2767	14001	4297	4299	4300	performancex16	10.45	5881	9896	9.75	0.00	0.00
11	1080170,1081390,1875004,1875084,1875950,1876043,1876167,1876194,1876310,1877196,1878002							
2026-05-29T17:39:04-03:00	ON	gamemode is active 	P0	82	20	58	127.68	180.00	2767	14001	4300	4300	4300	performancex16	10.10	5935	9842	9.86	0.00	0.00
11	1080170,1081390,1875004,1875084,1875950,1876043,1876167,1876194,1876310,1877196,1878002							
2026-05-29T17:39:09-03:00	ON	gamemode is active 	P0	83	24	58	128.90	180.00	2767	14001	4273	4277	4290	performancex16	10.65	5881	9896	9.59	0.00	0.00
11	1080170,1081390,1875004,1875084,1875950,1876043,1876167,1876194,1876310,1877196,1878002							
2026-05-29T17:39:14-03:00	ON	gamemode is active 	P0	84	21	58	127.63	180.00	2767	14001	4039	4244	4284	performancex16	10.12	5922	9856	9.39	0.00	0.00
11	1080170,1081390,1875004,1875084,1875950,1876043,1876167,1876194,1876310,1877196,1878002							
2026-05-29T17:39:20-03:00	ON	gamemode is active 	P0	81	23	58	127.77	180.00	2767	14001	4274	4295	4299	performancex16	10.67	5920	9857	9.21	0.00	0.00
11	1080170,1081390,1875004,1875084,1875950,1876043,1876167,1876194,1876310,1877196,1878002							
2026-05-29T17:39:25-03:00	ON	gamemode is active 	P0	81	23	59	124.24	180.00	2767	14001	4272	4274	4275	performancex16	10.89	5863	9915	9.47	0.00	0.00
11	1080170,1081390,1875004,1875084,1875950,1876043,1876167,1876194,1876310,1877196,1878002							
2026-05-29T17:39:30-03:00	ON	gamemode is active 	P0	67	19	57	114.20	180.00	2767	14001	4299	4300	4300	performancex16	10.26	5961	9816	9.44	0.00	0.00
11	1080170,1081390,1875004,1875084,1875950,1876043,1876167,1876194,1876310,1877196,1878002							
2026-05-29T17:39:35-03:00	ON	gamemode is active 	P0	82	25	59	131.43	180.00	2767	14001	4274	4275	4275	performancex16	9.60	5991	9787	9.62	0.00	0.00
11	1080170,1081390,1875004,1875084,1875950,1876043,1876167,1876194,1876310,1877196,1878002							
2026-05-29T17:39:40-03:00	ON	gamemode is active 	P0	75	20	58	123.65	180.00	2767	14001	4299	4300	4300	performancex16	9.39	5974	9803	9.37	0.00	0.00
11	1080170,1081390,1875004,1875084,1875950,1876043,1876167,1876194,1876310,1877196,1878002							
2026-05-29T17:39:45-03:00	ON	gamemode is active 	P0	81	20	59	127.83	180.00	2760	14001	4293	4299	4300	performancex16	9.60	5947	9830	9.65	0.00	0.00
11	1080170,1081390,1875004,1875084,1875950,1876043,1876167,1876194,1876310,1877196,1878002							
2026-05-29T17:39:50-03:00	ON	gamemode is active 	P0	83	20	58	126.18	180.00	2767	14001	4309	4311	4314	performancex16	9.07	5956	9821	9.44	0.00	0.00
11	1080170,1081390,1875004,1875084,1875950,1876043,1876167,1876194,1876310,1877196,1878002							
2026-05-29T17:39:56-03:00	ON	gamemode is active 	P0	81	20	58	122.71	180.00	2767	14001	3907	4195	4308	performancex16	9.38	5991	9786	9.12	0.00	0.00
11	1080170,1081390,1875004,1875084,1875950,1876043,1876167,1876194,1876310,1877196,1878002							
2026-05-29T17:40:01-03:00	ON	gamemode is active 	P0	72	15	56	118.25	180.00	2767	14001	4299	4300	4300	performancex16	9.03	5937	9840	9.26	0.00	0.00
11	1080170,1081390,1875004,1875084,1875950,1876043,1876167,1876194,1876310,1877196,1878002							
2026-05-29T17:40:06-03:00	ON	gamemode is active 	P0	82	16	58	117.53	180.00	2767	14001	4300	4300	4300	performancex16	9.67	5991	9787	9.20	0.00	0.00
11	1080170,1081390,1875004,1875084,1875950,1876043,1876167,1876194,1876310,1877196,1878002							
2026-05-29T17:40:11-03:00	ON	gamemode is active 	P0	82	20	58	122.88	180.00	2767	14001	4298	4312	4321	performancex16	9.06	6029	9748	9.13	0.00	0.00
11	1080170,1081390,1875004,1875084,1875950,1876043,1876167,1876194,1876310,1877196,1878002							
2026-05-29T17:40:16-03:00	ON	gamemode is active 	P0	83	23	59	125.87	180.00	2760	14001	4298	4299	4300	performancex16	8.81	6083	9694	8.92	0.00	0.00
11	1080170,1081390,1875004,1875084,1875950,1876043,1876167,1876194,1876310,1877196,1878002							
2026-05-29T17:40:21-03:00	ON	gamemode is active 	P0	82	25	58	127.23	180.00	2760	14001	4275	4276	4277	performancex16	8.51	6081	9696	8.62	0.00	0.00
11	1080170,1081390,1875004,1875084,1875950,1876043,1876167,1876194,1876310,1877196,1878002							
2026-05-29T17:40:26-03:00	ON	gamemode is active 	P0	71	26	58	118.83	180.00	2767	14001	4319	4320	4321	performancex16	8.14	6075	9702	8.93	0.00	0.00
11	1080170,1081390,1875004,1875084,1875950,1876043,1876167,1876194,1876310,1877196,1878002							
2026-05-29T17:40:32-03:00	ON	gamemode is active 	P0	66	20	57	107.55	180.00	2767	14001	4299	4300	4300	performancex16	8.93	6060	9718	9.41	0.00	0.00
11	1080170,1081390,1875004,1875084,1875950,1876043,1876167,1876194,1876310,1877196,1878002							
2026-05-29T17:40:37-03:00	ON	gamemode is active 	P0	74	20	57	115.84	180.00	2760	14001	4299	4300	4300	performancex16	8.46	6069	9709	9.60	0.00	0.00
11	1080170,1081390,1875004,1875084,1875950,1876043,1876167,1876194,1876310,1877196,1878002							
2026-05-29T17:40:42-03:00	ON	gamemode is active 	P0	76	19	57	112.40	180.00	2767	14001	4274	4275	4278	performancex16	8.26	6060	9717	9.45	0.00	0.00
11	1080170,1081390,1875004,1875084,1875950,1876043,1876167,1876194,1876310,1877196,1878002							
2026-05-29T17:40:47-03:00	ON	gamemode is active 	P0	74	21	56	104.78	180.00	2767	14001	4291	4296	4299	performancex16	7.92	6006	9772	9.45	0.00	0.00
11	1080170,1081390,1875004,1875084,1875950,1876043,1876167,1876194,1876310,1877196,1878002							
2026-05-29T17:40:52-03:00	ON	gamemode is active 	P0	85	22	57	123.81	180.00	2767	14001	4274	4275	4275	performancex16	8.73	6098	9680	9.51	0.00	0.00
11	1080170,1081390,1875004,1875084,1875950,1876043,1876167,1876194,1876310,1877196,1878002							
2026-05-29T17:40:57-03:00	ON	gamemode is active 	P0	86	22	59	130.36	180.00	2767	14001	4299	4300	4300	performancex16	9.07	5994	9783	8.83	0.00	0.00
11	1080170,1081390,1875004,1875084,1875950,1876043,1876167,1876194,1876310,1877196,1878002							
2026-05-29T17:41:02-03:00	ON	gamemode is active 	P0	80	22	58	125.14	180.00	2767	14001	4291	4296	4298	performancex16	9.31	6071	9707	8.73	0.00	0.00
11	1080170,1081390,1875004,1875084,1875950,1876043,1876167,1876194,1876310,1877196,1878002							
2026-05-29T17:41:08-03:00	ON	gamemode is active 	P0	82	21	58	121.44	180.00	2767	14001	4300	4300	4301	performancex16	8.88	6098	9679	8.85	0.00	0.00
11	1080170,1081390,1875004,1875084,1875950,1876043,1876167,1876194,1876310,1877196,1878002							
2026-05-29T17:41:13-03:00	ON	gamemode is active 	P0	70	23	57	117.57	180.00	2767	14001	4299	4300	4300	performancex16	9.53	6032	9746	9.05	0.00	0.00
11	1080170,1081390,1875004,1875084,1875950,1876043,1876167,1876194,1876310,1877196,1878002							
2026-05-29T17:41:18-03:00	ON	gamemode is active 	P0	79	23	57	123.43	180.00	2767	14001	4274	4275	4275	performancex16	10.61	6055	9723	9.33	0.00	0.00
11	1080170,1081390,1875004,1875084,1875950,1876043,1876167,1876194,1876310,1877196,1878002							
2026-05-29T17:41:23-03:00	ON	gamemode is active 	P0	53	18	55	96.84	180.00	2782	14001	4274	4274	4275	performancex16	10.80	6062	9716	9.40	0.00	0.00
11	1080170,1081390,1875004,1875084,1875950,1876043,1876167,1876194,1876310,1877196,1878002							
2026-05-29T17:41:28-03:00	ON	gamemode is active 	P0	73	23	57	117.11	180.00	2767	14001	4299	4300	4300	performancex16	11.38	6003	9774	9.52	0.00	0.00
11	1080170,1081390,1875004,1875084,1875950,1876043,1876167,1876194,1876310,1877196,1878002							
2026-05-29T17:41:33-03:00	ON	gamemode is active 	P0	78	23	57	119.00	180.00	2767	14001	4275	4298	4310	performancex16	11.83	6067	9711	9.73	0.00	0.00
11	1080170,1081390,1875004,1875084,1875950,1876043,1876167,1876194,1876310,1877196,1878002							
2026-05-29T17:41:39-03:00	ON	gamemode is active 	P0	76	21	58	121.33	180.00	2767	14001	4299	4299	4300	performancex16	11.20	5987	9790	9.82	0.00	0.00
11	1080170,1081390,1875004,1875084,1875950,1876043,1876167,1876194,1876310,1877196,1878002							
2026-05-29T17:41:44-03:00	ON	gamemode is active 	P0	67	23	57	113.48	180.00	2767	14001	4298	4300	4300	performancex16	11.02	6097	9680	9.90	0.00	0.00
11	1080170,1081390,1875004,1875084,1875950,1876043,1876167,1876194,1876310,1877196,1878002							
2026-05-29T17:41:49-03:00	ON	gamemode is active 	P0	72	20	57	115.69	180.00	2767	14001	4270	4274	4275	performancex16	11.66	6007	9771	9.93	0.00	0.00
11	1080170,1081390,1875004,1875084,1875950,1876043,1876167,1876194,1876310,1877196,1878002							
2026-05-29T17:41:54-03:00	ON	gamemode is active 	P0	77	23	57	120.52	180.00	2767	14001	4286	4295	4299	performancex16	11.05	6077	9701	9.48	0.00	0.00
11	1080170,1081390,1875004,1875084,1875950,1876043,1876167,1876194,1876310,1877196,1878002							
2026-05-29T17:41:59-03:00	ON	gamemode is active 	P0	78	23	58	120.27	180.00	2767	14001	3469	4051	4326	performancex16	10.81	6117	9661	9.47	0.00	0.00
11	1080170,1081390,1875004,1875084,1875950,1876043,1876167,1876194,1876310,1877196,1878002							
2026-05-29T17:42:04-03:00	OFF	gamemode is inactive 	P3	3	0	45	15.55	180.00	742	7001	3531	4218	4425	performancex16	10.10	3720	12058	6.17	0.18	0.72
2	1080170,1081390							
2026-05-29T17:42:09-03:00	OFF	gamemode is inactive 	P5	3	2	43	14.00	180.00	622	810	3559	4303	4450	performancex16	9.53	3374	12403	3.38	0.09	0.39
0	NA							
2026-05-29T17:42:14-03:00	OFF	gamemode is inactive 	P5	3	2	41	12.55	180.00	487	810	3545	4153	4450	performancex16	8.93	3361	12416	2.27	0.06	0.26
0	NA							
2026-05-29T17:42:20-03:00	OFF	gamemode is inactive 	P8	1	1	39	11.98	180.00	442	405	3590	4210	4474	performancex16	8.29	3395	12383	1.24	0.03	0.14
0	NA							
2026-05-29T17:42:25-03:00	OFF	gamemode is inactive 	P8	1	1	39	11.95	180.00	420	405	3560	3983	4481	performancex16	7.25	3390	12387	0.83	0.02	0.09
0	NA							
2026-05-29T17:42:30-03:00	OFF	gamemode is inactive 	P5	3	2	39	12.57	180.00	592	405	3883	4305	4400	performancex16	6.75	3419	12359	0.45	0.01	0.05
0	NA							
2026-05-29T17:42:35-03:00	OFF	gamemode is inactive 	P0	1	0	40	21.80	180.00	877	7001	3542	3919	4426	performancex16	6.37	3369	12408	0.30	0.00	0.03
0	NA							
2026-05-29T17:42:40-03:00	OFF	gamemode is inactive 	P5	7	4	39	14.24	180.00	585	810	3555	4120	4450	performancex16	6.10	3492	12285	0.16	0.00	0.01
0	NA							
2026-05-29T17:42:45-03:00	OFF	gamemode is inactive 	P5	3	2	39	13.57	180.00	720	810	3570	4153	4475	performancex16	5.69	3506	12271	0.11	0.00	0.01
0	NA							
2026-05-29T17:42:50-03:00	OFF	gamemode is inactive 	P8	1	1	39	11.78	180.00	435	405	3583	4015	4478	performancex16	5.39	3515	12263	0.06	0.00	0.00
0	NA							
2026-05-29T17:42:55-03:00	OFF	gamemode is inactive 	P8	1	1	39	11.84	180.00	457	405	3591	4317	4475	performancex16	5.20	3508	12270	0.03	0.00	0.00
0	NA							
2026-05-29T17:43:00-03:00	OFF	gamemode is inactive 	P8	1	3	39	12.00	180.00	435	405	3587	3917	4499	performancex16	4.87	3486	12292	0.02	0.00	0.00
0	NA							
2026-05-29T17:43:06-03:00	OFF	gamemode is inactive 	P8	5	6	39	11.73	180.00	427	405	3577	4199	4475	performancex16	4.56	3472	12306	0.01	0.00	0.00
0	NA							
2026-05-29T17:43:11-03:00	OFF	gamemode is inactive 	P0	1	0	40	18.68	180.00	2625	14001	3560	4074	4450	performancex16	4.51	3568	12210	0.00	0.00	0.00
0	NA							
2026-05-29T17:43:16-03:00	OFF	gamemode is inactive 	P5	1	2	40	12.80	180.00	600	810	4119	4366	4475	performancex16	4.47	3439	12339	0.00	0.00	0.00
0	NA							
2026-05-29T17:43:21-03:00	OFF	gamemode is inactive 	P5	6	3	40	13.23	180.00	622	810	3653	4215	4475	performancex16	4.27	3471	12306	0.00	0.00	0.00
0	NA							
2026-05-29T17:43:26-03:00	OFF	gamemode is inactive 	P8	4	4	39	11.85	180.00	465	405	3653	4137	4500	performancex16	4.09	3491	12286	0.00	0.00	0.00
0	NA							
2026-05-29T17:43:31-03:00	OFF	gamemode is inactive 	P5	2	1	40	11.95	180.00	555	405	3580	4160	4480	performancex16	3.84	3458	12319	0.00	0.00	0.00
0	NA							
2026-05-29T17:43:36-03:00	OFF	gamemode is inactive 	P8	4	4	39	11.70	180.00	435	405	2393	4036	4500	performancex16	3.61	3406	12372	0.00	0.00	0.00
0	NA							
2026-05-29T17:43:41-03:00	OFF	gamemode is inactive 	P5	0	0	40	13.09	180.00	682	810	3589	4157	4500	performancex16	3.40	3401	12377	0.00	0.00	0.00
0	NA							
2026-05-29T17:43:47-03:00	OFF	gamemode is inactive 	P8	5	4	39	11.71	180.00	442	405	3596	4141	4502	performancex16	3.29	3409	12369	0.00	0.00	0.00
0	NA							
2026-05-29T17:43:52-03:00	OFF	gamemode is inactive 	P8	4	4	39	12.53	180.00	532	405	3594	4150	4500	performancex16	3.19	3418	12360	0.00	0.00	0.00
0	NA							
2026-05-29T17:43:57-03:00	OFF	gamemode is inactive 	P8	6	4	39	12.08	180.00	487	405	3581	4106	4500	performancex16	3.01	3422	12356	0.00	0.00	0.00
0	NA							
2026-05-29T17:44:02-03:00	OFF	gamemode is inactive 	P8	1	3	39	12.16	180.00	435	405	3763	4306	4504	performancex16	2.93	3422	12356	0.00	0.00	0.00
0	NA							
2026-05-29T17:44:07-03:00	OFF	gamemode is inactive 	P8	5	3	39	12.64	180.00	532	405	2393	3871	4500	performancex16	2.86	3446	12332	0.00	0.00	0.00
0	NA							
2026-05-29T17:44:12-03:00	OFF	gamemode is inactive 	P8	7	4	39	12.48	180.00	637	405	3586	4198	4500	performancex16	2.87	3493	12285	0.00	0.00	0.00
0	NA							
2026-05-29T17:44:17-03:00	OFF	gamemode is inactive 	P8	4	3	39	11.76	180.00	442	405	2393	3832	4475	performancex16	2.88	3455	12323	0.00	0.00	0.00
0	NA							
2026-05-29T17:44:22-03:00	OFF	gamemode is inactive 	P8	3	2	39	11.89	180.00	420	405	3573	4054	4475	performancex16	2.73	3435	12342	0.00	0.00	0.00
0	NA							
2026-05-29T17:44:27-03:00	OFF	gamemode is inactive 	P8	1	1	39	11.56	180.00	435	405	3588	4110	4500	performancex16	2.67	3463	12314	0.00	0.00	0.00
0	NA							
2026-05-29T17:44:33-03:00	OFF	gamemode is inactive 	P8	2	7	39	11.54	180.00	382	405	3590	3944	4500	performancex16	2.54	3480	12298	0.00	0.00	0.00
0	NA							
2026-05-29T17:44:38-03:00	OFF	gamemode is inactive 	P8	4	3	39	11.67	180.00	435	405	3596	3872	4500	performancex16	2.57	3519	12259	0.00	0.00	0.00
0	NA							
2026-05-29T17:44:43-03:00	OFF	gamemode is inactive 	P0	1	0	40	24.76	180.00	2625	14001	3581	4046	4486	performancex16	2.53	3537	12241	0.00	0.00	0.00
0	NA							
2026-05-29T17:44:48-03:00	OFF	gamemode is inactive 	P8	1	3	39	11.87	180.00	457	405	3591	4138	4500	performancex16	2.57	3523	12255	0.00	0.00	0.00
0	NA							
2026-05-29T17:44:53-03:00	OFF	gamemode is inactive 	P5	5	3	39	14.37	180.00	735	810	3596	4315	4451	performancex16	2.52	3504	12273	0.00	0.00	0.00
0	NA							
2026-05-29T17:44:58-03:00	OFF	gamemode is inactive 	P5	9	6	39	13.91	180.00	922	810	3576	4072	4498	performancex16	2.48	3505	12273	0.00	0.00	0.00
0	NA							
2026-05-29T17:45:03-03:00	OFF	gamemode is inactive 	P8	4	4	39	11.97	180.00	412	405	2393	4179	4499	performancex16	2.36	3494	12283	0.00	0.00	0.00
0	NA							
2026-05-29T17:45:08-03:00	OFF	gamemode is inactive 	P8	1	1	39	12.03	180.00	427	405	3607	4129	4513	performancex16	2.41	3464	12314	0.00	0.00	0.00
0	NA							
2026-05-29T17:45:13-03:00	OFF	gamemode is inactive 	P8	12	8	39	13.15	180.00	555	405	3594	4129	4503	performancex16	2.30	3459	12318	0.00	0.00	0.00
0	NA							
2026-05-29T17:45:19-03:00	OFF	gamemode is inactive 	P8	1	1	39	11.74	180.00	420	405	2393	3893	4525	performancex16	2.35	3530	12248	0.00	0.00	0.00
0	NA							
2026-05-29T17:45:24-03:00	OFF	gamemode is inactive 	P8	2	1	39	12.25	180.00	420	405	2393	4027	4501	performancex16	2.49	3447	12330	0.00	0.00	0.00
0	NA							
2026-05-29T17:45:29-03:00	OFF	gamemode is inactive 	P8	5	4	39	12.22	180.00	435	405	3603	4179	4500	performancex16	2.45	3528	12250	0.00	0.00	0.00
0	NA							
2026-05-29T17:45:34-03:00	OFF	gamemode is inactive 	P5	1	0	39	14.44	180.00	1020	810	3592	4268	4500	performancex16	2.33	3547	12230	0.00	0.00	0.00
0	NA							
2026-05-29T17:45:39-03:00	OFF	gamemode is inactive 	P0	2	0	40	25.97	180.00	2632	14001	3552	4189	4457	performancex16	2.38	3693	12084	0.00	0.00	0.72
2	2508599,2509925							
2026-05-29T17:45:44-03:00	OFF	gamemode is inactive 	P0	1	0	40	25.34	180.00	2632	14001	3539	4018	4434	performancex16	2.35	4315	11463	0.00	0.00	1.03
2	2508599,2509925							
2026-05-29T17:45:49-03:00	OFF	gamemode is inactive 	P5	5	11	39	13.33	180.00	772	810	4011	4352	4451	performancex16	2.33	4601	11176	0.00	0.00	0.69
11	2508599,2509925,2519122,2519129,2520143,2520392,2520693,2520700,2520741,2520811,2521719							
2026-05-29T17:45:54-03:00	ON	gamemode is active 	P0	1	0	41	22.21	180.00	2632	14001	3594	4036	4477	performancex16	2.30	4859	10919	0.00	0.00	0.62
11	2508599,2509925,2524250,2524330,2525215,2525313,2525439,2525462,2525578,2526471,2527246							
2026-05-29T17:46:00-03:00	ON	gamemode is active 	P3	1	0	40	16.43	180.00	907	810	3596	4162	4504	performancex16	2.19	4831	10946	0.00	0.00	0.34
11	2508599,2509925,2524250,2524330,2525215,2525313,2525439,2525462,2525578,2526471,2527246							
2026-05-29T17:46:05-03:00	ON	gamemode is active 	P0	1	0	41	25.00	180.00	2632	14001	3615	3953	4525	performancex16	2.10	5092	10685	0.00	0.00	0.22
11	2508599,2509925,2524250,2524330,2525215,2525313,2525439,2525462,2525578,2526471,2527246							
2026-05-29T17:46:10-03:00	ON	gamemode is active 	P0	2	1	41	30.80	180.00	2685	14001	4362	4373	4375	performancex16	2.17	6588	9190	0.00	0.00	0.12
11	2508599,2509925,2524250,2524330,2525215,2525313,2525439,2525462,2525578,2526471,2527246							
2026-05-29T17:46:15-03:00	ON	gamemode is active 	P3	26	10	42	23.95	180.00	1995	7001	3538	4193	4425	performancex16	2.67	7614	8163	0.14	0.51	0.08
11	2508599,2509925,2524250,2524330,2525215,2525313,2525439,2525462,2525578,2526471,2527246							
2026-05-29T17:46:20-03:00	ON	gamemode is active 	P0	3	1	43	30.83	180.00	1755	7001	3789	4325	4400	performancex16	2.93	7771	8006	0.86	0.27	0.04
11	2508599,2509925,2524250,2524330,2525215,2525313,2525439,2525462,2525578,2526471,2527246							
2026-05-29T17:46:25-03:00	ON	gamemode is active 	P0	77	19	51	95.65	180.00	2797	14001	4374	4374	4375	performancex16	3.42	7702	8076	1.08	0.18	0.03
11	2508599,2509925,2524250,2524330,2525215,2525313,2525439,2525462,2525578,2526471,2527246							
2026-05-29T17:46:30-03:00	ON	gamemode is active 	P0	79	19	54	115.02	180.00	2775	14001	4373	4374	4375	performancex16	3.47	7591	8186	3.90	1.23	0.31
11	2508599,2509925,2524250,2524330,2525215,2525313,2525439,2525462,2525578,2526471,2527246							
2026-05-29T17:46:35-03:00	ON	gamemode is active 	P0	77	19	55	114.22	180.00	2767	14001	4374	4375	4375	performancex16	3.83	7599	8179	5.30	1.00	0.62
11	2508599,2509925,2524250,2524330,2525215,2525313,2525439,2525462,2525578,2526471,2527246							
2026-05-29T17:46:41-03:00	ON	gamemode is active 	P3	3	2	47	18.78	180.00	1200	7001	4339	4348	4350	performancex16	3.84	7747	8031	4.44	0.85	0.41
11	2508599,2509925,2524250,2524330,2525215,2525313,2525439,2525462,2525578,2526471,2527246							
2026-05-29T17:46:46-03:00	ON	gamemode is active 	P3	2	1	46	15.26	180.00	885	7001	3512	4198	4400	performancex16	3.94	7494	8284	2.74	2.89	0.22
11	2508599,2509925,2524250,2524330,2525215,2525313,2525439,2525462,2525578,2526471,2527246							
2026-05-29T17:46:51-03:00	ON	gamemode is active 	P0	69	20	55	99.75	180.00	2775	14001	4374	4375	4375	performancex16	4.18	7025	8752	2.20	9.83	0.30
11	2508599,2509925,2524250,2524330,2525215,2525313,2525439,2525462,2525578,2526471,2527246							
2026-05-29T17:46:56-03:00	ON	gamemode is active 	P0	59	18	56	113.71	180.00	2775	14001	4324	4325	4325	performancex16	4.41	6528	9249	6.28	8.90	0.28
11	2508599,2509925,2524250,2524330,2525215,2525313,2525439,2525462,2525578,2526471,2527246							
2026-05-29T17:47:01-03:00	ON	gamemode is active 	P0	63	19	58	101.53	180.00	2775	14001	4311	4317	4321	performancex16	5.10	6014	9764	8.49	9.66	0.19
11	2508599,2509925,2524250,2524330,2525215,2525313,2525439,2525462,2525578,2526471,2527246							
2026-05-29T17:47:06-03:00	ON	gamemode is active 	P0	77	23	61	122.93	180.00	2752	14001	4349	4350	4350	performancex16	6.53	5761	10016	10.31	9.53	0.25
11	2508599,2509925,2524250,2524330,2525215,2525313,2525439,2525462,2525578,2526471,2527246							
2026-05-29T17:47:11-03:00	ON	gamemode is active 	P0	86	20	63	129.37	180.00	2752	14001	4349	4350	4350	performancex16	6.97	5823	9955	9.84	5.23	0.13
11	2508599,2509925,2524250,2524330,2525215,2525313,2525439,2525462,2525578,2526471,2527246							
2026-05-29T17:47:17-03:00	ON	gamemode is active 	P0	66	23	62	117.96	180.00	2760	14001	4349	4350	4350	performancex16	6.65	5770	10008	9.89	3.50	0.09
11	2508599,2509925,2524250,2524330,2525215,2525313,2525439,2525462,2525578,2526471,2527246							
2026-05-29T17:47:22-03:00	ON	gamemode is active 	P0	62	23	61	108.68	180.00	2760	14001	4348	4349	4350	performancex16	7.00	5869	9909	9.94	1.92	0.05
11	2508599,2509925,2524250,2524330,2525215,2525313,2525439,2525462,2525578,2526471,2527246							
2026-05-29T17:47:27-03:00	ON	gamemode is active 	P0	78	24	61	119.86	180.00	2760	14001	4333	4338	4347	performancex16	6.68	5789	9988	9.63	1.29	0.03
11	2508599,2509925,2524250,2524330,2525215,2525313,2525439,2525462,2525578,2526471,2527246							
2026-05-29T17:47:32-03:00	ON	gamemode is active 	P0	52	19	58	96.89	180.00	2775	14001	4346	4349	4350	performancex16	6.87	5728	10050	9.64	0.70	0.01
11	2508599,2509925,2524250,2524330,2525215,2525313,2525439,2525462,2525578,2526471,2527246							
2026-05-29T17:47:37-03:00	ON	gamemode is active 	P0	74	21	60	122.16	180.00	2760	14001	4324	4325	4325	performancex16	7.04	5785	9993	9.76	0.47	0.01
11	2508599,2509925,2524250,2524330,2525215,2525313,2525439,2525462,2525578,2526471,2527246							
2026-05-29T17:47:42-03:00	ON	gamemode is active 	P0	48	14	56	90.42	180.00	2775	14001	4324	4324	4325	performancex16	6.63	5810	9968	9.69	0.25	0.00
11	2508599,2509925,2524250,2524330,2525215,2525313,2525439,2525462,2525578,2526471,2527246							
2026-05-29T17:47:47-03:00	ON	gamemode is active 	P0	84	21	59	126.46	180.00	2767	14001	4347	4349	4350	performancex16	6.34	5775	10002	8.50	0.14	0.00
11	2508599,2509925,2524250,2524330,2525215,2525313,2525439,2525462,2525578,2526471,2527246							
2026-05-29T17:47:53-03:00	ON	gamemode is active 	P0	83	23	59	128.71	180.00	2767	14001	4374	4374	4375	performancex16	6.79	5811	9967	7.02	0.09	0.00
11	2508599,2509925,2524250,2524330,2525215,2525313,2525439,2525462,2525578,2526471,2527246							
2026-05-29T17:47:58-03:00	ON	gamemode is active 	P0	83	22	60	128.29	180.00	2760	14001	4349	4349	4350	performancex16	7.53	5783	9994	6.10	0.05	0.00
11	2508599,2509925,2524250,2524330,2525215,2525313,2525439,2525462,2525578,2526471,2527246							
2026-05-29T17:48:03-03:00	ON	gamemode is active 	P0	77	21	60	127.37	180.00	2745	14001	4348	4349	4350	performancex16	7.01	5834	9944	5.74	0.03	0.00
11	2508599,2509925,2524250,2524330,2525215,2525313,2525439,2525462,2525578,2526471,2527246							
2026-05-29T17:48:08-03:00	ON	gamemode is active 	P0	82	23	60	129.42	180.00	2752	14001	4350	4353	4361	performancex16	7.25	5774	10004	5.40	0.01	0.00
11	2508599,2509925,2524250,2524330,2525215,2525313,2525439,2525462,2525578,2526471,2527246							
2026-05-29T17:48:13-03:00	ON	gamemode is active 	P0	82	21	59	125.20	180.00	2760	14001	4348	4349	4350	performancex16	6.91	5739	10038	5.09	0.01	0.00
11	2508599,2509925,2524250,2524330,2525215,2525313,2525439,2525462,2525578,2526471,2527246							
2026-05-29T17:48:18-03:00	ON	gamemode is active 	P0	84	23	60	128.91	180.00	2745	14001	4349	4350	4350	performancex16	7.72	5803	9975	4.72	0.00	0.00
11	2508599,2509925,2524250,2524330,2525215,2525313,2525439,2525462,2525578,2526471,2527246							
2026-05-29T17:48:24-03:00	ON	gamemode is active 	P0	87	19	60	127.90	180.00	2752	14001	4373	4375	4375	performancex16	8.06	5762	10015	4.39	0.00	0.00
11	2508599,2509925,2524250,2524330,2525215,2525313,2525439,2525462,2525578,2526471,2527246							
2026-05-29T17:48:29-03:00	ON	gamemode is active 	P0	80	25	59	121.57	180.00	2767	14001	4349	4351	4361	performancex16	8.30	5740	10038	4.26	0.00	0.00
11	2508599,2509925,2524250,2524330,2525215,2525313,2525439,2525462,2525578,2526471,2527246							
2026-05-29T17:48:34-03:00	ON	gamemode is active 	P0	85	24	60	133.38	180.00	2745	14001	4373	4374	4375	performancex16	7.79	5771	10007	4.38	0.00	0.00
11	2508599,2509925,2524250,2524330,2525215,2525313,2525439,2525462,2525578,2526471,2527246							
2026-05-29T17:48:39-03:00	ON	gamemode is active 	P0	83	24	60	130.43	180.00	2745	14001	4349	4350	4350	performancex16	8.21	5821	9957	4.07	0.00	0.00
11	2508599,2509925,2524250,2524330,2525215,2525313,2525439,2525462,2525578,2526471,2527246							
2026-05-29T17:48:44-03:00	ON	gamemode is active 	P0	86	26	61	134.54	180.00	2752	14001	4358	4362	4365	performancex16	7.71	5831	9946	4.04	0.00	0.00
11	2508599,2509925,2524250,2524330,2525215,2525313,2525439,2525462,2525578,2526471,2527246							
2026-05-29T17:48:49-03:00	ON	gamemode is active 	P0	84	22	60	128.93	180.00	2752	14001	4349	4349	4350	performancex16	8.14	5827	9951	4.02	0.00	0.00
11	2508599,2509925,2524250,2524330,2525215,2525313,2525439,2525462,2525578,2526471,2527246							
2026-05-29T17:48:54-03:00	ON	gamemode is active 	P0	84	22	60	130.30	180.00	2745	14001	4349	4350	4350	performancex16	7.72	5756	10022	4.01	0.00	0.00
11	2508599,2509925,2524250,2524330,2525215,2525313,2525439,2525462,2525578,2526471,2527246							
2026-05-29T17:49:00-03:00	ON	gamemode is active 	P0	83	23	60	130.36	180.00	2745	14001	4350	4350	4350	performancex16	8.23	5826	9952	4.00	0.00	0.00
11	2508599,2509925,2524250,2524330,2525215,2525313,2525439,2525462,2525578,2526471,2527246							
2026-05-29T17:49:05-03:00	ON	gamemode is active 	P0	81	23	60	127.96	180.00	2745	14001	4349	4350	4350	performancex16	8.85	5767	10010	4.00	0.00	0.00
11	2508599,2509925,2524250,2524330,2525215,2525313,2525439,2525462,2525578,2526471,2527246							
2026-05-29T17:49:10-03:00	ON	gamemode is active 	P0	82	25	61	128.52	180.00	2745	14001	4324	4325	4325	performancex16	8.98	5900	9877	4.45	0.00	0.00
11	2508599,2509925,2524250,2524330,2525215,2525313,2525439,2525462,2525578,2526471,2527246							
2026-05-29T17:49:15-03:00	ON	gamemode is active 	P0	74	22	59	125.53	180.00	2760	14001	4324	4325	4325	performancex16	8.34	5821	9956	4.60	0.00	0.00
11	2508599,2509925,2524250,2524330,2525215,2525313,2525439,2525462,2525578,2526471,2527246							
2026-05-29T17:49:20-03:00	ON	gamemode is active 	P0	66	23	59	116.36	180.00	2767	14001	4325	4325	4327	performancex16	7.76	5890	9887	5.23	0.00	0.00
11	2508599,2509925,2524250,2524330,2525215,2525313,2525439,2525462,2525578,2526471,2527246							
2026-05-29T17:49:25-03:00	ON	gamemode is active 	P0	68	25	59	120.71	180.00	2760	14001	4347	4349	4350	performancex16	8.42	5840	9937	5.48	0.00	0.00
11	2508599,2509925,2524250,2524330,2525215,2525313,2525439,2525462,2525578,2526471,2527246							
2026-05-29T17:49:30-03:00	ON	gamemode is active 	P0	82	26	60	131.02	180.00	2752	14001	4348	4349	4350	performancex16	9.10	5896	9882	5.53	0.00	0.00
11	2508599,2509925,2524250,2524330,2525215,2525313,2525439,2525462,2525578,2526471,2527246							
2026-05-29T17:49:36-03:00	ON	gamemode is active 	P0	65	18	58	111.38	180.00	2767	14001	4349	4350	4350	performancex16	8.45	5855	9922	5.47	0.00	0.00
11	2508599,2509925,2524250,2524330,2525215,2525313,2525439,2525462,2525578,2526471,2527246							
2026-05-29T17:49:41-03:00	ON	gamemode is active 	P0	83	25	60	128.18	180.00	2767	14001	4350	4350	4350	performancex16	8.10	5894	9884	5.50	0.00	0.00
11	2508599,2509925,2524250,2524330,2525215,2525313,2525439,2525462,2525578,2526471,2527246							
2026-05-29T17:49:46-03:00	ON	gamemode is active 	P0	80	22	58	121.55	180.00	2767	14001	4275	4321	4325	performancex16	8.17	5841	9937	5.72	0.00	0.00
11	2508599,2509925,2524250,2524330,2525215,2525313,2525439,2525462,2525578,2526471,2527246							
2026-05-29T17:49:51-03:00	ON	gamemode is active 	P0	82	23	60	125.55	180.00	2767	14001	4349	4350	4350	performancex16	9.04	5792	9985	5.63	0.00	0.00
11	2508599,2509925,2524250,2524330,2525215,2525313,2525439,2525462,2525578,2526471,2527246							
2026-05-29T17:49:56-03:00	ON	gamemode is active 	P0	82	24	59	126.35	180.00	2760	14001	3894	4248	4350	performancex16	9.60	5839	9939	5.61	0.00	0.00
11	2508599,2509925,2524250,2524330,2525215,2525313,2525439,2525462,2525578,2526471,2527246							
2026-05-29T17:50:01-03:00	ON	gamemode is active 	P0	81	20	59	123.75	180.00	2767	14001	4325	4327	4350	performancex16	8.91	5899	9878	5.59	0.00	0.00
11	2508599,2509925,2524250,2524330,2525215,2525313,2525439,2525462,2525578,2526471,2527246							
2026-05-29T17:50:06-03:00	ON	gamemode is active 	P0	79	18	58	116.54	180.00	2767	14001	4325	4325	4325	performancex16	8.59	5910	9868	5.44	0.00	0.00
11	2508599,2509925,2524250,2524330,2525215,2525313,2525439,2525462,2525578,2526471,2527246							
2026-05-29T17:50:12-03:00	ON	gamemode is active 	P0	66	15	57	104.71	180.00	2767	14001	4323	4324	4325	performancex16	8.63	5829	9949	5.69	0.00	0.00
11	2508599,2509925,2524250,2524330,2525215,2525313,2525439,2525462,2525578,2526471,2527246							
2026-05-29T17:50:17-03:00	ON	gamemode is active 	P0	79	20	58	118.25	180.00	2767	14001	4348	4349	4350	performancex16	8.58	5897	9881	5.61	0.00	0.00
11	2508599,2509925,2524250,2524330,2525215,2525313,2525439,2525462,2525578,2526471,2527246							
2026-05-29T17:50:22-03:00	ON	gamemode is active 	P0	79	18	57	114.10	180.00	2767	14001	4323	4324	4325	performancex16	9.33	5810	9967	5.18	0.00	0.00
11	2508599,2509925,2524250,2524330,2525215,2525313,2525439,2525462,2525578,2526471,2527246							
2026-05-29T17:50:27-03:00	ON	gamemode is active 	P0	75	22	59	126.48	180.00	2767	14001	4324	4324	4325	performancex16	9.87	5778	10000	5.63	0.36	0.00
11	2508599,2509925,2524250,2524330,2525215,2525313,2525439,2525462,2525578,2526471,2527246							
2026-05-29T17:50:32-03:00	ON	gamemode is active 	P0	78	18	58	112.78	180.00	2767	14001	4299	4300	4300	performancex16	9.56	5849	9929	5.47	0.19	0.00
11	2508599,2509925,2524250,2524330,2525215,2525313,2525439,2525462,2525578,2526471,2527246							
2026-05-29T17:50:37-03:00	ON	gamemode is active 	P0	78	23	58	124.38	180.00	2767	14001	4306	4309	4311	performancex16	9.91	5897	9881	5.31	0.13	0.00
11	2508599,2509925,2524250,2524330,2525215,2525313,2525439,2525462,2525578,2526471,2527246							
2026-05-29T17:50:43-03:00	ON	gamemode is active 	P0	79	24	58	124.58	180.00	2767	14001	3500	4158	4351	performancex16	9.28	5716	10062	5.44	0.07	0.00
11	2508599,2509925,2524250,2524330,2525215,2525313,2525439,2525462,2525578,2526471,2527246							
2026-05-29T17:50:48-03:00	ON	gamemode is active 	P0	74	17	56	112.33	180.00	2767	14001	4324	4335	4346	performancex16	9.82	5799	9979	5.36	0.16	0.00
11	2508599,2509925,2524250,2524330,2525215,2525313,2525439,2525462,2525578,2526471,2527246							
2026-05-29T17:50:53-03:00	ON	gamemode is active 	P0	79	18	57	112.33	180.00	2767	14001	4324	4325	4325	performancex16	9.11	5849	9929	5.39	0.10	0.00
11	2508599,2509925,2524250,2524330,2525215,2525313,2525439,2525462,2525578,2526471,2527246							
2026-05-29T17:50:58-03:00	ON	gamemode is active 	P0	79	23	58	124.88	180.00	2767	14001	4324	4325	4325	performancex16	8.46	5791	9987	5.48	0.05	0.00
11	2508599,2509925,2524250,2524330,2525215,2525313,2525439,2525462,2525578,2526471,2527246							
2026-05-29T17:51:03-03:00	ON	gamemode is active 	P0	80	16	58	119.15	180.00	2767	14001	4325	4325	4325	performancex16	8.18	5846	9931	5.32	0.03	0.00
11	2508599,2509925,2524250,2524330,2525215,2525313,2525439,2525462,2525578,2526471,2527246							
2026-05-29T17:51:08-03:00	ON	gamemode is active 	P0	75	23	58	121.18	180.00	2760	14001	4255	4322	4333	performancex16	7.69	5854	9923	5.62	0.02	0.00
11	2508599,2509925,2524250,2524330,2525215,2525313,2525439,2525462,2525578,2526471,2527246							
2026-05-29T17:51:13-03:00	ON	gamemode is active 	P0	77	18	57	114.25	180.00	2767	14001	4324	4325	4325	performancex16	7.31	5866	9911	5.57	0.01	0.00
11	2508599,2509925,2524250,2524330,2525215,2525313,2525439,2525462,2525578,2526471,2527246							
2026-05-29T17:51:19-03:00	ON	gamemode is active 	P0	77	19	58	116.61	180.00	2760	14001	4324	4324	4325	performancex16	6.81	5778	10000	5.46	0.00	0.00
11	2508599,2509925,2524250,2524330,2525215,2525313,2525439,2525462,2525578,2526471,2527246							
2026-05-29T17:51:24-03:00	ON	gamemode is active 	P0	78	18	57	112.13	180.00	2767	14001	4323	4324	4325	performancex16	6.34	5843	9935	5.52	0.00	0.00
11	2508599,2509925,2524250,2524330,2525215,2525313,2525439,2525462,2525578,2526471,2527246							
2026-05-29T17:51:29-03:00	ON	gamemode is active 	P0	78	18	57	114.73	180.00	2760	14001	4349	4350	4350	performancex16	5.99	5784	9993	5.35	0.00	0.00
11	2508599,2509925,2524250,2524330,2525215,2525313,2525439,2525462,2525578,2526471,2527246							
2026-05-29T17:51:34-03:00	ON	gamemode is active 	P0	81	19	57	115.54	180.00	2767	14001	3926	4306	4350	performancex16	5.83	5834	9944	5.04	0.00	0.00
11	2508599,2509925,2524250,2524330,2525215,2525313,2525439,2525462,2525578,2526471,2527246							
2026-05-29T17:51:39-03:00	ON	gamemode is active 	P0	80	19	57	115.28	180.00	2767	14001	4323	4324	4325	performancex16	5.45	5836	9941	4.69	0.00	0.00
11	2508599,2509925,2524250,2524330,2525215,2525313,2525439,2525462,2525578,2526471,2527246							
2026-05-29T17:51:44-03:00	ON	gamemode is active 	P0	80	18	57	114.59	180.00	2767	14001	4324	4325	4325	performancex16	5.17	5844	9933	4.68	0.00	0.00
11	2508599,2509925,2524250,2524330,2525215,2525313,2525439,2525462,2525578,2526471,2527246							
2026-05-29T17:51:49-03:00	ON	gamemode is active 	P0	78	18	57	112.92	180.00	2767	14001	3550	4229	4325	performancex16	5.56	5836	9941	4.79	0.00	0.00
11	2508599,2509925,2524250,2524330,2525215,2525313,2525439,2525462,2525578,2526471,2527246							
2026-05-29T17:51:55-03:00	ON	gamemode is active 	P0	78	18	57	113.63	180.00	2767	14001	4305	4312	4321	performancex16	5.27	5832	9945	4.73	0.00	0.00
11	2508599,2509925,2524250,2524330,2525215,2525313,2525439,2525462,2525578,2526471,2527246							
2026-05-29T17:52:00-03:00	ON	gamemode is active 	P0	80	19	56	114.17	180.00	2767	14001	4324	4325	4325	performancex16	5.49	5752	10026	4.85	0.00	0.00
11	2508599,2509925,2524250,2524330,2525215,2525313,2525439,2525462,2525578,2526471,2527246							
2026-05-29T17:52:05-03:00	ON	gamemode is active 	P0	77	19	56	114.84	180.00	2767	14001	4323	4325	4325	performancex16	5.89	5808	9969	4.90	0.00	0.00
11	2508599,2509925,2524250,2524330,2525215,2525313,2525439,2525462,2525578,2526471,2527246							
2026-05-29T17:52:10-03:00	ON	gamemode is active 	P0	82	18	57	115.47	180.00	2767	14001	4349	4349	4350	performancex16	6.38	5843	9935	4.61	0.00	0.00
11	2508599,2509925,2524250,2524330,2525215,2525313,2525439,2525462,2525578,2526471,2527246							
2026-05-29T17:52:15-03:00	ON	gamemode is active 	P0	77	17	57	111.90	180.00	2767	14001	4349	4350	4350	performancex16	7.15	5816	9962	4.74	0.00	0.00
11	2508599,2509925,2524250,2524330,2525215,2525313,2525439,2525462,2525578,2526471,2527246							
2026-05-29T17:52:20-03:00	ON	gamemode is active 	P0	88	21	59	131.84	180.00	2760	14001	4349	4350	4350	performancex16	6.82	5837	9940	4.67	0.00	0.00
11	2508599,2509925,2524250,2524330,2525215,2525313,2525439,2525462,2525578,2526471,2527246							
2026-05-29T17:52:26-03:00	ON	gamemode is active 	P0	79	18	57	113.92	180.00	2767	14001	4338	4345	4348	performancex16	6.35	5826	9951	4.78	0.00	0.00
11	2508599,2509925,2524250,2524330,2525215,2525313,2525439,2525462,2525578,2526471,2527246							
2026-05-29T17:52:31-03:00	ON	gamemode is active 	P0	77	18	57	111.40	180.00	2767	14001	4323	4324	4325	performancex16	6.00	5813	9964	4.88	0.00	0.00
11	2508599,2509925,2524250,2524330,2525215,2525313,2525439,2525462,2525578,2526471,2527246							
2026-05-29T17:52:36-03:00	ON	gamemode is active 	P0	80	23	58	124.86	180.00	2767	14001	4348	4349	4350	performancex16	6.80	5886	9891	4.93	0.00	0.00
11	2508599,2509925,2524250,2524330,2525215,2525313,2525439,2525462,2525578,2526471,2527246							
2026-05-29T17:52:41-03:00	ON	gamemode is active 	P0	80	20	57	116.23	180.00	2767	14001	4325	4325	4325	performancex16	6.42	5741	10036	4.95	0.00	0.00
11	2508599,2509925,2524250,2524330,2525215,2525313,2525439,2525462,2525578,2526471,2527246							
2026-05-29T17:52:46-03:00	ON	gamemode is active 	P0	78	19	57	114.72	180.00	2767	14001	4348	4349	4350	performancex16	7.51	5834	9943	4.97	0.00	0.00
11	2508599,2509925,2524250,2524330,2525215,2525313,2525439,2525462,2525578,2526471,2527246							
2026-05-29T17:52:51-03:00	ON	gamemode is active 	P3	2	1	47	27.18	180.00	975	7001	3553	4028	4450	performancex16	6.98	6131	9647	4.62	0.00	0.00
11	2508599,2509925,2524250,2524330,2525215,2525313,2525439,2525462,2525578,2526471,2527246							
2026-05-29T17:52:56-03:00	OFF	gamemode is inactive 	P5	0	0	44	14.53	180.00	450	810	2393	3697	4503	performancex16	6.43	3589	12189	2.53	0.00	0.53
2	2508599,2509925							
2026-05-29T17:53:02-03:00	OFF	gamemode is inactive 	P5	1	0	42	12.53	180.00	480	810	3613	3964	4525	performancex16	5.99	3170	12607	1.70	0.00	0.36
0	NA							
2026-05-29T17:53:07-03:00	OFF	gamemode is inactive 	P8	3	3	40	12.53	180.00	487	405	2393	3643	4527	performancex16	5.51	3126	12652	0.93	0.00	0.19
0	NA							
2026-05-29T17:53:12-03:00	OFF	gamemode is inactive 	P5	6	4	39	13.39	180.00	577	810	2393	3394	4548	performancex16	5.07	3080	12697	0.51	0.00	0.10
0	NA							
2026-05-29T17:53:17-03:00	OFF	gamemode is inactive 	P8	6	4	38	12.48	180.00	510	405	2393	3906	4531	performancex16	4.66	3114	12663	0.34	0.00	0.07
0	NA							
2026-05-29T17:53:22-03:00	OFF	gamemode is inactive 	P8	1	1	37	11.98	180.00	457	405	2393	3960	4525	performancex16	4.45	3286	12492	0.18	0.00	0.03
0	NA							
2026-05-29T17:53:27-03:00	OFF	gamemode is inactive 	P0	1	0	38	24.16	180.00	2625	14001	2393	3643	4541	performancex16	4.17	3286	12492	0.12	0.00	0.02
0	NA							
2026-05-29T17:53:32-03:00	OFF	gamemode is inactive 	P8	1	2	37	12.22	180.00	427	405	2393	3380	4550	performancex16	3.84	3273	12505	0.06	0.00	0.01
0	NA							
2026-05-29T17:53:37-03:00	OFF	gamemode is inactive 	P8	4	4	37	12.10	180.00	420	405	2393	3679	4472	performancex16	3.53	3243	12535	0.04	0.00	0.00
0	NA							
2026-05-29T17:53:42-03:00	OFF	gamemode is inactive 	P8	9	6	37	12.52	180.00	555	405	2393	3616	4546	performancex16	3.25	3269	12508	0.02	0.00	0.00
0	NA							
2026-05-29T17:53:48-03:00	OFF	gamemode is inactive 	P8	12	11	37	12.58	180.00	592	405	2393	3307	4550	performancex16	2.99	3289	12489	0.01	0.00	0.00
0	NA							
2026-05-29T17:53:53-03:00	OFF	gamemode is inactive 	P8	1	1	37	11.98	180.00	442	405	2393	3717	4545	performancex16	2.75	3285	12493	0.00	0.00	0.00
0	NA							
2026-05-29T17:53:58-03:00	OFF	gamemode is inactive 	P8	2	2	37	11.98	180.00	420	405	2393	3965	4550	performancex16	2.53	3297	12480	0.00	0.00	0.00
0	NA							
2026-05-29T17:54:03-03:00	OFF	gamemode is inactive 	P8	4	4	37	12.23	180.00	427	405	3634	4019	4554	performancex16	2.33	3358	12420	0.00	0.00	0.00
0	NA							
2026-05-29T17:54:08-03:00	OFF	gamemode is inactive 	P5	11	4	38	13.30	180.00	705	810	3607	3934	4536	performancex16	2.22	3377	12400	0.00	0.00	0.00
0	NA							
2026-05-29T17:54:13-03:00	OFF	gamemode is inactive 	P8	2	2	37	11.57	180.00	427	405	3628	4032	4557	performancex16	2.20	3337	12441	0.00	0.00	0.00
0	NA							
2026-05-29T17:54:18-03:00	OFF	gamemode is inactive 	P8	12	11	38	13.21	180.00	600	405	2393	3824	4549	performancex16	2.10	3475	12302	0.00	0.00	0.00
0	NA							
2026-05-29T17:54:23-03:00	OFF	gamemode is inactive 	P8	1	1	37	11.77	180.00	382	405	2393	3881	4550	performancex16	2.10	3379	12399	0.00	0.00	0.00
0	NA							
2026-05-29T17:54:28-03:00	OFF	gamemode is inactive 	P8	1	3	37	11.33	180.00	367	405	3636	4049	4564	performancex16	1.93	3362	12415	0.00	0.00	0.00
0	NA							
2026-05-29T17:54:34-03:00	OFF	gamemode is inactive 	P8	1	9	37	11.30	180.00	390	405	2393	3597	4575	performancex16	1.77	3338	12440	0.00	0.00	0.00
0	NA							
2026-05-29T17:54:39-03:00	OFF	gamemode is inactive 	P0	2	0	39	24.43	180.00	2625	14001	2393	3881	4525	performancex16	1.63	3322	12455	0.00	0.00	0.00
0	NA							
2026-05-29T17:54:44-03:00	OFF	gamemode is inactive 	P8	2	3	38	12.54	180.00	517	405	2393	3845	4550	performancex16	1.58	3497	12281	0.00	0.00	0.00
0	NA							
2026-05-29T17:54:49-03:00	OFF	gamemode is inactive 	P5	2	1	38	13.76	180.00	667	810	2393	4113	4562	performancex16	1.53	3386	12391	0.00	0.00	0.00
0	NA							
2026-05-29T17:54:54-03:00	OFF	gamemode is inactive 	P5	11	13	38	13.29	180.00	622	810	2393	3661	4565	performancex16	1.41	3374	12403	0.00	0.00	0.00
0	NA							
2026-05-29T17:54:59-03:00	OFF	gamemode is inactive 	P8	2	3	38	11.69	180.00	450	405	2393	3576	4575	performancex16	1.30	3337	12440	0.00	0.00	0.00
0	NA							
2026-05-29T17:55:04-03:00	OFF	gamemode is inactive 	P8	2	3	38	11.72	180.00	450	405	2393	3606	4575	performancex16	1.19	3307	12471	0.00	0.00	0.00
0	NA							
2026-05-29T17:55:09-03:00	OFF	gamemode is inactive 	P8	2	3	38	11.92	180.00	465	405	2393	3707	4566	performancex16	1.10	3277	12501	0.00	0.00	0.00
0	NA							
2026-05-29T17:55:14-03:00	OFF	gamemode is inactive 	P8	2	2	38	11.66	180.00	450	405	2393	3648	4575	performancex16	1.01	3282	12496	0.00	0.00	0.00
0	NA							
2026-05-29T17:55:20-03:00	OFF	gamemode is inactive 	P8	2	3	38	11.96	180.00	465	405	2393	3880	4575	performancex16	0.93	3285	12493	0.00	0.00	0.00
0	NA							
2026-05-29T17:55:25-03:00	OFF	gamemode is inactive 	P8	1	1	38	11.95	180.00	480	405	2393	3626	4521	performancex16	0.85	3322	12455	0.00	0.00	0.00
0	NA							
2026-05-29T17:55:30-03:00	OFF	gamemode is inactive 	P8	4	6	38	12.10	180.00	487	405	2393	3797	4575	performancex16	0.79	3300	12478	0.00	0.00	0.00
0	NA							
2026-05-29T17:55:35-03:00	OFF	gamemode is inactive 	P8	1	3	38	12.00	180.00	450	405	2393	3612	4368	performancex16	0.74	3295	12483	0.00	0.00	0.00
0	NA							
2026-05-29T17:55:40-03:00	OFF	gamemode is inactive 	P8	3	2	38	12.02	180.00	465	405	2393	3802	4575	performancex16	0.68	3293	12485	0.00	0.00	0.00
0	NA							
2026-05-29T17:55:45-03:00	OFF	gamemode is inactive 	P5	1	0	38	12.24	180.00	555	810	2393	3550	4575	performancex16	0.70	3303	12475	0.00	0.00	0.00
0	NA							
2026-05-29T17:55:50-03:00	OFF	gamemode is inactive 	P8	5	7	38	12.13	180.00	502	405	2393	3556	4512	performancex16	0.65	3297	12480	0.00	0.00	0.00
0	NA							
2026-05-29T17:55:55-03:00	OFF	gamemode is inactive 	P8	4	4	38	11.76	180.00	450	405	2393	3402	4550	performancex16	0.60	3286	12492	0.00	0.00	0.00
0	NA							
2026-05-29T17:56:00-03:00	OFF	gamemode is inactive 	P8	6	5	38	13.63	180.00	705	405	2393	3847	4575	performancex16	0.79	3299	12479	0.00	0.00	0.00
0	NA							
2026-05-29T17:56:06-03:00	OFF	gamemode is inactive 	P5	2	3	38	13.68	180.00	450	405	3619	4211	4525	performancex16	0.72	3354	12424	0.00	0.00	0.00
0	NA							
2026-05-29T17:56:11-03:00	OFF	gamemode is inactive 	P8	1	1	38	12.02	180.00	427	405	2393	3572	4475	performancex16	0.67	3351	12427	0.00	0.00	0.00
1	2632525							
2026-05-29T17:56:16-03:00	OFF	gamemode is inactive 	P8	2	2	38	11.69	180.00	420	405	2393	3931	4564	performancex16	0.69	3314	12464	0.00	0.00	5.67
1	2632525							
2026-05-29T17:56:21-03:00	OFF	gamemode is inactive 	P8	2	1	38	11.73	180.00	420	405	2393	3774	4568	performancex16	0.72	3327	12451	0.00	0.00	11.54
1	2632525							
2026-05-29T17:56:26-03:00	OFF	gamemode is inactive 	P8	2	2	38	11.66	180.00	420	405	3632	4078	4550	performancex16	0.74	3344	12434	0.00	0.00	15.04
1	2632525							
2026-05-29T17:56:31-03:00	OFF	gamemode is inactive 	P8	5	9	38	11.62	180.00	420	405	2393	3925	4525	performancex16	0.76	3300	12478	0.00	0.00	13.89
1	2632525							
2026-05-29T17:56:36-03:00	OFF	gamemode is inactive 	P8	7	5	38	13.13	180.00	570	405	3614	3927	4519	performancex16	0.78	3301	12477	0.00	0.00	13.40
1	2632525							
2026-05-29T17:56:41-03:00	OFF	gamemode is inactive 	P8	1	1	38	11.52	180.00	427	405	3632	3896	4550	performancex16	0.80	3411	12367	0.00	0.00	12.09
1	2632525							
2026-05-29T17:56:47-03:00	OFF	gamemode is inactive 	P8	1	1	38	11.55	180.00	420	405	3652	4223	4575	performancex16	0.82	3438	12340	0.00	0.00	11.58
0	NA							
2026-05-29T17:56:52-03:00	OFF	gamemode is inactive 	P8	1	1	38	11.68	180.00	442	405	2393	3726	4564	performancex16	0.75	3477	12301	0.00	0.00	7.91
0	NA							
2026-05-29T17:56:57-03:00	OFF	gamemode is inactive 	P8	4	4	38	11.96	180.00	457	405	2393	3818	4564	performancex16	0.69	3447	12331	0.00	0.00	4.34
0	NA							
2026-05-29T17:57:02-03:00	OFF	gamemode is inactive 	P8	3	1	38	12.38	180.00	465	405	2393	3554	4575	performancex16	0.63	3466	12312	0.00	0.00	2.38
0	NA							
2026-05-29T17:57:07-03:00	OFF	gamemode is inactive 	P8	4	2	38	12.28	180.00	570	405	2393	4057	4585	performancex16	0.58	3440	12337	0.00	0.00	1.59
0	NA							
2026-05-29T17:57:12-03:00	OFF	gamemode is inactive 	P5	1	2	38	13.51	180.00	652	810	2393	4000	4566	performancex16	0.62	3479	12298	0.00	0.00	0.87
0	NA							
2026-05-29T17:57:17-03:00	OFF	gamemode is inactive 	P5	1	1	38	12.14	180.00	420	810	2393	3526	4484	performancex16	0.57	3457	12320	0.00	0.00	0.58
0	NA							
2026-05-29T17:57:22-03:00	OFF	gamemode is inactive 	P8	5	4	38	13.62	180.00	600	405	2393	3379	4574	performancex16	0.52	3477	12301	0.00	0.00	0.32
0	NA							
2026-05-29T17:57:28-03:00	OFF	gamemode is inactive 	P8	2	2	38	12.02	180.00	442	405	2393	3724	4568	performancex16	0.48	3513	12265	0.00	0.00	0.21
0	NA							
2026-05-29T17:57:33-03:00	OFF	gamemode is inactive 	P8	5	4	38	13.64	180.00	705	810	2393	3687	4550	performancex16	0.44	3542	12235	0.00	0.00	0.11
0	NA							
2026-05-29T17:57:38-03:00	OFF	gamemode is inactive 	P8	9	7	38	13.88	180.00	607	405	2393	3564	4550	performancex16	0.41	3554	12223	0.00	0.00	0.06
0	NA							
2026-05-29T17:57:43-03:00	OFF	gamemode is inactive 	P8	11	7	38	14.34	180.00	637	405	2393	3910	4563	performancex16	0.37	3527	12251	0.00	0.00	0.04
0	NA							
2026-05-29T17:57:48-03:00	OFF	gamemode is inactive 	P5	6	4	38	12.06	180.00	487	810	2393	3782	4575	performancex16	0.34	3549	12229	0.00	0.00	0.02
0	NA							
2026-05-29T17:57:53-03:00	OFF	gamemode is inactive 	P8	5	4	38	11.98	180.00	427	405	2393	3838	4569	performancex16	0.31	3524	12254	0.00	0.00	0.01
0	NA							
2026-05-29T17:57:58-03:00	OFF	gamemode is inactive 	P8	8	5	38	12.49	180.00	547	405	2393	4021	4574	performancex16	0.29	3505	12273	0.00	0.00	0.00
0	NA							
2026-05-29T17:58:03-03:00	OFF	gamemode is inactive 	P5	3	2	38	13.66	180.00	592	405	2393	3645	4313	performancex16	0.35	3541	12237	0.00	0.00	0.00
0	NA							
2026-05-29T17:58:08-03:00	OFF	gamemode is inactive 	P3	1	0	38	17.35	180.00	735	810	2393	3878	4582	performancex16	0.40	3525	12252	0.00	0.00	0.00
0	NA							
2026-05-29T17:58:14-03:00	OFF	gamemode is inactive 	P8	5	4	38	12.12	180.00	495	405	2393	3596	4568	performancex16	0.37	3507	12271	0.00	0.00	0.00
0	NA							
2026-05-29T17:58:19-03:00	OFF	gamemode is inactive 	P5	2	2	38	14.53	180.00	787	810	3648	3986	4568	performancex16	0.34	3559	12219	0.00	0.00	0.00
0	NA							
2026-05-29T17:58:24-03:00	OFF	gamemode is inactive 	P5	4	3	38	13.83	180.00	690	810	2393	3796	4575	performancex16	0.31	3583	12195	0.00	0.00	0.00
0	NA							
2026-05-29T17:58:29-03:00	OFF	gamemode is inactive 	P8	16	11	38	13.56	180.00	705	405	2393	3928	4569	performancex16	0.45	3576	12202	0.00	0.00	0.00
0	NA							
2026-05-29T17:58:34-03:00	OFF	gamemode is inactive 	P5	5	3	38	12.76	180.00	570	810	2393	3927	4575	performancex16	0.57	3542	12236	0.00	0.00	0.00
0	NA							
2026-05-29T17:58:39-03:00	OFF	gamemode is inactive 	P8	3	3	38	12.47	180.00	480	405	2393	3896	4567	performancex16	0.52	3483	12295	0.00	0.00	0.00
0	NA							
2026-05-29T17:58:44-03:00	OFF	gamemode is inactive 	P0	4	2	39	18.41	180.00	2625	14001	3648	4144	4581	performancex16	0.48	3411	12366	0.00	0.00	0.29
0	NA							
2026-05-29T17:58:49-03:00	OFF	gamemode is inactive 	P5	2	0	38	12.22	180.00	592	810	2393	3778	4575	performancex16	0.60	3536	12242	0.00	0.00	0.49
0	NA							
2026-05-29T17:58:54-03:00	OFF	gamemode is inactive 	P8	2	2	38	13.29	180.00	600	405	2393	3589	4575	performancex16	0.56	3571	12207	0.00	0.00	0.27
0	NA							
2026-05-29T17:59:00-03:00	OFF	gamemode is inactive 	P8	1	1	38	11.95	180.00	427	405	2393	3284	4575	performancex16	0.51	3539	12239	0.00	0.00	0.18
0	NA							
2026-05-29T17:59:05-03:00	OFF	gamemode is inactive 	P8	1	1	38	11.92	180.00	420	405	2393	3578	4575	performancex16	0.47	3526	12252	0.00	0.00	0.09
0	NA							
2026-05-29T17:59:10-03:00	OFF	gamemode is inactive 	P8	5	6	38	12.16	180.00	427	405	2393	3680	4575	performancex16	0.43	3519	12258	0.00	0.00	0.05
0	NA							
2026-05-29T17:59:15-03:00	OFF	gamemode is inactive 	P5	10	6	38	13.13	180.00	697	810	3650	4016	4575	performancex16	0.45	3486	12291	0.00	0.00	0.03
0	NA							
2026-05-29T17:59:20-03:00	OFF	gamemode is inactive 	P8	13	9	38	13.86	180.00	652	405	2393	3620	4509	performancex16	0.41	3495	12282	0.00	0.00	0.01
0	NA							
2026-05-29T17:59:25-03:00	OFF	gamemode is inactive 	P8	4	3	38	11.82	180.00	420	405	2393	3871	4578	performancex16	0.38	3533	12244	0.00	0.00	0.01
0	NA							
2026-05-29T17:59:30-03:00	OFF	gamemode is inactive 	P8	5	4	38	11.78	180.00	457	405	2393	3789	4562	performancex16	0.35	3523	12255	0.00	0.00	0.00
0	NA							
2026-05-29T17:59:35-03:00	OFF	gamemode is inactive 	P8	1	1	37	11.86	180.00	472	405	2393	3556	4575	performancex16	0.32	3557	12220	0.00	0.00	0.00
0	NA							
2026-05-29T17:59:41-03:00	OFF	gamemode is inactive 	P8	5	6	38	12.00	180.00	502	405	2393	3622	4575	performancex16	0.37	3494	12283	0.00	0.00	0.00
0	NA							
2026-05-29T17:59:46-03:00	OFF	gamemode is inactive 	P8	1	4	37	11.75	180.00	412	405	2393	3605	4575	performancex16	0.34	3482	12295	0.00	0.00	0.00
0	NA							
2026-05-29T17:59:51-03:00	OFF	gamemode is inactive 	P0	1	0	39	24.49	180.00	2625	14001	3628	3896	4550	performancex16	0.39	3471	12306	0.00	0.00	0.00
0	NA							
2026-05-29T17:59:56-03:00	OFF	gamemode is inactive 	P8	0	7	37	10.08	180.00	180	405	2393	3518	4575	performancex16	0.36	3516	12262	0.00	0.00	0.00
0	NA							
2026-05-29T18:00:01-03:00	OFF	gamemode is inactive 	P8	2	16	37	11.36	180.00	420	405	2393	3274	4576	performancex16	0.33	3489	12289	0.00	0.00	0.00
0	NA							
2026-05-29T18:00:06-03:00	OFF	gamemode is inactive 	P5	5	4	38	12.91	180.00	525	810	2393	3993	4575	performancex16	0.39	3530	12248	0.00	0.00	0.00
0	NA							
2026-05-29T18:00:11-03:00	OFF	gamemode is inactive 	P8	1	4	38	11.73	180.00	420	405	2393	4042	4575	performancex16	0.44	3501	12276	0.00	0.00	0.00
0	NA							
2026-05-29T18:00:16-03:00	OFF	gamemode is inactive 	P8	1	2	37	11.55	180.00	405	405	2393	3613	4583	performancex16	0.40	3525	12253	0.00	0.00	0.00
0	NA							
2026-05-29T18:00:21-03:00	OFF	gamemode is inactive 	P5	3	2	37	13.03	180.00	502	810	2393	3993	4575	performancex16	0.53	3500	12278	0.00	0.00	0.00
0	NA							
2026-05-29T18:00:27-03:00	OFF	gamemode is inactive 	P8	3	7	37	11.93	180.00	420	405	2393	3754	4474	performancex16	0.49	3474	12304	0.00	0.00	0.00
0	NA							
2026-05-29T18:00:32-03:00	OFF	gamemode is inactive 	P5	1	0	37	12.15	180.00	480	810	2393	3702	4261	performancex16	0.45	3440	12337	0.00	0.00	0.00
0	NA							
2026-05-29T18:00:37-03:00	OFF	gamemode is inactive 	P8	1	1	37	11.67	180.00	435	405	2393	3787	4575	performancex16	0.41	3473	12305	0.00	0.00	0.00
0	NA							
2026-05-29T18:00:42-03:00	OFF	gamemode is inactive 	P0	1	0	38	17.34	180.00	2625	14001	2393	3725	4560	performancex16	0.46	3462	12316	0.00	0.00	0.00
0	NA							
2026-05-29T18:00:47-03:00	OFF	gamemode is inactive 	P5	1	2	38	13.72	180.00	630	810	3640	4018	4575	performancex16	0.42	3474	12303	0.00	0.00	0.00
0	NA							
2026-05-29T18:00:52-03:00	OFF	gamemode is inactive 	P8	4	4	38	12.73	180.00	487	405	2393	3868	4565	performancex16	0.47	3490	12287	0.00	0.00	0.00
0	NA							
2026-05-29T18:00:57-03:00	OFF	gamemode is inactive 	P8	1	3	37	11.85	180.00	427	405	2393	3585	4575	performancex16	0.51	3460	12317	0.00	0.00	0.00
0	NA							
2026-05-29T18:01:02-03:00	OFF	gamemode is inactive 	P8	5	8	38	15.22	180.00	1050	810	2393	4118	4577	performancex16	0.47	3554	12224	0.00	0.00	0.00
0	NA							
2026-05-29T18:01:07-03:00	OFF	gamemode is inactive 	P5	8	6	38	13.20	180.00	645	810	2393	4089	4574	performancex16	0.43	3523	12254	0.00	0.00	0.00
0	NA							
2026-05-29T18:01:13-03:00	OFF	gamemode is inactive 	P5	9	7	38	13.95	180.00	667	810	2393	3979	4579	performancex16	0.48	3531	12247	0.00	0.00	0.00
0	NA							
2026-05-29T18:01:18-03:00	OFF	gamemode is inactive 	P8	1	3	38	13.04	180.00	525	405	2393	3621	4550	performancex16	0.44	3514	12264	0.00	0.00	0.00
0	NA							
2026-05-29T18:01:23-03:00	OFF	gamemode is inactive 	P8	3	1	39	15.23	180.00	1987	14001	3646	3859	4575	performancex16	0.40	3510	12268	0.00	0.00	0.00
0	NA							
2026-05-29T18:01:28-03:00	OFF	gamemode is inactive 	P5	1	0	38	11.91	180.00	502	810	2393	3528	4554	performancex16	0.37	3494	12284	0.00	0.00	0.00
0	NA							
2026-05-29T18:01:33-03:00	OFF	gamemode is inactive 	P8	1	1	38	11.84	180.00	420	405	2393	3862	4575	performancex16	0.34	3496	12282	0.00	0.00	0.00
0	NA							
2026-05-29T18:01:38-03:00	OFF	gamemode is inactive 	P8	2	9	38	12.69	180.00	645	405	2393	3859	4575	performancex16	0.55	3500	12277	0.00	0.00	0.00
0	NA							
2026-05-29T18:01:43-03:00	OFF	gamemode is inactive 	P8	8	8	38	14.12	180.00	862	810	2393	3867	4575	performancex16	0.51	3573	12204	0.00	0.00	0.00
0	NA							
2026-05-29T18:01:48-03:00	OFF	gamemode is inactive 	P0	7	7	39	17.93	180.00	2625	14001	2393	3723	4575	performancex16	0.47	3556	12221	0.00	0.00	0.00
0	NA							
2026-05-29T18:01:53-03:00	OFF	gamemode is inactive 	P5	1	1	38	13.15	180.00	607	810	2393	3911	4463	performancex16	0.43	3504	12274	0.00	0.00	0.00
0	NA							
2026-05-29T18:01:59-03:00	OFF	gamemode is inactive 	P8	2	2	38	12.03	180.00	435	405	2393	3447	4262	performancex16	0.48	3526	12251	0.00	0.00	0.00
0	NA							
2026-05-29T18:02:04-03:00	OFF	gamemode is inactive 	P8	1	1	38	12.48	180.00	465	405	2393	3624	4575	performancex16	0.44	3487	12290	0.00	0.00	0.00
0	NA							
2026-05-29T18:02:09-03:00	OFF	gamemode is inactive 	P3	0	0	38	13.02	180.00	270	7001	2393	3798	4575	performancex16	0.40	3525	12252	0.00	0.00	0.00
0	NA							
2026-05-29T18:02:14-03:00	OFF	gamemode is inactive 	P8	0	20	37	11.30	180.00	180	405	2393	3665	4575	performancex16	0.37	3519	12259	0.00	0.00	0.00
0	NA							
2026-05-29T18:02:19-03:00	OFF	gamemode is inactive 	P8	0	19	37	11.40	180.00	180	405	2393	3530	4568	performancex16	0.34	3417	12361	0.00	0.00	0.00
0	NA							
2026-05-29T18:02:24-03:00	OFF	gamemode is inactive 	P8	0	13	37	10.96	180.00	180	405	3620	4151	4540	performancex16	0.31	3376	12402	0.00	0.00	0.00
0	NA							
2026-05-29T18:02:29-03:00	OFF	gamemode is inactive 	P5	6	3	38	14.29	180.00	675	810	2393	3683	4572	performancex16	0.37	3422	12355	0.00	0.00	0.00
0	NA							
2026-05-29T18:02:34-03:00	OFF	gamemode is inactive 	P5	3	1	38	13.77	180.00	525	405	2393	3802	4506	performancex16	0.50	3487	12290	0.00	0.00	0.00
0	NA							
2026-05-29T18:02:39-03:00	OFF	gamemode is inactive 	P8	2	3	38	12.59	180.00	525	405	3641	4068	4559	performancex16	0.46	3529	12248	0.00	0.00	0.00
0	NA							
2026-05-29T18:02:45-03:00	OFF	gamemode is inactive 	P8	2	3	38	12.71	180.00	510	405	2393	3791	4575	performancex16	0.42	3582	12196	0.00	0.00	0.00
0	NA							
2026-05-29T18:02:50-03:00	OFF	gamemode is inactive 	P8	4	4	38	12.81	180.00	577	405	2393	3860	4573	performancex16	0.39	3594	12184	0.00	0.00	0.00
0	NA							
2026-05-29T18:02:55-03:00	OFF	gamemode is inactive 	P8	4	3	38	12.29	180.00	495	405	2393	3840	4504	performancex16	0.52	3634	12144	0.00	0.00	0.00
0	NA							
2026-05-29T18:03:00-03:00	OFF	gamemode is inactive 	P8	5	3	37	12.64	180.00	472	405	2393	3956	4575	performancex16	0.48	3469	12309	0.00	0.00	0.00
0	NA							
2026-05-29T18:03:05-03:00	OFF	gamemode is inactive 	P8	13	8	38	13.02	180.00	757	810	2393	3769	4375	performancex16	0.55	3439	12339	0.00	0.00	0.00
0	NA							
2026-05-29T18:03:10-03:00	OFF	gamemode is inactive 	P3	0	0	38	21.43	180.00	1605	810	2393	3846	4575	performancex16	0.51	3254	12524	0.00	0.00	0.00
0	NA							
2026-05-29T18:03:15-03:00	OFF	gamemode is inactive 	P5	1	0	38	19.16	180.00	802	810	3651	3989	4574	performancex16	0.47	3396	12381	0.00	0.00	0.00
0	NA							
2026-05-29T18:03:20-03:00	OFF	gamemode is inactive 	P8	1	1	38	12.35	180.00	450	405	3649	4071	4578	performancex16	0.43	3458	12319	0.00	0.00	0.00
0	NA							
2026-05-29T18:03:26-03:00	OFF	gamemode is inactive 	P8	7	4	38	11.84	180.00	450	405	2393	3657	4575	performancex16	0.39	3500	12277	0.00	0.00	0.00
0	NA							
2026-05-29T18:03:31-03:00	OFF	gamemode is inactive 	P0	2	0	39	24.65	180.00	2625	14001	2393	4035	4575	performancex16	0.36	3528	12250	0.00	0.00	0.00
0	NA							
2026-05-29T18:03:36-03:00	OFF	gamemode is inactive 	P5	0	5	39	13.37	180.00	1125	7001	3617	3924	4525	performancex16	0.33	3479	12298	0.00	0.00	0.00
0	NA							
2026-05-29T18:03:41-03:00	OFF	gamemode is inactive 	P8	1	0	38	12.60	180.00	450	405	2393	3959	4572	performancex16	0.31	3490	12288	0.00	0.00	0.00
0	NA							
2026-05-29T18:03:46-03:00	OFF	gamemode is inactive 	P8	1	1	38	12.26	180.00	442	405	2393	3826	4564	performancex16	0.28	3560	12218	0.00	0.00	0.00
0	NA							
2026-05-29T18:03:51-03:00	OFF	gamemode is inactive 	P0	0	0	39	24.89	180.00	2625	14001	3645	3889	4575	performancex16	0.34	3710	12068	0.00	0.00	0.00
0	NA							
2026-05-29T18:03:56-03:00	OFF	gamemode is inactive 	P8	4	7	38	12.58	180.00	615	405	3647	3985	4575	performancex16	0.39	3825	11953	0.00	0.00	0.00
0	NA							
2026-05-29T18:04:01-03:00	OFF	gamemode is inactive 	P8	0	13	38	10.52	180.00	180	405	3667	3973	4575	performancex16	0.36	3837	11941	0.00	0.00	0.00
0	NA							
2026-05-29T18:04:06-03:00	OFF	gamemode is inactive 	P8	1	9	38	11.30	180.00	367	405	2393	3497	4591	performancex16	0.33	3694	12083	0.00	0.00	0.00
0	NA							
2026-05-29T18:04:12-03:00	OFF	gamemode is inactive 	P8	0	3	37	11.58	180.00	285	405	2393	3715	4575	performancex16	0.30	3682	12096	0.00	0.00	0.00
0	NA							
2026-05-29T18:04:17-03:00	OFF	gamemode is inactive 	P8	1	10	38	11.65	180.00	315	405	2393	3657	4553	performancex16	0.28	3707	12070	0.00	0.00	0.00
0	NA							
2026-05-29T18:04:22-03:00	OFF	gamemode is inactive 	P8	2	2	37	12.97	180.00	472	405	2393	3854	4587	performancex16	0.26	3644	12133	0.00	0.00	0.00
0	NA							
2026-05-29T18:04:27-03:00	OFF	gamemode is inactive 	P8	6	4	37	12.28	180.00	442	405	2393	3828	4575	performancex16	0.32	3635	12143	0.00	0.00	0.00
0	NA							
2026-05-29T18:04:32-03:00	OFF	gamemode is inactive 	P5	0	0	37	12.67	180.00	315	810	2393	3577	4585	performancex16	0.29	3540	12237	0.00	0.00	0.00
0	NA							
2026-05-29T18:04:37-03:00	OFF	gamemode is inactive 	P8	0	10	37	10.82	180.00	180	405	2393	3749	4575	performancex16	0.27	3534	12243	0.00	0.00	0.00
0	NA							
2026-05-29T18:04:42-03:00	OFF	gamemode is inactive 	P0	1	0	39	24.53	180.00	2625	14001	2393	3994	4575	performancex16	0.65	3843	11935	0.00	0.00	0.18
0	NA							
2026-05-29T18:04:47-03:00	OFF	gamemode is inactive 	P0	2	0	39	19.39	180.00	2625	14001	4248	4520	4555	performancex16	0.59	4093	11684	0.00	0.00	0.12
0	NA							
2026-05-29T18:04:52-03:00	OFF	gamemode is inactive 	P5	10	5	38	12.57	180.00	532	810	3627	4057	4570	performancex16	0.63	4184	11594	0.00	0.00	0.06
0	NA							
2026-05-29T18:04:57-03:00	OFF	gamemode is inactive 	P8	1	10	38	12.34	180.00	337	405	3651	4008	4576	performancex16	0.66	4176	11602	0.00	0.00	0.04
0	NA							
2026-05-29T18:05:03-03:00	OFF	gamemode is inactive 	P5	0	2	38	11.63	180.00	352	405	2393	3528	4575	performancex16	0.60	4054	11724	0.00	0.00	0.02
0	NA							
2026-05-29T18:05:08-03:00	OFF	gamemode is inactive 	P8	0	1	38	11.30	180.00	555	405	2393	3864	4575	performancex16	0.56	4092	11685	0.00	0.00	0.01
0	NA							
2026-05-29T18:05:13-03:00	OFF	gamemode is inactive 	P8	2	2	37	12.00	180.00	420	405	2393	3741	4393	performancex16	0.51	4165	11613	0.00	0.00	0.00
0	NA							
2026-05-29T18:05:18-03:00	OFF	gamemode is inactive 	P5	0	4	37	10.98	180.00	247	810	2393	3920	4584	performancex16	0.63	4162	11615	0.00	0.00	0.00
0	NA							
2026-05-29T18:05:23-03:00	OFF	gamemode is inactive 	P8	0	1	37	10.41	180.00	180	405	2393	3725	4517	performancex16	0.66	4054	11723	0.00	0.00	0.00
0	NA							
2026-05-29T18:05:28-03:00	OFF	gamemode is inactive 	P8	2	2	37	13.26	180.00	510	405	2393	3989	4558	performancex16	0.61	4313	11465	0.00	0.00	0.00
0	NA							
2026-05-29T18:05:33-03:00	OFF	gamemode is inactive 	P5	4	2	37	13.54	180.00	540	810	2393	3885	4537	performancex16	0.56	4484	11294	0.00	0.00	0.00
0	NA							
2026-05-29T18:05:38-03:00	OFF	gamemode is inactive 	P8	0	1	37	10.60	180.00	240	405	2393	3562	4583	performancex16	0.51	4420	11358	0.00	0.00	0.00
0	NA							
2026-05-29T18:05:43-03:00	OFF	gamemode is inactive 	P8	2	3	37	11.99	180.00	420	405	2393	3719	4575	performancex16	0.63	4442	11336	0.00	0.00	0.00
0	NA							
2026-05-29T18:05:49-03:00	OFF	gamemode is inactive 	P8	0	6	37	11.06	180.00	187	405	2393	3764	4576	performancex16	0.66	4507	11271	0.00	0.00	0.00
0	NA							
2026-05-29T18:05:54-03:00	OFF	gamemode is inactive 	P5	1	1	37	12.15	180.00	375	405	2393	3689	4575	performancex16	0.61	4472	11306	0.00	0.00	0.00
0	NA							
2026-05-29T18:05:59-03:00	OFF	gamemode is inactive 	P8	26	18	37	14.41	180.00	1050	810	2393	3941	4533	performancex16	0.56	4425	11353	0.00	0.00	0.00
0	NA							
2026-05-29T18:06:04-03:00	OFF	gamemode is inactive 	P8	2	1	37	12.19	180.00	427	405	2393	3648	4575	performancex16	0.52	3906	11871	0.00	0.00	0.00
0	NA							
2026-05-29T18:06:09-03:00	OFF	gamemode is inactive 	P8	0	6	37	11.36	180.00	300	405	2393	3547	4570	performancex16	0.47	3782	11996	0.00	0.00	0.00
0	NA							
2026-05-29T18:06:14-03:00	OFF	gamemode is inactive 	P0	2	0	38	22.69	180.00	2625	14001	3574	4052	4508	performancex16	0.52	4161	11616	0.00	0.00	0.00
0	NA							
2026-05-29T18:06:19-03:00	OFF	gamemode is inactive 	P5	2	3	37	13.04	180.00	480	810	2393	4074	4525	performancex16	0.47	4244	11533	0.00	0.00	0.00
0	NA							
2026-05-29T18:06:24-03:00	OFF	gamemode is inactive 	P8	10	14	37	12.07	180.00	405	405	2393	3400	4575	performancex16	0.52	4246	11531	0.00	0.00	0.00
0	NA							
2026-05-29T18:06:30-03:00	OFF	gamemode is inactive 	P8	2	18	37	12.23	180.00	502	405	2393	3751	4550	performancex16	0.48	4155	11623	0.00	0.00	0.00
0	NA							
2026-05-29T18:06:35-03:00	OFF	gamemode is inactive 	P8	1	7	37	11.65	180.00	360	405	2393	4106	4525	performancex16	0.44	4123	11655	0.00	0.00	0.00
0	NA							
2026-05-29T18:06:40-03:00	OFF	gamemode is inactive 	P8	5	6	37	11.75	180.00	487	405	2393	3547	4575	performancex16	0.40	4155	11623	0.00	0.00	0.00
0	NA							
2026-05-29T18:06:45-03:00	OFF	gamemode is inactive 	P5	1	2	37	14.84	180.00	832	810	2393	3656	4550	performancex16	0.61	4261	11516	0.00	0.00	0.00
0	NA							
2026-05-29T18:06:50-03:00	OFF	gamemode is inactive 	P3	0	0	37	15.76	180.00	915	7001	2393	3476	4544	performancex16	0.56	4192	11586	0.00	0.00	0.00
0	NA							
2026-05-29T18:06:55-03:00	OFF	gamemode is inactive 	P8	1	9	37	12.15	180.00	405	405	2393	3679	4577	performancex16	0.62	4195	11582	0.00	0.00	0.00
0	NA							
2026-05-29T18:07:00-03:00	OFF	gamemode is inactive 	P8	5	19	37	11.73	180.00	435	405	2393	3750	4566	performancex16	0.65	4199	11578	0.00	0.00	0.00
0	NA							
2026-05-29T18:07:05-03:00	OFF	gamemode is inactive 	P3	3	1	37	15.49	180.00	772	7001	2393	3750	4334	performancex16	0.60	4125	11652	0.00	0.00	0.00
0	NA							
2026-05-29T18:07:10-03:00	OFF	gamemode is inactive 	P8	1	6	37	11.36	180.00	382	405	2393	3675	4575	performancex16	0.55	4084	11694	0.00	0.00	0.00
0	NA							
2026-05-29T18:07:16-03:00	OFF	gamemode is inactive 	P8	1	7	37	11.69	180.00	390	405	2393	3592	4575	performancex16	0.51	4027	11751	0.00	0.00	0.00
0	NA							
2026-05-29T18:07:21-03:00	OFF	gamemode is inactive 	P8	1	5	36	11.84	180.00	375	405	2393	3656	4575	performancex16	0.47	4017	11760	0.00	0.00	0.00
0	NA							
2026-05-29T18:07:26-03:00	OFF	gamemode is inactive 	P8	4	15	36	11.85	180.00	465	405	2393	3534	4575	performancex16	0.43	4014	11764	0.00	0.00	0.00
0	NA							
2026-05-29T18:07:31-03:00	OFF	gamemode is inactive 	P5	7	4	37	14.00	180.00	592	810	2393	3496	4575	performancex16	0.39	4054	11724	0.00	0.00	0.00
0	NA							
2026-05-29T18:07:36-03:00	OFF	gamemode is inactive 	P8	2	2	36	11.56	180.00	405	405	2393	3557	4441	performancex16	0.36	4116	11661	0.00	0.00	0.00
0	NA							
2026-05-29T18:07:41-03:00	OFF	gamemode is inactive 	P8	0	17	36	10.89	180.00	240	405	2393	3352	4190	performancex16	0.33	4111	11666	0.00	0.00	0.00
0	NA							
2026-05-29T18:07:46-03:00	OFF	gamemode is inactive 	P8	0	18	36	10.77	180.00	180	405	2393	3510	4575	performancex16	0.31	4097	11681	0.00	0.00	0.00
0	NA							
2026-05-29T18:07:51-03:00	OFF	gamemode is inactive 	P8	1	3	36	11.37	180.00	405	405	2393	3466	4575	performancex16	0.28	4115	11663	0.00	0.00	0.00
0	NA							
2026-05-29T18:07:56-03:00	OFF	gamemode is inactive 	P0	0	0	38	24.40	180.00	2625	14001	2393	3849	4483	performancex16	0.34	4114	11663	0.00	0.00	0.00
0	NA							
2026-05-29T18:08:02-03:00	OFF	gamemode is inactive 	P8	1	1	37	12.43	180.00	412	405	3656	4163	4575	performancex16	0.31	4143	11634	0.00	0.00	0.00
0	NA							
2026-05-29T18:08:07-03:00	OFF	gamemode is inactive 	P8	1	1	37	11.86	180.00	412	405	2393	3641	4575	performancex16	0.29	4078	11700	0.00	0.00	0.00
0	NA							
2026-05-29T18:08:12-03:00	OFF	gamemode is inactive 	P5	15	7	37	17.16	180.00	915	810	2393	3969	4577	performancex16	0.26	4046	11732	0.00	0.00	0.00
0	NA							
2026-05-29T18:08:17-03:00	OFF	gamemode is inactive 	P0	4	3	38	17.34	180.00	2625	14001	3620	4241	4534	performancex16	0.24	4233	11544	0.00	0.00	0.00
0	NA							
2026-05-29T18:08:22-03:00	OFF	gamemode is inactive 	P5	1	1	37	13.12	180.00	727	810	3633	4016	4550	performancex16	0.30	4326	11451	0.00	0.00	0.00
0	NA							
2026-05-29T18:08:27-03:00	OFF	gamemode is inactive 	P5	7	4	37	14.44	180.00	637	810	3620	4267	4543	performancex16	0.36	4323	11455	0.00	0.00	0.00
0	NA							
2026-05-29T18:08:32-03:00	OFF	gamemode is inactive 	P5	14	7	38	17.79	180.00	1050	810	2393	3826	4575	performancex16	0.33	4256	11521	0.00	0.00	0.00
0	NA							
2026-05-29T18:08:37-03:00	OFF	gamemode is inactive 	P0	2	0	38	24.86	180.00	2625	14001	3641	4048	4550	performancex16	0.38	4572	11206	0.00	0.00	0.00
0	NA							
2026-05-29T18:08:42-03:00	OFF	gamemode is inactive 	P5	7	4	37	13.02	180.00	615	810	2393	3541	4575	performancex16	0.35	4111	11667	0.00	0.00	0.00
0	NA							
2026-05-29T18:08:48-03:00	OFF	gamemode is inactive 	P8	11	7	37	12.71	180.00	435	405	3633	3977	4581	performancex16	0.32	4040	11738	0.00	0.00	0.00
0	NA							
2026-05-29T18:08:53-03:00	OFF	gamemode is inactive 	P5	7	4	37	14.65	180.00	630	810	2393	3831	4578	performancex16	0.30	4069	11708	0.00	0.00	0.00
0	NA							
2026-05-29T18:08:58-03:00	OFF	gamemode is inactive 	P8	7	6	37	12.72	180.00	630	405	2393	3776	4575	performancex16	0.27	4050	11727	0.00	0.00	0.00
0	NA							
2026-05-29T18:09:03-03:00	OFF	gamemode is inactive 	P5	9	6	37	13.40	180.00	622	810	2393	3642	4575	performancex16	0.49	4112	11666	0.00	0.00	0.00
0	NA							
2026-05-29T18:09:08-03:00	OFF	gamemode is inactive 	P8	1	14	37	12.15	180.00	442	405	2393	3530	4520	performancex16	0.45	4137	11641	0.00	0.00	0.00
0	NA							
2026-05-29T18:09:13-03:00	OFF	gamemode is inactive 	P5	8	5	37	14.09	180.00	772	810	3652	4002	4579	performancex16	0.42	4039	11739	0.00	0.00	0.00
0	NA							
2026-05-29T18:09:18-03:00	OFF	gamemode is inactive 	P5	10	7	37	14.42	180.00	682	810	2393	3819	4550	performancex16	0.38	4143	11634	0.00	0.00	0.00
0	NA							
2026-05-29T18:09:23-03:00	OFF	gamemode is inactive 	P0	1	0	38	24.54	180.00	2625	14001	2393	3635	4575	performancex16	0.35	4045	11733	0.00	0.00	0.00
0	NA							
2026-05-29T18:09:28-03:00	OFF	gamemode is inactive 	P5	1	2	37	11.98	180.00	487	810	2393	3914	4573	performancex16	0.32	4036	11742	0.00	0.00	0.00
0	NA							
2026-05-29T18:09:34-03:00	OFF	gamemode is inactive 	P8	2	4	37	11.79	180.00	435	405	3648	3971	4575	performancex16	0.30	4038	11740	0.00	0.00	0.00
0	NA							
2026-05-29T18:09:39-03:00	OFF	gamemode is inactive 	P8	2	3	37	12.78	180.00	495	405	2393	3902	4578	performancex16	0.27	4027	11751	0.00	0.00	0.00
0	NA							
2026-05-29T18:09:44-03:00	OFF	gamemode is inactive 	P8	1	8	37	11.70	180.00	517	405	2393	4021	4556	performancex16	0.33	4025	11753	0.00	0.00	0.00
0	NA							
2026-05-29T18:09:49-03:00	OFF	gamemode is inactive 	P8	1	1	37	11.86	180.00	390	405	2393	3734	4591	performancex16	0.31	4055	11723	0.00	0.00	0.00
0	NA							
2026-05-29T18:09:54-03:00	OFF	gamemode is inactive 	P8	1	6	37	12.22	180.00	360	405	2393	3954	4575	performancex16	0.28	4098	11679	0.00	0.00	0.00
0	NA							
2026-05-29T18:09:59-03:00	OFF	gamemode is inactive 	P8	2	3	37	12.32	180.00	487	405	2393	4064	4575	performancex16	0.26	4080	11697	0.00	0.00	0.00
0	NA							
2026-05-29T18:10:04-03:00	OFF	gamemode is inactive 	P8	2	3	37	11.98	180.00	480	405	2393	3889	4575	performancex16	0.32	3992	11786	0.00	0.00	0.00
0	NA							
2026-05-29T18:10:09-03:00	OFF	gamemode is inactive 	P8	2	3	37	12.62	180.00	532	405	3646	4053	4574	performancex16	0.53	4019	11759	0.00	0.00	0.00
0	NA							
2026-05-29T18:10:14-03:00	OFF	gamemode is inactive 	P8	1	1	37	11.88	180.00	420	405	2393	3659	4561	performancex16	0.65	3983	11795	0.00	0.00	0.00
0	NA							
2026-05-29T18:10:20-03:00	OFF	gamemode is inactive 	P5	4	3	37	13.15	180.00	532	810	2393	3825	4576	performancex16	0.60	4029	11748	0.00	0.00	0.00
0	NA							
2026-05-29T18:10:25-03:00	OFF	gamemode is inactive 	P3	31	19	37	14.68	180.00	990	7001	2393	3823	4550	performancex16	0.63	4034	11743	0.00	0.00	0.00
0	NA							
2026-05-29T18:10:30-03:00	OFF	gamemode is inactive 	P0	1	0	38	19.18	180.00	2625	14001	2393	3923	4550	performancex16	0.58	4084	11693	0.00	0.00	0.00
0	NA							
2026-05-29T18:10:35-03:00	OFF	gamemode is inactive 	P5	2	2	37	12.93	180.00	630	810	2393	3676	4575	performancex16	0.77	4084	11694	0.00	0.00	0.00
0	NA							
2026-05-29T18:10:40-03:00	OFF	gamemode is inactive 	P8	5	4	37	12.02	180.00	420	405	2393	3753	4575	performancex16	0.71	4034	11743	0.00	0.00	0.00
0	NA							
2026-05-29T18:10:45-03:00	OFF	gamemode is inactive 	P8	2	2	37	12.57	180.00	547	405	2393	3897	4559	performancex16	0.76	4030	11748	0.00	0.00	0.00
0	NA							
2026-05-29T18:10:50-03:00	OFF	gamemode is inactive 	P8	2	11	37	12.09	180.00	427	405	2393	3987	4575	performancex16	0.70	4034	11744	0.00	0.00	0.00
0	NA							
2026-05-29T18:10:55-03:00	OFF	gamemode is inactive 	P8	2	2	37	12.56	180.00	442	405	2393	4028	4576	performancex16	0.64	4048	11730	0.00	0.00	0.00
0	NA							
2026-05-29T18:11:00-03:00	OFF	gamemode is inactive 	P8	2	4	37	11.90	180.00	435	405	2393	3911	4575	performancex16	0.59	4049	11729	0.00	0.00	0.00
0	NA							
2026-05-29T18:11:06-03:00	OFF	gamemode is inactive 	P8	2	3	37	12.77	180.00	457	405	2393	3843	4575	performancex16	0.54	4079	11698	0.00	0.00	0.00
0	NA							
2026-05-29T18:11:11-03:00	OFF	gamemode is inactive 	P8	2	6	37	12.71	180.00	690	405	2393	4074	4575	performancex16	0.50	4002	11775	0.00	0.00	0.00
0	NA							
2026-05-29T18:11:16-03:00	OFF	gamemode is inactive 	P8	5	5	37	12.84	180.00	502	405	3641	4009	4575	performancex16	0.70	4062	11716	0.00	0.00	0.00
0	NA							
2026-05-29T18:11:21-03:00	OFF	gamemode is inactive 	P8	4	4	37	12.91	180.00	637	405	3656	3946	4575	performancex16	0.80	4050	11728	0.00	0.00	0.00
0	NA							
2026-05-29T18:11:26-03:00	OFF	gamemode is inactive 	P8	3	3	37	13.15	180.00	487	405	2393	3679	4575	performancex16	0.74	4084	11694	0.00	0.00	0.00
0	NA							
2026-05-29T18:11:31-03:00	OFF	gamemode is inactive 	P5	2	2	37	13.88	180.00	532	810	2393	3933	4575	performancex16	0.68	4073	11704	0.00	0.00	0.00
0	NA							
2026-05-29T18:11:36-03:00	OFF	gamemode is inactive 	P8	31	30	37	14.24	180.00	1110	7001	3658	4239	4591	performancex16	0.78	4023	11755	0.00	0.00	0.00
0	NA							
2026-05-29T18:11:41-03:00	OFF	gamemode is inactive 	P3	2	0	37	15.47	180.00	870	810	2393	3729	4575	performancex16	0.72	4003	11775	0.00	0.00	0.00
0	NA							
2026-05-29T18:11:46-03:00	OFF	gamemode is inactive 	P8	2	3	37	13.00	180.00	652	405	3652	3950	4575	performancex16	0.66	4049	11729	0.00	0.00	0.00
0	NA							
2026-05-29T18:11:52-03:00	OFF	gamemode is inactive 	P8	2	3	37	12.90	180.00	495	405	2393	3940	4575	performancex16	0.61	4035	11743	0.00	0.00	0.00
0	NA							
2026-05-29T18:11:57-03:00	OFF	gamemode is inactive 	P8	2	6	37	12.07	180.00	487	405	2393	3948	4566	performancex16	0.56	4053	11725	0.00	0.00	0.00
0	NA							
2026-05-29T18:12:02-03:00	OFF	gamemode is inactive 	P8	5	5	37	12.87	180.00	547	405	2393	3775	4575	performancex16	0.52	4052	11726	0.00	0.00	0.00
0	NA							
2026-05-29T18:12:07-03:00	OFF	gamemode is inactive 	P5	3	2	37	12.93	180.00	517	405	2393	3900	4575	performancex16	0.47	4077	11701	0.00	0.00	0.00
0	NA							
2026-05-29T18:12:12-03:00	OFF	gamemode is inactive 	P8	4	4	37	12.47	180.00	510	405	2393	3720	4517	performancex16	0.44	4095	11682	0.00	0.00	0.00
0	NA							
2026-05-29T18:12:17-03:00	OFF	gamemode is inactive 	P8	4	3	37	13.33	180.00	577	405	3610	4222	4525	performancex16	0.40	4194	11584	0.00	0.00	0.00
0	NA							
2026-05-29T18:12:22-03:00	OFF	gamemode is inactive 	P8	9	9	37	12.95	180.00	570	405	2393	4030	4562	performancex16	0.37	4098	11680	0.00	0.00	0.00
0	NA							
2026-05-29T18:12:27-03:00	OFF	gamemode is inactive 	P8	4	5	37	12.48	180.00	502	405	3643	3970	4575	performancex16	0.34	4081	11697	0.00	0.00	0.00
0	NA							
2026-05-29T18:12:33-03:00	OFF	gamemode is inactive 	P8	4	12	37	12.40	180.00	495	405	2393	3871	4573	performancex16	0.31	4042	11735	0.00	0.00	0.00
0	NA							
2026-05-29T18:12:38-03:00	OFF	gamemode is inactive 	P8	4	4	37	12.37	180.00	502	405	3647	4065	4575	performancex16	0.29	4028	11750	0.00	0.00	0.00
0	NA							
2026-05-29T18:12:43-03:00	OFF	gamemode is inactive 	P8	4	4	37	12.32	180.00	495	405	2393	3740	4412	performancex16	0.26	4015	11763	0.00	0.00	0.00
0	NA							
2026-05-29T18:12:48-03:00	OFF	gamemode is inactive 	P8	4	4	37	12.41	180.00	517	405	2393	3909	4575	performancex16	0.24	3988	11790	0.00	0.00	0.00
0	NA							
2026-05-29T18:12:53-03:00	OFF	gamemode is inactive 	P8	4	7	37	12.41	180.00	502	405	3645	3872	4575	performancex16	0.38	3998	11779	0.00	0.00	0.00
0	NA							
2026-05-29T18:12:58-03:00	OFF	gamemode is inactive 	P8	4	4	37	12.44	180.00	487	405	3638	3932	4571	performancex16	0.67	4001	11777	0.00	0.00	0.00
0	NA							
2026-05-29T18:13:03-03:00	OFF	gamemode is inactive 	P8	4	6	37	12.47	180.00	495	405	2393	4195	4590	performancex16	0.62	3987	11790	0.00	0.00	0.00
0	NA							
2026-05-29T18:13:08-03:00	OFF	gamemode is inactive 	P8	4	5	37	12.31	180.00	487	405	2393	3727	4575	performancex16	0.57	3974	11803	0.00	0.00	0.00
0	NA							
2026-05-29T18:13:13-03:00	OFF	gamemode is inactive 	P8	4	10	37	12.40	180.00	510	405	3639	3951	4575	performancex16	0.52	3981	11797	0.00	0.00	0.00
0	NA							
2026-05-29T18:13:19-03:00	OFF	gamemode is inactive 	P8	4	5	37	12.47	180.00	502	405	3638	4040	4577	performancex16	0.48	3993	11784	0.00	0.00	0.00
0	NA							
2026-05-29T18:13:24-03:00	OFF	gamemode is inactive 	P8	4	5	37	12.75	180.00	547	405	2393	4157	4556	performancex16	0.44	4002	11776	0.00	0.00	0.00
0	NA							
2026-05-29T18:13:29-03:00	OFF	gamemode is inactive 	P8	4	5	37	12.57	180.00	510	405	3653	4077	4575	performancex16	0.41	3995	11783	0.00	0.00	0.00
0	NA							
2026-05-29T18:13:34-03:00	OFF	gamemode is inactive 	P8	4	5	37	12.48	180.00	487	405	2393	3617	4575	performancex16	0.37	3993	11784	0.00	0.00	0.00
0	NA							
2026-05-29T18:13:39-03:00	OFF	gamemode is inactive 	P8	4	4	37	12.48	180.00	502	405	2393	3768	4575	performancex16	0.34	4001	11777	0.00	0.00	0.00
0	NA							
2026-05-29T18:13:44-03:00	OFF	gamemode is inactive 	P8	4	5	37	12.53	180.00	517	405	2393	3746	4573	performancex16	0.32	3994	11784	0.00	0.00	0.00
0	NA							
2026-05-29T18:13:49-03:00	OFF	gamemode is inactive 	P8	30	19	37	14.45	180.00	1185	7001	2393	4061	4532	performancex16	0.29	4007	11770	0.00	0.00	0.00
0	NA							
2026-05-29T18:13:54-03:00	OFF	gamemode is inactive 	P8	6	8	37	12.93	180.00	465	405	2393	3868	4576	performancex16	0.27	4009	11769	0.00	0.00	0.00
0	NA							
2026-05-29T18:13:59-03:00	OFF	gamemode is inactive 	P8	2	3	36	11.87	180.00	457	405	3650	3992	4578	performancex16	0.25	4003	11775	0.00	0.00	0.00
0	NA							
2026-05-29T18:14:05-03:00	OFF	gamemode is inactive 	P5	9	6	37	14.26	180.00	637	810	3650	4052	4577	performancex16	0.23	4013	11765	0.00	0.00	0.00
0	NA							
2026-05-29T18:14:10-03:00	OFF	gamemode is inactive 	P5	9	6	37	14.17	180.00	607	810	2393	3838	4575	performancex16	0.21	4024	11754	0.00	0.00	0.00
0	NA							
2026-05-29T18:14:15-03:00	OFF	gamemode is inactive 	P8	18	15	37	14.72	180.00	772	810	2393	3656	4596	performancex16	0.35	4023	11754	0.00	0.00	0.00
0	NA							
2026-05-29T18:14:20-03:00	OFF	gamemode is inactive 	P5	9	6	37	14.95	180.00	705	810	2393	3859	4580	performancex16	0.56	4022	11755	0.00	0.00	0.00
0	NA							
2026-05-29T18:14:25-03:00	OFF	gamemode is inactive 	P5	9	6	37	14.28	180.00	645	810	2393	3832	4564	performancex16	0.52	4004	11774	0.00	0.00	0.00
0	NA							
2026-05-29T18:14:30-03:00	OFF	gamemode is inactive 	P8	5	3	37	13.98	180.00	630	405	2393	3739	4584	performancex16	0.59	4001	11776	0.00	0.00	0.00
0	NA							
2026-05-29T18:14:35-03:00	OFF	gamemode is inactive 	P5	9	6	37	14.25	180.00	622	810	3650	3894	4575	performancex16	0.54	4018	11759	0.00	0.00	0.00
0	NA							
2026-05-29T18:14:40-03:00	OFF	gamemode is inactive 	P5	1	1	37	12.25	180.00	570	810	2393	3679	4575	performancex16	0.50	4014	11763	0.00	0.00	0.00
0	NA							
2026-05-29T18:14:45-03:00	OFF	gamemode is inactive 	P8	1	1	37	12.39	180.00	450	405	2393	3809	4575	performancex16	0.46	4015	11763	0.00	0.00	0.00
0	NA							
2026-05-29T18:14:51-03:00	OFF	gamemode is inactive 	P8	4	4	37	12.79	180.00	495	405	2393	3710	4575	performancex16	0.42	4005	11773	0.00	0.00	0.00
0	NA							
2026-05-29T18:14:56-03:00	OFF	gamemode is inactive 	P8	4	10	37	11.92	180.00	420	405	3646	4091	4580	performancex16	0.39	4013	11764	0.00	0.00	0.00
0	NA							
2026-05-29T18:15:01-03:00	OFF	gamemode is inactive 	P5	4	3	37	14.89	180.00	802	810	2393	3754	4574	performancex16	0.36	4018	11760	0.00	0.00	0.00
0	NA							
2026-05-29T18:15:06-03:00	OFF	gamemode is inactive 	P5	0	3	37	12.91	180.00	442	810	2393	3435	4574	performancex16	0.57	2449	13329	0.00	0.00	0.00
0	NA							
2026-05-29T18:15:11-03:00	OFF	gamemode is inactive 	P8	0	10	36	11.22	180.00	180	405	2393	3574	4575	performancex16	0.52	2448	13330	0.00	0.00	0.00
0	NA							
2026-05-29T18:15:16-03:00	OFF	gamemode is inactive 	P0	2	1	38	25.30	180.00	2632	14001	3542	4185	4451	performancex16	0.72	4057	11721	0.00	0.00	0.00
0	NA							
2026-05-29T18:15:21-03:00	OFF	gamemode is inactive 	P0	1	0	38	25.05	180.00	2610	14001	2393	3502	4579	performancex16	0.66	4139	11638	0.00	0.00	0.14
0	NA							
2026-05-29T18:15:26-03:00	OFF	gamemode is inactive 	P8	2	7	37	11.59	180.00	420	405	2393	3755	4443	performancex16	0.61	3953	11825	0.00	0.00	0.08
0	NA							
2026-05-29T18:15:31-03:00	OFF	gamemode is inactive 	P8	1	9	37	10.84	180.00	300	405	2393	3422	4253	performancex16	0.56	3833	11945	0.00	0.00	0.05
0	NA							
2026-05-29T18:15:37-03:00	OFF	gamemode is inactive 	P8	0	10	37	10.61	180.00	180	405	2393	3390	4478	performancex16	0.52	3736	12042	0.00	0.00	0.02
0	NA							
2026-05-29T18:15:42-03:00	OFF	gamemode is inactive 	P8	0	15	37	10.43	180.00	180	405	2393	3532	4575	performancex16	0.47	3692	12086	0.00	0.00	0.01
0	NA							
2026-05-29T18:15:47-03:00	OFF	gamemode is inactive 	P8	0	35	36	10.24	180.00	180	405	2393	3540	4511	performancex16	0.44	3647	12131	0.00	0.00	0.00
0	NA							
2026-05-29T18:15:52-03:00	OFF	gamemode is inactive 	P8	0	33	36	10.19	180.00	180	405	2393	3873	4497	performancex16	0.40	3761	12017	0.00	0.00	0.00
0	NA							
2026-05-29T18:15:57-03:00	OFF	gamemode is inactive 	P8	0	15	36	10.51	180.00	180	405	2393	3619	4577	performancex16	0.37	3770	12008	0.00	0.00	0.00
0	NA							
2026-05-29T18:16:02-03:00	OFF	gamemode is inactive 	P8	0	28	36	10.22	180.00	180	405	2393	3456	4575	performancex16	0.34	3709	12069	0.00	0.00	0.00
0	NA							
2026-05-29T18:16:07-03:00	OFF	gamemode is inactive 	P8	0	38	36	10.16	180.00	180	405	2393	3543	4575	performancex16	0.31	3693	12084	0.00	0.00	0.00
0	NA							
2026-05-29T18:16:12-03:00	OFF	gamemode is inactive 	P8	0	34	36	10.13	180.00	180	405	2393	3701	4573	performancex16	0.29	3679	12099	0.00	0.00	0.00
0	NA							
2026-05-29T18:16:18-03:00	OFF	gamemode is inactive 	P8	0	19	36	10.32	180.00	180	405	2393	3484	4319	performancex16	0.26	3688	12090	0.00	0.00	0.00
0	NA							
2026-05-29T18:16:23-03:00	OFF	gamemode is inactive 	P8	0	36	36	10.19	180.00	180	405	2393	3625	4575	performancex16	0.24	3681	12096	0.00	0.00	0.00
0	NA							
2026-05-29T18:16:28-03:00	OFF	gamemode is inactive 	P8	0	42	36	10.23	180.00	180	405	2393	3295	4582	performancex16	0.22	3648	12130	0.00	0.00	0.00
0	NA							
2026-05-29T18:16:33-03:00	OFF	gamemode is inactive 	P8	0	15	36	10.60	180.00	180	405	2393	3546	4379	performancex16	0.20	3606	12171	0.00	0.00	0.00
0	NA							
2026-05-29T18:16:38-03:00	OFF	gamemode is inactive 	P8	0	34	36	10.41	180.00	375	405	2393	3705	4268	performancex16	0.19	3605	12172	0.00	0.00	0.00
0	NA							
2026-05-29T18:16:43-03:00	OFF	gamemode is inactive 	P8	0	28	36	10.22	180.00	180	405	2393	3582	4575	performancex16	0.17	3606	12171	0.00	0.00	0.00
0	NA							
2026-05-29T18:16:48-03:00	OFF	gamemode is inactive 	P8	0	40	36	10.26	180.00	180	405	2393	3363	4575	performancex16	0.16	3623	12155	0.00	0.00	0.00
0	NA							
2026-05-29T18:16:53-03:00	OFF	gamemode is inactive 	P8	0	12	36	10.35	180.00	180	405	2393	3838	4573	performancex16	0.15	3605	12172	0.00	0.00	0.00
0	NA							
2026-05-29T18:16:58-03:00	OFF	gamemode is inactive 	P8	1	1	36	10.58	180.00	180	405	2393	3616	4575	performancex16	0.13	3563	12215	0.00	0.00	0.00
0	NA							
2026-05-29T18:17:04-03:00	OFF	gamemode is inactive 	P0	0	0	37	24.95	180.00	2625	14001	2393	3629	4575	performancex16	0.12	3722	12056	0.00	0.00	0.00
0	NA							
2026-05-29T18:17:09-03:00	OFF	gamemode is inactive 	P5	0	1	36	12.93	180.00	532	810	3629	3957	4550	performancex16	0.27	3939	11838	0.00	0.00	0.00
0	NA							
2026-05-29T18:17:14-03:00	OFF	gamemode is inactive 	P8	0	6	36	10.90	180.00	255	405	2393	3840	4577	performancex16	0.33	4001	11776	0.00	0.00	0.00
0	NA							
2026-05-29T18:17:19-03:00	OFF	gamemode is inactive 	P8	1	5	36	12.62	180.00	450	405	3637	4212	4550	performancex16	0.47	3889	11888	0.00	0.00	0.00
0	NA							
2026-05-29T18:17:24-03:00	OFF	gamemode is inactive 	P8	4	15	36	12.36	180.00	667	405	2393	3874	4575	performancex16	0.51	3959	11819	0.00	0.00	0.00
0	NA							
2026-05-29T18:17:29-03:00	OFF	gamemode is inactive 	P8	16	16	36	13.25	180.00	682	810	3623	4094	4529	performancex16	0.47	3994	11783	0.00	0.00	0.00
0	NA							
2026-05-29T18:17:34-03:00	OFF	gamemode is inactive 	P8	0	7	36	11.06	180.00	322	405	2393	3514	4575	performancex16	0.43	3932	11846	0.00	0.00	0.00
0	NA							
2026-05-29T18:17:39-03:00	OFF	gamemode is inactive 	P5	1	3	36	12.32	180.00	495	810	2393	3705	4564	performancex16	0.40	3972	11806	0.00	0.00	0.00
0	NA							
2026-05-29T18:17:44-03:00	OFF	gamemode is inactive 	P8	1	6	36	11.88	180.00	517	405	2393	3673	4587	performancex16	0.36	3883	11894	0.00	0.00	0.00
0	NA							
2026-05-29T18:17:50-03:00	OFF	gamemode is inactive 	P8	2	6	36	11.60	180.00	367	405	2393	3656	4576	performancex16	0.33	3877	11900	0.00	0.00	0.00
0	NA							
2026-05-29T18:17:55-03:00	OFF	gamemode is inactive 	P8	1	4	36	11.44	180.00	367	405	2393	3566	4548	performancex16	0.39	3906	11872	0.00	0.00	0.00
0	NA							
2026-05-29T18:18:00-03:00	OFF	gamemode is inactive 	P8	1	2	36	11.88	180.00	382	405	2393	3733	4570	performancex16	0.36	4101	11677	0.00	0.00	0.00
0	NA							
2026-05-29T18:18:05-03:00	OFF	gamemode is inactive 	P0	6	5	37	14.96	180.00	757	14001	3543	4138	4470	performancex16	0.33	4047	11731	0.00	0.00	0.00
0	NA							
2026-05-29T18:18:10-03:00	OFF	gamemode is inactive 	P0	0	0	37	24.19	180.00	2610	14001	3648	3984	4575	performancex16	0.30	4342	11436	0.00	0.00	0.00
0	NA							
2026-05-29T18:18:15-03:00	OFF	gamemode is inactive 	P8	1	4	36	11.45	180.00	375	405	2393	3663	4575	performancex16	0.36	4240	11538	0.00	0.00	0.00
0	NA							
2026-05-29T18:18:20-03:00	OFF	gamemode is inactive 	P8	1	5	36	11.43	180.00	375	405	2393	3567	4416	performancex16	0.38	4269	11509	0.00	0.00	0.00
0	NA							
2026-05-29T18:18:25-03:00	OFF	gamemode is inactive 	P8	1	4	36	11.37	180.00	375	405	2393	3805	4575	performancex16	0.35	4200	11578	0.00	0.00	0.00
0	NA							
2026-05-29T18:18:30-03:00	OFF	gamemode is inactive 	P8	1	4	36	11.43	180.00	375	405	2393	3688	4575	performancex16	0.56	4177	11600	0.00	0.00	0.00
0	NA							
2026-05-29T18:18:36-03:00	OFF	gamemode is inactive 	P8	1	4	36	11.41	180.00	375	405	2393	3420	4575	performancex16	0.51	4119	11659	0.00	0.00	0.00
0	NA							
2026-05-29T18:18:41-03:00	OFF	gamemode is inactive 	P8	1	4	36	11.36	180.00	375	405	2393	3525	4575	performancex16	0.47	4120	11657	0.00	0.00	0.00
0	NA							
2026-05-29T18:18:46-03:00	OFF	gamemode is inactive 	P8	1	4	36	11.45	180.00	390	405	2393	4046	4575	performancex16	0.60	4159	11619	0.00	0.00	0.00
0	NA							
2026-05-29T18:18:51-03:00	OFF	gamemode is inactive 	P8	1	4	36	11.43	180.00	375	405	2393	3276	4575	performancex16	0.55	4099	11679	0.00	0.00	0.00
0	NA							
2026-05-29T18:18:56-03:00	OFF	gamemode is inactive 	P8	1	4	36	11.42	180.00	360	405	2393	3803	4575	performancex16	0.50	4114	11664	0.00	0.00	0.00
0	NA							
2026-05-29T18:19:01-03:00	OFF	gamemode is inactive 	P5	1	1	36	12.05	180.00	405	810	3639	4077	4575	performancex16	0.46	4142	11635	0.00	0.00	0.00
0	NA							
2026-05-29T18:19:06-03:00	OFF	gamemode is inactive 	P8	1	3	36	11.81	180.00	405	405	2393	3598	4413	performancex16	0.51	4120	11657	0.00	0.00	0.00
0	NA							
2026-05-29T18:19:11-03:00	OFF	gamemode is inactive 	P3	1	0	36	20.51	180.00	802	810	2393	3783	4575	performancex16	0.47	4151	11626	0.00	0.00	0.00
0	NA							
2026-05-29T18:19:16-03:00	OFF	gamemode is inactive 	P8	2	3	36	11.97	180.00	457	405	2393	3737	4576	performancex16	0.43	4132	11646	0.00	0.00	0.00
0	NA							
2026-05-29T18:19:22-03:00	OFF	gamemode is inactive 	P8	3	3	36	12.37	180.00	555	405	2393	3771	4530	performancex16	0.39	4145	11632	0.00	0.00	0.00
0	NA							
2026-05-29T18:19:27-03:00	OFF	gamemode is inactive 	P5	7	5	36	13.05	180.00	480	810	2393	3857	4575	performancex16	0.36	4151	11626	0.00	0.00	0.00
0	NA							
2026-05-29T18:19:32-03:00	OFF	gamemode is inactive 	P8	4	6	36	12.43	180.00	637	405	2393	3670	4575	performancex16	0.33	4129	11649	0.00	0.00	0.00
0	NA							
2026-05-29T18:19:37-03:00	OFF	gamemode is inactive 	P8	1	9	36	11.94	180.00	412	405	2393	3791	4595	performancex16	0.31	4124	11653	0.00	0.00	0.00
0	NA							
2026-05-29T18:19:42-03:00	OFF	gamemode is inactive 	P5	4	3	36	12.87	180.00	450	405	2393	3797	4575	performancex16	0.28	4207	11571	0.00	0.00	0.00
0	NA							
2026-05-29T18:19:47-03:00	OFF	gamemode is inactive 	P8	1	2	36	12.40	180.00	427	405	2393	3899	4575	performancex16	0.26	4152	11626	0.00	0.00	0.00
0	NA							
2026-05-29T18:19:52-03:00	OFF	gamemode is inactive 	P8	1	7	36	11.73	180.00	457	405	2393	3885	4575	performancex16	0.64	4086	11691	0.00	0.00	0.00
0	NA							
2026-05-29T18:19:57-03:00	OFF	gamemode is inactive 	P8	2	3	36	12.17	180.00	562	405	2393	4134	4582	performancex16	0.67	4087	11691	0.00	0.00	0.00
0	NA							
2026-05-29T18:20:02-03:00	OFF	gamemode is inactive 	P8	1	3	36	12.31	180.00	427	405	2393	3648	4575	performancex16	0.77	4068	11709	0.00	0.00	0.00
0	NA							
2026-05-29T18:20:08-03:00	OFF	gamemode is inactive 	P8	2	1	36	12.19	180.00	555	405	2393	3623	4578	performancex16	0.79	4110	11668	0.00	0.00	0.00
0	NA							
2026-05-29T18:20:13-03:00	OFF	gamemode is inactive 	P8	1	1	36	12.39	180.00	562	405	2393	3700	4575	performancex16	0.73	4145	11633	0.00	0.00	0.00
0	NA							
2026-05-29T18:20:18-03:00	OFF	gamemode is inactive 	P8	15	23	36	13.57	180.00	570	405	2393	3629	4575	performancex16	0.67	4145	11633	0.00	0.00	0.00
0	NA							
2026-05-29T18:20:23-03:00	OFF	gamemode is inactive 	P8	11	9	36	13.34	180.00	577	405	2393	3616	4575	performancex16	0.70	4223	11554	0.00	0.00	0.00
0	NA							
2026-05-29T18:20:28-03:00	OFF	gamemode is inactive 	P8	8	6	36	13.40	180.00	607	405	2393	4077	4590	performancex16	0.72	4291	11487	0.00	0.00	0.00
0	NA							
2026-05-29T18:20:33-03:00	OFF	gamemode is inactive 	P8	10	8	36	13.01	180.00	592	405	2393	4085	4580	performancex16	0.66	4331	11447	0.00	0.00	0.00
0	NA							
2026-05-29T18:20:38-03:00	OFF	gamemode is inactive 	P8	14	19	36	13.53	180.00	615	405	3649	4155	4581	performancex16	0.69	4411	11366	0.00	0.00	0.00
0	NA							
2026-05-29T18:20:43-03:00	OFF	gamemode is inactive 	P0	2	0	37	17.13	180.00	1620	14001	2393	3933	4525	performancex16	0.80	4434	11343	0.00	0.00	0.00
0	NA							
2026-05-29T18:20:49-03:00	OFF	gamemode is inactive 	P5	1	1	36	13.00	180.00	607	810	3656	4087	4579	performancex16	0.73	4362	11415	0.00	0.00	0.00
0	NA							
2026-05-29T18:20:54-03:00	OFF	gamemode is inactive 	P8	13	11	36	12.85	180.00	660	810	2393	3809	4575	performancex16	0.67	4277	11500	0.00	0.00	0.00
0	NA							
2026-05-29T18:20:59-03:00	OFF	gamemode is inactive 	P8	2	3	36	11.84	180.00	442	405	2393	3896	4575	performancex16	0.62	4226	11551	0.00	0.00	0.00
0	NA							
2026-05-29T18:21:04-03:00	OFF	gamemode is inactive 	P8	1	4	36	11.62	180.00	457	405	3658	4162	4575	performancex16	0.57	4186	11592	0.00	0.00	0.00
0	NA							
2026-05-29T18:21:09-03:00	OFF	gamemode is inactive 	P5	5	4	36	13.72	180.00	615	810	2393	4027	4575	performancex16	0.52	4197	11581	0.00	0.00	0.00
0	NA							
2026-05-29T18:21:14-03:00	OFF	gamemode is inactive 	P5	6	3	36	13.16	180.00	570	810	2393	3881	4576	performancex16	0.48	4206	11572	0.00	0.00	0.00
0	NA							
2026-05-29T18:21:19-03:00	OFF	gamemode is inactive 	P8	4	3	36	13.67	180.00	615	405	3609	4038	4525	performancex16	0.44	4229	11549	0.00	0.00	0.00
0	NA							
2026-05-29T18:21:24-03:00	OFF	gamemode is inactive 	P5	8	5	36	14.23	180.00	742	810	3644	4276	4575	performancex16	0.57	4277	11501	0.00	0.00	0.00
0	NA							
2026-05-29T18:21:29-03:00	OFF	gamemode is inactive 	P8	7	8	36	13.17	180.00	607	405	3644	4054	4568	performancex16	0.60	4313	11465	0.00	0.00	0.00
0	NA							
2026-05-29T18:21:35-03:00	OFF	gamemode is inactive 	P8	3	3	36	12.34	180.00	510	405	3616	4086	4525	performancex16	0.63	4333	11444	0.00	0.00	0.00
0	NA							
2026-05-29T18:21:40-03:00	OFF	gamemode is inactive 	P0	0	0	37	24.21	180.00	2617	14001	3646	3937	4577	performancex16	0.58	4374	11404	0.00	0.00	0.00
0	NA							
2026-05-29T18:21:45-03:00	OFF	gamemode is inactive 	P5	3	2	36	11.99	180.00	435	405	2393	3999	4550	performancex16	0.70	4477	11301	0.00	0.00	0.00
0	NA							
2026-05-29T18:21:50-03:00	OFF	gamemode is inactive 	P8	4	1	36	11.84	180.00	480	405	2393	3787	4551	performancex16	0.80	4269	11508	0.00	0.00	1.18
0	NA							
2026-05-29T18:21:55-03:00	OFF	gamemode is inactive 	P8	1	1	36	11.86	180.00	420	405	2393	3866	4525	performancex16	0.82	4550	11228	0.00	0.00	1.10
0	NA							
2026-05-29T18:22:00-03:00	OFF	gamemode is inactive 	P8	1	4	36	11.83	180.00	420	405	4250	4250	4250	performancex16	2.29	4712	11065	0.72	0.00	1.10
0	NA							
2026-05-29T18:22:05-03:00	OFF	gamemode is inactive 	P8	3	3	36	11.67	180.00	435	405	4250	4250	4250	performancex16	3.39	4595	11182	1.83	0.00	0.60
0	NA							
2026-05-29T18:22:11-03:00	OFF	gamemode is inactive 	P8	3	3	36	11.65	180.00	420	405	4225	4234	4250	performancex16	4.48	5289	10488	2.33	0.00	0.33
0	NA							
2026-05-29T18:22:16-03:00	OFF	gamemode is inactive 	P8	2	2	36	11.66	180.00	420	405	4225	4225	4225	performancex16	5.40	5141	10637	2.88	0.00	0.22
0	NA							
2026-05-29T18:22:21-03:00	OFF	gamemode is inactive 	P8	2	2	36	11.68	180.00	435	405	4225	4225	4225	performancex16	6.41	5275	10502	2.72	0.00	0.12
0	NA							
2026-05-29T18:22:26-03:00	OFF	gamemode is inactive 	P8	2	2	36	11.70	180.00	412	405	2393	3687	4500	performancex16	7.18	5025	10752	2.81	0.00	0.08
0	NA							
2026-05-29T18:22:32-03:00	OFF	gamemode is inactive 	P8	5	4	36	12.25	180.00	480	405	2393	4018	4375	performancex16	6.92	4524	11253	1.66	0.00	0.04
0	NA							
2026-05-29T18:22:37-03:00	OFF	gamemode is inactive 	P8	5	4	36	12.06	180.00	502	405	3595	4070	4505	performancex16	6.93	4343	11435	0.91	0.00	0.02
0	NA							
2026-05-29T18:22:42-03:00	OFF	gamemode is inactive 	P8	5	4	36	11.79	180.00	480	405	4337	4346	4350	performancex16	6.85	4657	11121	0.61	0.00	0.01
0	NA							
2026-05-29T18:22:47-03:00	OFF	gamemode is inactive 	P0	0	0	37	24.50	180.00	2617	14001	4150	4153	4164	performancex16	8.15	5708	10070	2.14	0.00	0.00
0	NA							
2026-05-29T18:22:52-03:00	OFF	gamemode is inactive 	P8	11	11	36	12.47	180.00	637	405	4250	4250	4250	performancex16	9.74	5861	9917	3.84	0.00	0.00
0	NA							
2026-05-29T18:22:58-03:00	OFF	gamemode is inactive 	P8	8	9	36	12.91	180.00	630	405	4225	4225	4225	performancex16	10.32	5934	9843	5.20	0.00	0.00
0	NA							
2026-05-29T18:23:03-03:00	OFF	gamemode is inactive 	P8	2	2	36	11.78	180.00	435	405	3603	4144	4512	performancex16	10.93	4910	10867	4.06	0.00	0.00
0	NA							
2026-05-29T18:23:08-03:00	OFF	gamemode is inactive 	P8	4	4	36	12.20	180.00	435	405	2393	3464	4550	performancex16	10.14	4394	11384	2.72	0.00	0.14
0	NA							
2026-05-29T18:23:13-03:00	OFF	gamemode is inactive 	P8	8	7	36	12.51	180.00	517	405	3587	4119	4500	performancex16	9.41	4486	11292	1.49	0.00	0.37
0	NA							
2026-05-29T18:23:18-03:00	OFF	gamemode is inactive 	P0	2	0	37	24.22	180.00	2617	14001	2393	3828	4573	performancex16	9.05	4335	11442	1.00	0.00	0.25
0	NA							
2026-05-29T18:23:23-03:00	OFF	gamemode is inactive 	P8	7	6	36	12.21	180.00	472	405	2393	3806	4549	performancex16	8.33	4234	11543	0.54	0.00	0.13
0	NA							
2026-05-29T18:23:28-03:00	OFF	gamemode is inactive 	P8	2	1	36	12.40	180.00	450	405	2393	3737	4561	performancex16	7.66	4218	11560	0.36	0.00	0.09
0	NA							
2026-05-29T18:23:33-03:00	OFF	gamemode is inactive 	P5	24	23	36	13.43	180.00	375	810	3628	4001	4550	performancex16	7.29	4245	11532	0.20	0.00	0.05
0	NA							
2026-05-29T18:23:39-03:00	OFF	gamemode is inactive 	P5	5	4	36	13.61	180.00	675	810	2393	4056	4552	performancex16	6.70	4291	11486	0.13	0.00	0.03
0	NA							
2026-05-29T18:23:44-03:00	OFF	gamemode is inactive 	P5	2	1	36	14.09	180.00	795	810	2393	3695	4575	performancex16	6.17	4317	11460	0.07	0.00	0.01
0	NA							
2026-05-29T18:23:49-03:00	OFF	gamemode is inactive 	P8	1	1	36	13.98	180.00	570	405	2393	3846	4468	performancex16	5.67	4318	11460	0.03	0.00	0.00
0	NA							
2026-05-29T18:23:54-03:00	OFF	gamemode is inactive 	P8	11	11	36	13.13	180.00	442	405	2393	4060	4571	performancex16	5.30	4356	11422	0.02	0.00	0.00
0	NA							
2026-05-29T18:23:59-03:00	OFF	gamemode is inactive 	P8	2	1	36	12.40	180.00	495	405	2393	3832	4575	performancex16	4.95	4372	11405	0.01	0.00	0.00
0	NA							
2026-05-29T18:24:04-03:00	OFF	gamemode is inactive 	P8	1	2	36	13.17	180.00	630	405	2393	3943	4575	performancex16	4.56	4305	11472	0.00	0.00	0.00
0	NA							
2026-05-29T18:24:09-03:00	OFF	gamemode is inactive 	P8	2	4	36	12.83	180.00	480	405	2393	3788	4575	performancex16	4.19	4201	11576	0.00	0.00	0.00
0	NA							
2026-05-29T18:24:14-03:00	OFF	gamemode is inactive 	P8	2	10	36	12.32	180.00	517	405	2393	3799	4576	performancex16	3.86	4192	11586	0.00	0.00	0.00
0	NA							
2026-05-29T18:24:19-03:00	OFF	gamemode is inactive 	P8	2	4	36	12.68	180.00	630	405	2393	3479	4575	performancex16	3.55	4190	11587	0.00	0.00	0.00
0	NA							
2026-05-29T18:24:25-03:00	OFF	gamemode is inactive 	P8	2	5	36	11.88	180.00	427	405	3611	4110	4532	performancex16	3.26	4197	11581	0.00	0.00	0.00
0	NA							
2026-05-29T18:24:30-03:00	OFF	gamemode is inactive 	P8	2	5	36	11.89	180.00	465	405	2393	3911	4575	performancex16	3.00	4197	11580	0.00	0.00	0.00
0	NA							
2026-05-29T18:24:35-03:00	OFF	gamemode is inactive 	P8	1	4	36	12.35	180.00	517	405	2393	3916	4601	performancex16	2.76	4191	11586	0.00	0.00	0.00
0	NA							
2026-05-29T18:24:40-03:00	OFF	gamemode is inactive 	P8	2	4	36	12.96	180.00	435	405	2393	3969	4576	performancex16	2.54	4193	11584	0.00	0.00	0.00
0	NA							
2026-05-29T18:24:45-03:00	OFF	gamemode is inactive 	P8	1	6	36	11.83	180.00	457	405	2393	3620	4575	performancex16	2.33	4188	11590	0.00	0.00	0.00
0	NA							
2026-05-29T18:24:50-03:00	OFF	gamemode is inactive 	P8	2	5	36	11.89	180.00	442	405	2393	3750	4330	performancex16	2.15	4194	11584	0.00	0.00	0.00
0	NA							
2026-05-29T18:24:55-03:00	OFF	gamemode is inactive 	P8	4	4	36	11.90	180.00	420	405	2393	3629	4575	performancex16	1.97	4260	11518	0.00	0.00	0.00
0	NA							
2026-05-29T18:25:00-03:00	OFF	gamemode is inactive 	P8	1	1	36	12.47	180.00	465	405	2393	3937	4575	performancex16	1.81	4238	11540	0.00	0.00	0.00
0	NA							
2026-05-29T18:25:06-03:00	OFF	gamemode is inactive 	P8	7	10	36	12.28	180.00	457	405	2393	3770	4478	performancex16	1.67	4231	11546	0.00	0.00	0.00
0	NA							
2026-05-29T18:25:11-03:00	OFF	gamemode is inactive 	P8	2	1	36	12.33	180.00	517	405	2393	3866	4524	performancex16	1.53	4192	11585	0.00	0.00	0.00
0	NA							
2026-05-29T18:25:16-03:00	OFF	gamemode is inactive 	P8	5	7	36	12.19	180.00	450	405	2393	3707	4575	performancex16	1.41	4202	11575	0.00	0.00	0.00
0	NA							
2026-05-29T18:25:21-03:00	OFF	gamemode is inactive 	P8	1	1	36	12.59	180.00	502	405	2393	3877	4575	performancex16	1.30	4316	11461	0.00	0.00	0.00
0	NA							
2026-05-29T18:25:26-03:00	OFF	gamemode is inactive 	P0	1	0	37	24.18	180.00	2617	14001	2393	3954	4575	performancex16	1.19	4341	11436	0.00	0.00	0.00
0	NA							
2026-05-29T18:25:31-03:00	OFF	gamemode is inactive 	P0	0	0	37	24.27	180.00	2625	14001	2393	3674	4578	performancex16	1.10	4414	11364	0.00	0.00	0.00
0	NA							
2026-05-29T18:25:36-03:00	OFF	gamemode is inactive 	P0	0	0	37	24.11	180.00	2617	14001	2393	3513	4575	performancex16	1.09	4583	11194	0.00	0.00	0.00
0	NA							
2026-05-29T18:25:41-03:00	OFF	gamemode is inactive 	P5	5	7	36	13.26	180.00	570	810	2393	4072	4575	performancex16	1.08	4595	11182	0.00	0.00	0.00
0	NA							
2026-05-29T18:25:46-03:00	OFF	gamemode is inactive 	P5	15	9	36	14.47	180.00	690	810	3654	3951	4575	performancex16	1.00	4584	11194	0.00	0.00	0.00
0	NA							
2026-05-29T18:25:51-03:00	OFF	gamemode is inactive 	P5	13	11	37	14.35	180.00	780	810	2393	3774	4550	performancex16	0.91	4511	11267	0.00	0.00	0.00
0	NA							
2026-05-29T18:25:57-03:00	OFF	gamemode is inactive 	P8	2	4	36	13.29	180.00	510	405	3638	3981	4552	performancex16	0.92	4478	11300	0.00	0.00	0.00
0	NA							
2026-05-29T18:26:02-03:00	OFF	gamemode is inactive 	P5	15	21	37	13.97	180.00	592	810	2393	3759	4575	performancex16	0.85	4453	11325	0.00	0.00	0.00
0	NA							
2026-05-29T18:26:07-03:00	OFF	gamemode is inactive 	P8	1	1	36	12.18	180.00	472	405	2393	4030	4550	performancex16	0.78	4451	11326	0.00	0.00	0.90
0	NA							
2026-05-29T18:26:12-03:00	OFF	gamemode is inactive 	P8	2	4	36	12.44	180.00	450	405	2393	3927	4539	performancex16	0.72	4494	11283	0.00	0.00	0.60
0	NA							
2026-05-29T18:26:17-03:00	OFF	gamemode is inactive 	P8	2	3	36	12.29	180.00	435	405	3612	4067	4538	performancex16	0.74	4546	11232	0.00	0.00	0.33
0	NA							
2026-05-29T18:26:22-03:00	OFF	gamemode is inactive 	P8	2	11	36	12.33	180.00	427	405	2393	3905	4525	performancex16	0.84	4572	11206	0.00	0.00	0.22
0	NA							
2026-05-29T18:26:27-03:00	OFF	gamemode is inactive 	P8	2	3	36	12.23	180.00	472	405	2393	3873	4575	performancex16	0.77	4507	11271	0.00	0.00	0.12
0	NA							
2026-05-29T18:26:32-03:00	OFF	gamemode is inactive 	P8	1	5	36	12.34	180.00	457	405	3655	4077	4575	performancex16	0.79	4470	11308	0.00	0.00	0.08
0	NA							
2026-05-29T18:26:38-03:00	OFF	gamemode is inactive 	P8	2	5	36	12.02	180.00	427	405	2393	3881	4575	performancex16	0.73	4278	11500	0.00	0.00	0.04
0	NA							
2026-05-29T18:26:43-03:00	OFF	gamemode is inactive 	P8	1	6	36	11.92	180.00	472	405	2393	3600	4584	performancex16	0.67	4279	11498	0.00	0.00	0.02
0	NA							
2026-05-29T18:26:48-03:00	OFF	gamemode is inactive 	P8	1	4	36	11.91	180.00	465	405	2393	3581	4575	performancex16	0.62	4274	11504	0.00	0.00	0.01
0	NA							
2026-05-29T18:26:53-03:00	OFF	gamemode is inactive 	P8	1	4	36	11.75	180.00	465	405	2393	3505	4575	performancex16	0.65	4293	11485	0.00	0.00	0.00
0	NA							
2026-05-29T18:26:58-03:00	OFF	gamemode is inactive 	P0	2	0	37	24.52	180.00	2625	14001	2393	3917	4568	performancex16	0.76	4294	11483	0.00	0.00	0.00
0	NA							
2026-05-29T18:27:03-03:00	OFF	gamemode is inactive 	P8	2	7	36	12.00	180.00	435	405	2393	3861	4575	performancex16	0.69	4261	11517	0.00	0.00	0.00
0	NA							
2026-05-29T18:27:08-03:00	OFF	gamemode is inactive 	P8	6	9	36	12.74	180.00	540	405	2393	3697	4575	performancex16	0.64	4268	11509	0.00	0.00	0.00
0	NA							
2026-05-29T18:27:13-03:00	OFF	gamemode is inactive 	P8	2	13	36	11.86	180.00	435	405	2393	3863	4512	performancex16	0.59	4270	11508	0.00	0.00	0.00
0	NA							
2026-05-29T18:27:18-03:00	OFF	gamemode is inactive 	P8	2	7	36	11.84	180.00	435	405	2393	4003	4574	performancex16	0.54	4247	11530	0.00	0.00	0.00
0	NA							
2026-05-29T18:27:24-03:00	OFF	gamemode is inactive 	P8	16	15	37	13.15	180.00	532	405	2393	3993	4569	performancex16	0.50	4306	11472	0.00	0.00	0.00
0	NA							
2026-05-29T18:27:29-03:00	OFF	gamemode is inactive 	P5	5	4	36	13.51	180.00	615	810	2393	3681	4574	performancex16	0.46	4342	11436	0.00	0.00	0.00
0	NA							
2026-05-29T18:27:34-03:00	OFF	gamemode is inactive 	P8	7	7	36	13.11	180.00	592	405	2393	3453	4575	performancex16	0.42	4361	11417	0.00	0.00	0.00
0	NA							
2026-05-29T18:27:39-03:00	OFF	gamemode is inactive 	P5	3	2	36	13.72	180.00	532	810	2393	3900	4491	performancex16	0.47	4383	11394	0.00	0.00	0.00
0	NA							
2026-05-29T18:27:44-03:00	OFF	gamemode is inactive 	P5	17	13	37	12.94	180.00	757	810	2393	3698	4553	performancex16	0.51	4396	11381	0.00	0.00	0.00
0	NA							
2026-05-29T18:27:49-03:00	OFF	gamemode is inactive 	P8	4	4	36	12.22	180.00	525	405	2393	3888	4575	performancex16	0.71	4247	11531	0.00	0.00	0.00
0	NA							
2026-05-29T18:27:54-03:00	OFF	gamemode is inactive 	P8	2	3	36	12.24	180.00	502	405	2393	3778	4575	performancex16	0.73	4242	11535	0.00	0.00	0.29
0	NA							
2026-05-29T18:27:59-03:00	OFF	gamemode is inactive 	P8	2	13	36	12.57	180.00	450	405	2393	3612	4253	performancex16	0.75	4228	11550	0.00	0.00	0.16
0	NA							
2026-05-29T18:28:04-03:00	OFF	gamemode is inactive 	P8	2	4	36	12.10	180.00	442	405	2393	3782	4542	performancex16	0.77	4211	11566	0.00	0.00	0.10
0	NA							
2026-05-29T18:28:10-03:00	OFF	gamemode is inactive 	P8	6	9	36	12.28	180.00	457	405	2393	3832	4575	performancex16	0.71	4207	11570	0.00	0.00	0.05
0	NA							
2026-05-29T18:28:15-03:00	OFF	gamemode is inactive 	P8	16	14	36	13.66	180.00	712	405	2393	4119	4575	performancex16	0.66	4275	11502	0.00	0.00	0.03
0	NA							
2026-05-29T18:28:20-03:00	OFF	gamemode is inactive 	P0	2	0	37	24.54	180.00	2625	14001	2393	3948	4575	performancex16	0.60	4276	11501	0.00	0.00	0.02
0	NA							
2026-05-29T18:28:25-03:00	OFF	gamemode is inactive 	P5	2	3	36	12.60	180.00	517	810	3643	4103	4575	performancex16	0.71	4276	11502	0.00	0.00	0.01
0	NA							
2026-05-29T18:28:30-03:00	OFF	gamemode is inactive 	P8	9	11	36	12.34	180.00	517	405	2393	3773	4575	performancex16	0.66	4288	11489	0.00	0.00	0.00
0	NA							
2026-05-29T18:28:35-03:00	OFF	gamemode is inactive 	P5	15	13	37	13.64	180.00	697	810	2393	3737	4575	performancex16	0.60	4353	11425	0.00	0.00	0.00
0	NA							
2026-05-29T18:28:40-03:00	OFF	gamemode is inactive 	P5	5	5	36	13.81	180.00	577	810	2393	3788	4575	performancex16	0.64	4340	11438	0.00	0.00	0.00
0	NA							
2026-05-29T18:28:45-03:00	OFF	gamemode is inactive 	P8	6	6	36	12.22	180.00	547	405	2393	3800	4575	performancex16	0.62	4351	11426	0.00	0.00	0.00
0	NA							
2026-05-29T18:28:50-03:00	OFF	gamemode is inactive 	P8	2	2	36	12.09	180.00	502	405	2393	3605	4503	performancex16	0.57	4255	11523	0.00	0.00	0.00
0	NA							
